price,make,model,year,body_type,fuel_type,engine_volume,mileage,engine_cylinders,transmission,drivetrain,color
3607,Ford,Escape,2011.0,SUV,Hybrid,2.5,104991.0,4.0,Automatic,AWD,White
39493,Hyundai,Santa Fe,2016.0,SUV,Diesel,2.0,99998.0,4.0,Automatic,FWD,White
59464,Hyundai,Santa Fe,2016.0,SUV,Diesel,2.0,47225.0,4.0,Automatic,FWD,White
549,Toyota,C-HR,2018.0,SUV,Petrol,2.0,46073.0,4.0,Automatic,FWD,White
7683,Hyundai,Elantra,2016.0,Sedan,Petrol,1.8,75708.0,4.0,Automatic,FWD,Blue
28382,Hyundai,Elantra,2016.0,Sedan,Petrol,1.8,33752.0,4.0,Automatic,FWD,White
20698,Toyota,Prius,2012.0,Sedan,Hybrid,1.8,116197.0,4.0,Automatic,FWD,White
17562,Toyota,Camry,2017.0,Sedan,Petrol,2.5,24675.0,4.0,Automatic,FWD,Black
23235,Hyundai,Santa Fe,2011.0,SUV,Diesel,2.0,100663.0,4.0,Automatic,FWD,Gray
51746,Toyota,C-HR,2019.0,SUV,Petrol,2.0,6338.0,4.0,Automatic,FWD,Red
45734,Hyundai,H1,2016.0,Wagon,Diesel,2.5,37940.0,4.0,Automatic,FWD,Black
15681,Toyota,Prius C,2012.0,Hatchback,Hybrid,1.5,79536.0,4.0,Automatic,FWD,Blue
55390,Hyundai,Santa Fe,2017.0,SUV,Diesel,2.0,62594.0,4.0,Automatic,FWD,Black
12544,Toyota,Aqua,2012.0,Hatchback,Hybrid,1.5,87924.0,4.0,Automatic,FWD,Black
34889,Honda,Civic,2016.0,Sedan,Petrol,2.0,54537.0,4.0,Automatic,FWD,Blue
34657,Hyundai,H1,2014.0,Van,Diesel,2.5,96109.0,4.0,Automatic,FWD,Silver
36564,Hyundai,H1,2016.0,Van,Diesel,2.5,68953.0,4.0,Automatic,FWD,Black
30063,Hyundai,H1,2015.0,Wagon,Diesel,2.5,92029.0,4.0,Automatic,FWD,Silver
43952,Hyundai,H1,2017.0,Wagon,Diesel,2.5,69372.0,4.0,Automatic,FWD,Gray
53154,Hyundai,Santa Fe,2016.0,SUV,Diesel,2.0,52510.0,4.0,Automatic,FWD,Silver
18189,Toyota,Prius,2012.0,Sedan,Petrol,1.8,108740.0,4.0,Automatic,FWD,Silver
21953,Toyota,Camry,2012.0,Sedan,Petrol,2.5,121201.0,4.0,Automatic,FWD,Black
36065,Hyundai,Santa Fe,2014.0,SUV,Diesel,2.0,42994.0,4.0,Automatic,FWD,White
6247,Chevrolet,Cruze,2010.0,Sedan,Petrol,1.8,25335.0,4.0,Automatic,FWD,Black
16289,Chevrolet,Orlando,2012.0,SUV,Diesel,2.0,106876.0,4.0,Automatic,FWD,Gray
549,Subaru,Forester,2012.0,SUV,Petrol,2.5,92096.0,4.0,Automatic,AWD,Blue
27284,Hyundai,Elantra,2016.0,Sedan,Petrol,2.0,65489.0,4.0,Automatic,FWD,Black
15458,Hyundai,Genesis,2009.0,Coupe,Petrol,2.0,76644.0,4.0,Automatic,FWD,Black
12858,Ford,Focus,2015.0,Sedan,Petrol,2.0,56670.0,4.0,Automatic,FWD,Blue
44752,Hyundai,H1,2016.0,Wagon,Diesel,2.5,53438.0,4.0,Automatic,FWD,Gray
14897,Hyundai,Santa Fe,2010.0,SUV,Diesel,2.0,36638.0,4.0,Automatic,FWD,White
23521,Toyota,Camry,2013.0,Sedan,Hybrid,2.5,55924.0,4.0,Automatic,FWD,White
16935,Ford,Fusion,2015.0,Sedan,Petrol,2.0,44400.0,4.0,Automatic,FWD,Black
51965,Hyundai,Santa Fe,2016.0,SUV,Diesel,2.0,36981.0,4.0,Automatic,FWD,Blue
706,Toyota,Camry,2014.0,Sedan,Hybrid,2.5,71652.0,4.0,Automatic,FWD,Gray
13328,Hyundai,H1,2008.0,Van,Diesel,2.5,46258.0,4.0,Automatic,FWD,Gold
17876,Nissan,Serena,2012.0,Van,Petrol,2.0,88857.0,4.0,Automatic,FWD,White
22894,Hyundai,H1,2011.0,Van,Diesel,2.5,77326.0,4.0,Automatic,FWD,Gold
2901,Honda,Civic,2012.0,Sedan,Hybrid,1.5,90971.0,4.0,Automatic,FWD,White
22580,Mercedes-Benz,E-Class,2017.0,Sedan,Petrol,2.0,31647.0,4.0,Automatic,RWD,Black
18817,Toyota,Camry,2018.0,Sedan,Hybrid,2.5,21785.0,4.0,Automatic,FWD,White
21169,Honda,other,2015.0,SUV,Petrol,1.8,20711.0,4.0,Automatic,AWD,Gray
1568,Volkswagen,Jetta,2014.0,Sedan,Diesel,2.0,51196.0,4.0,Automatic,FWD,Silver
17876,Hyundai,Elantra,2013.0,Sedan,Petrol,1.8,73273.0,4.0,Automatic,FWD,Gray
862,Toyota,Camry,2014.0,Sedan,Hybrid,2.5,81076.0,4.0,Automatic,FWD,White
21395,Hyundai,H1,2012.0,Wagon,Diesel,2.5,103238.0,4.0,Automatic,FWD,Silver
40070,Toyota,Aqua,2016.0,Hatchback,Petrol,1.5,16036.0,4.0,Automatic,FWD,Black
21012,Toyota,Prius,2014.0,Sedan,Hybrid,1.8,99420.0,4.0,Automatic,AWD,White
15624,Hyundai,Genesis,2011.0,Coupe,Petrol,2.0,66490.0,4.0,Automatic,FWD,Gray
36110,Volkswagen,Passat,2017.0,Sedan,Petrol,1.8,17230.0,6.0,Automatic,FWD,Silver
43880,Hyundai,Santa Fe,2016.0,SUV,Diesel,2.0,70650.0,4.0,Automatic,FWD,Silver
17249,Toyota,Camry,2011.0,Sedan,Hybrid,2.5,94449.0,4.0,Automatic,FWD,White
9408,Toyota,Vitz,2003.0,Wagon,Petrol,1.5,113044.0,4.0,Automatic,AWD,Silver
44213,Hyundai,Santa Fe,2016.0,SUV,Diesel,2.0,31227.0,4.0,Automatic,FWD,Red
56450,Toyota,Camry,2018.0,Sedan,Petrol,2.5,15535.0,4.0,Automatic,FWD,Blue
1490,Volkswagen,Jetta,2014.0,Wagon,Diesel,2.0,70348.0,4.0,Automatic,FWD,Gray
25716,Toyota,Camry,2014.0,Sedan,Petrol,2.5,71582.0,4.0,Automatic,FWD,Silver
14426,Chevrolet,Orlando,2012.0,SUV,Petrol,2.0,82044.0,4.0,Automatic,FWD,White
10820,Toyota,RAV4,2001.0,SUV,Petrol,2.0,56545.0,4.0,Automatic,AWD,Silver
41281,Hyundai,Santa Fe,2015.0,SUV,Diesel,2.0,115458.0,4.0,Automatic,FWD,Black
6586,Lexus,CT 200h,2011.0,Hatchback,Hybrid,1.8,75995.0,4.0,Automatic,FWD,Black
12544,Toyota,Prius,2007.0,Hatchback,Hybrid,1.5,86992.0,4.0,Automatic,FWD,Beige
30063,Hyundai,Tucson,2014.0,SUV,Diesel,2.0,74565.0,4.0,Automatic,FWD,White
36692,Toyota,RAV4,2013.0,SUV,Petrol,2.5,74565.0,4.0,Automatic,FWD,White
12231,Toyota,Aqua,2014.0,Hatchback,Hybrid,1.5,41011.0,4.0,Automatic,FWD,Silver
26594,Hyundai,H1,2014.0,Van,Diesel,2.5,111796.0,4.0,Automatic,FWD,Silver
36065,Toyota,Avalon,2013.0,Sedan,Hybrid,2.5,57291.0,4.0,Automatic,FWD,Beige
14000,Hyundai,Elantra,2013.0,Sedan,Petrol,1.8,31069.0,4.0,Automatic,FWD,Gray
7527,Volkswagen,Passat,2013.0,Sedan,Diesel,2.0,82214.0,4.0,Automatic,FWD,Gray
3450,Toyota,Camry,2017.0,Sedan,Petrol,2.5,37756.0,4.0,Automatic,FWD,White
22063,Hyundai,Tucson,2010.0,SUV,Diesel,2.0,88399.0,4.0,Automatic,FWD,White
2901,Honda,Civic,2012.0,Sedan,Hybrid,1.5,90971.0,4.0,Automatic,FWD,White
16900,Honda,Fit,2013.0,Hatchback,Petrol,1.5,43496.0,4.0,Automatic,FWD,Blue
18189,Nissan,Rogue,2010.0,SUV,Petrol,2.5,75808.0,4.0,Automatic,AWD,Silver
5331,Mazda,MPV,2000.0,Van,Petrol,2.5,78915.0,4.0,Automatic,FWD,Green
42651,Mercedes-Benz,GLA,2017.0,SUV,Petrol,2.0,27959.0,4.0,Automatic,AWD,Black
15524,Toyota,Prius,2012.0,Hatchback,Hybrid,1.8,76009.0,4.0,Automatic,FWD,Red
862,Ford,Fusion,2014.0,Sedan,Hybrid,2.0,115605.0,4.0,Automatic,FWD,Black
14426,Hyundai,Sonata,2014.0,Sedan,Petrol,2.0,105027.0,4.0,Automatic,FWD,White
22580,Toyota,Camry,2013.0,Sedan,Petrol,2.5,97348.0,4.0,Automatic,FWD,Black
1333,Ford,Fusion,2016.0,Sedan,Petrol,2.5,96220.0,4.0,Automatic,FWD,Black
68223,Hyundai,H1,2018.0,Wagon,Diesel,2.5,17030.0,4.0,Automatic,FWD,Gold
7683,Nissan,Tiida,2006.0,Sedan,Petrol,1.8,124275.0,4.0,Automatic,FWD,Silver
49858,Hyundai,Tucson,2019.0,SUV,Diesel,2.0,29826.0,4.0,Automatic,FWD,White
51075,Hyundai,Tucson,2017.0,SUV,Diesel,2.0,25352.0,4.0,Automatic,FWD,White
15241,Hyundai,Genesis,2011.0,Coupe,Petrol,2.0,73007.0,4.0,Automatic,FWD,Gray
2587,Ford,Fusion,2015.0,Sedan,Hybrid,2.0,55175.0,4.0,Automatic,FWD,Black
15524,Hyundai,H1,2008.0,Van,Diesel,2.5,35275.0,4.0,Automatic,FWD,Silver
4861,Toyota,Camry,2013.0,Sedan,Hybrid,2.5,85042.0,4.0,Automatic,FWD,Blue
549,Hyundai,Sonata,2017.0,Sedan,Hybrid,2.0,66728.0,4.0,Automatic,FWD,Silver
34497,Toyota,RAV4,2013.0,SUV,Petrol,2.5,40607.0,4.0,Automatic,FWD,White
4924,Chevrolet,Captiva,2007.0,SUV,Diesel,2.0,114285.0,4.0,Automatic,FWD,Silver
43576,Hyundai,H1,2016.0,Wagon,Diesel,2.5,60354.0,4.0,Automatic,FWD,Silver
7840,Mercedes-Benz,C-Class,2001.0,Sedan,Petrol,2.0,86992.0,4.0,Manual,RWD,Black
28225,Toyota,C-HR,2018.0,SUV,Petrol,2.0,14913.0,4.0,Automatic,FWD,Gray
4861,Ford,Fusion,2015.0,Sedan,Hybrid,2.0,92404.0,4.0,Automatic,FWD,Red
39201,Toyota,Camry,2015.0,Sedan,Hybrid,2.5,21748.0,4.0,Automatic,FWD,Gray
46414,Toyota,Avalon,2015.0,Sedan,Hybrid,2.5,39548.0,4.0,Automatic,FWD,White
1176,Mitsubishi,Colt,2014.0,Hatchback,Petrol,2.0,84901.0,4.0,Automatic,FWD,Silver
12231,Hyundai,Elantra,2013.0,Coupe,Petrol,1.8,47846.0,6.0,Manual,FWD,Beige
5802,Toyota,Prius,2007.0,Hatchback,Hybrid,1.5,86992.0,4.0,Automatic,FWD,Green
1882,Toyota,Prius,2017.0,Sedan,Hybrid,1.8,29622.0,4.0,Automatic,FWD,White
27284,Toyota,Camry,2014.0,Sedan,Petrol,2.5,32312.0,4.0,Automatic,FWD,Black
21639,Subaru,Forester,2016.0,SUV,Petrol,2.5,21127.0,4.0,Automatic,AWD,White
7840,Mercedes-Benz,E-Class,1998.0,Sedan,Petrol,2.0,111849.0,4.0,Manual,RWD,Black
24198,Hyundai,Tucson,2013.0,SUV,Diesel,2.0,77051.0,4.0,Automatic,FWD,Silver
25365,Honda,Fit,2013.0,Hatchback,Petrol,1.5,21551.0,4.0,Automatic,FWD,Gray
17249,Toyota,Prius,2012.0,Sedan,Hybrid,1.8,13919.0,4.0,Automatic,FWD,White
12720,Chevrolet,Cruze,2011.0,Sedan,Petrol,1.8,84357.0,4.0,Automatic,FWD,Gray
26372,Hyundai,Tucson,2013.0,SUV,Diesel,2.0,74897.0,4.0,Automatic,FWD,Silver
627,Toyota,C-HR,2019.0,SUV,Petrol,2.0,15124.0,4.0,Automatic,FWD,Blue
9565,Hyundai,Sonata,2015.0,Sedan,Petrol,2.0,26098.0,4.0,Automatic,FWD,Orange
24302,Chevrolet,Malibu,2015.0,Sedan,Diesel,2.0,37667.0,4.0,Automatic,FWD,Black
1960,Nissan,Altima,2014.0,Sedan,Petrol,2.5,79485.0,4.0,Automatic,FWD,Red
24148,Toyota,Prius,2013.0,Hatchback,Hybrid,1.8,73322.0,4.0,Automatic,FWD,Blue
18817,Hyundai,Elantra,2015.0,Sedan,Petrol,1.8,52817.0,4.0,Automatic,FWD,Black
10349,Lexus,CT 200h,2014.0,Hatchback,Hybrid,1.8,82371.0,4.0,Automatic,FWD,Red
25089,Toyota,Camry,2013.0,Sedan,Petrol,2.5,82519.0,6.0,Automatic,RWD,Blue
18669,Hyundai,H1,2011.0,Van,Diesel,2.5,32738.0,4.0,Automatic,FWD,Silver
10660,Honda,Fit,2014.0,Hatchback,Hybrid,1.5,47551.0,4.0,Automatic,FWD,Blue
37000,Hyundai,Tucson,2016.0,SUV,Diesel,2.0,49710.0,4.0,Automatic,FWD,Silver
22649,Hyundai,Tucson,2011.0,SUV,Diesel,2.0,88235.0,4.0,Automatic,FWD,White
16590,Hyundai,H1,2011.0,Van,Diesel,2.5,26356.0,4.0,Automatic,FWD,White
31988,Toyota,Camry,2014.0,Sedan,Hybrid,2.5,31690.0,4.0,Automatic,FWD,Gray
21012,Toyota,Camry,2015.0,Sedan,Hybrid,2.5,55303.0,4.0,Automatic,FWD,Silver
10663,Honda,Fit,2014.0,Hatchback,Hybrid,1.5,70837.0,4.0,Automatic,FWD,White
40769,Toyota,RAV4,2017.0,SUV,Petrol,2.5,47225.0,4.0,Automatic,AWD,Black
14113,Volkswagen,Jetta,2011.0,Sedan,Petrol,2.5,97431.0,4.0,Automatic,FWD,Blue
12777,Hyundai,Sonata,2013.0,Sedan,Petrol,2.0,101009.0,4.0,Automatic,FWD,Black
18817,Toyota,Prius C,2013.0,Hatchback,Hybrid,1.5,80779.0,4.0,Automatic,FWD,Red
23521,Toyota,Camry,2012.0,Sedan,Hybrid,2.5,51574.0,4.0,Automatic,FWD,Silver
11133,Toyota,Camry,2014.0,Sedan,Hybrid,2.5,111463.0,4.0,Automatic,FWD,Black
7495,Chevrolet,Captiva,2008.0,SUV,Diesel,2.0,44420.0,4.0,Automatic,FWD,Black
4861,Lexus,CT 200h,2011.0,Hatchback,Hybrid,1.8,59397.0,4.0,Automatic,FWD,White
13485,Hyundai,Sonata,2015.0,Sedan,Petrol,2.0,44968.0,4.0,Automatic,FWD,Silver
3000,Subaru,Outback,2003.0,Van,Petrol,2.5,622.0,6.0,Automatic,AWD,Blue
627,Lexus,CT 200h,2012.0,Hatchback,Hybrid,1.8,119728.0,4.0,Automatic,FWD,White
14009,Toyota,Aqua,2015.0,Hatchback,Petrol,1.5,85346.0,4.0,Automatic,FWD,Silver
8311,Mercedes-Benz,GLA,2016.0,SUV,Petrol,2.0,68075.0,4.0,Automatic,FWD,White
23521,Toyota,Corolla,2014.0,Sedan,Petrol,1.8,24855.0,4.0,Automatic,FWD,Green
80911,Hyundai,H1,2019.0,Van,Diesel,2.5,15871.0,4.0,Automatic,FWD,Black
19369,Hyundai,Genesis,2011.0,Coupe,Petrol,2.0,95475.0,4.0,Automatic,FWD,Red
25299,Hyundai,Tucson,2012.0,SUV,Diesel,2.0,99420.0,4.0,Automatic,FWD,Gray
18817,Toyota,Prius,2011.0,Sedan,Hybrid,1.8,99420.0,4.0,Automatic,FWD,Silver
61499,Hyundai,Tucson,2019.0,SUV,Diesel,2.0,757.0,4.0,Automatic,FWD,Blue
9879,Toyota,Aqua,2013.0,Hatchback,Hybrid,1.5,85128.0,4.0,Automatic,FWD,Silver
17249,Toyota,Prius,2011.0,Hatchback,Hybrid,1.8,87614.0,4.0,Automatic,FWD,Gray
51225,Hyundai,Sonata,2017.0,Sedan,Petrol,2.0,36297.0,4.0,Automatic,FWD,Silver
49798,Hyundai,Santa Fe,2015.0,SUV,Diesel,2.0,58133.0,4.0,Automatic,FWD,White
17249,Hyundai,Elantra,2013.0,Sedan,Petrol,1.8,40265.0,4.0,Automatic,FWD,Black
627,Hyundai,Elantra,2018.0,Sedan,Petrol,2.0,29388.0,4.0,Automatic,FWD,Black
15367,Toyota,Prius,2009.0,Hatchback,Hybrid,1.8,108119.0,4.0,Automatic,FWD,Blue
5600,BMW,3 Series,1996.0,Sedan,Petrol,1.8,622.0,4.0,Manual,RWD,Gray
36827,Hyundai,H1,2017.0,Wagon,Diesel,2.5,85128.0,4.0,Automatic,FWD,White
18688,Hyundai,Santa Fe,2011.0,SUV,Diesel,2.0,88960.0,4.0,Automatic,FWD,Gray
11917,Chevrolet,Orlando,2012.0,SUV,Diesel,2.0,49554.0,4.0,Automatic,FWD,Silver
18817,Toyota,Camry,2018.0,Sedan,Hybrid,2.5,21785.0,4.0,Automatic,FWD,White
13808,Hyundai,Sonata,2016.0,Sedan,Petrol,2.0,23741.0,4.0,Automatic,FWD,White
16151,Toyota,Prius,2012.0,Hatchback,Hybrid,1.8,68966.0,4.0,Automatic,FWD,Silver
22947,Hyundai,Tucson,2010.0,SUV,Diesel,2.0,106469.0,4.0,Automatic,FWD,Gray
7840,Lexus,CT 200h,2013.0,Hatchback,Hybrid,1.8,41004.0,4.0,Automatic,FWD,Silver
25089,Toyota,Camry,2014.0,Sedan,Petrol,2.5,77672.0,4.0,Automatic,FWD,Gray
5488,Toyota,Camry,2014.0,Sedan,Hybrid,2.5,68226.0,4.0,Automatic,FWD,White
1725,Hyundai,Elantra,2014.0,Sedan,Petrol,1.8,66584.0,4.0,Automatic,FWD,Black
549,Hyundai,Elantra,2014.0,Sedan,Petrol,1.8,87043.0,4.0,Automatic,FWD,Black
10976,Toyota,Corolla,2014.0,Sedan,Hybrid,1.5,62138.0,4.0,Automatic,FWD,Silver
21285,Toyota,Aqua,2013.0,Hatchback,Petrol,1.5,32622.0,4.0,Automatic,FWD,Blue
862,Ford,Fusion,2014.0,Sedan,Hybrid,2.0,115605.0,4.0,Automatic,FWD,Black
19130,Audi,A4,2010.0,Sedan,Petrol,2.0,104391.0,4.0,Automatic,AWD,Silver
8781,Toyota,Prius C,2012.0,Hatchback,Hybrid,1.5,108740.0,4.0,Automatic,FWD,Black
706,Toyota,Prius,2013.0,Hatchback,Hybrid,1.8,65448.0,4.0,Automatic,FWD,White
22580,Toyota,Prius,2014.0,Sedan,Hybrid,1.8,99420.0,4.0,Automatic,FWD,Black
4861,Toyota,Camry,2013.0,Sedan,Hybrid,2.5,85042.0,4.0,Automatic,FWD,Blue
1800,Volkswagen,Golf,1998.0,Hatchback,Petrol,1.8,18642.0,4.0,Automatic,FWD,Red
4861,Ford,Fusion,2014.0,Sedan,Hybrid,2.0,85332.0,4.0,Automatic,FWD,Silver
17876,Toyota,C-HR,2019.0,SUV,Petrol,2.0,12408.0,4.0,Automatic,FWD,White
15257,Hyundai,Sonata,2011.0,Sedan,Petrol,2.0,101516.0,4.0,Automatic,FWD,Gray
10976,Nissan,X-Trail,2004.0,SUV,Petrol,2.0,75718.0,4.0,Automatic,AWD,Beige
22825,Chevrolet,Orlando,2012.0,SUV,Diesel,2.0,85397.0,4.0,Automatic,FWD,White
16935,Lexus,CT 200h,2015.0,Hatchback,Hybrid,1.8,58999.0,4.0,Automatic,FWD,White
9565,Honda,Civic,2017.0,Sedan,Petrol,1.5,36215.0,4.0,Automatic,FWD,White
12544,Volkswagen,Jetta,2010.0,Sedan,Petrol,2.5,68351.0,4.0,Automatic,FWD,Silver
44247,Hyundai,Santa Fe,2015.0,SUV,Diesel,2.0,95666.0,4.0,Automatic,FWD,White
11917,Toyota,Prius,2008.0,Sedan,Hybrid,1.8,124275.0,4.0,Automatic,FWD,Gray
9408,Toyota,Prius,2007.0,Hatchback,Hybrid,1.5,70215.0,4.0,Automatic,FWD,Blue
23834,Toyota,Corolla,2016.0,Hatchback,Petrol,1.8,63691.0,4.0,Automatic,FWD,White
22894,Toyota,Camry,2013.0,Sedan,Petrol,2.5,62759.0,4.0,Automatic,FWD,Black
18189,Hyundai,Elantra,2012.0,Sedan,Petrol,1.8,84507.0,4.0,Automatic,FWD,Black
10976,Honda,Fit,2014.0,Hatchback,Hybrid,1.5,75186.0,4.0,Automatic,FWD,Silver
40769,Toyota,RAV4,2016.0,SUV,Petrol,2.5,61641.0,4.0,Automatic,AWD,Black
7840,Mercedes-Benz,C-Class,2000.0,Sedan,Petrol,2.0,84507.0,4.0,Automatic,RWD,Blue
51746,Toyota,RAV4,2017.0,SUV,Petrol,2.5,21409.0,4.0,Automatic,FWD,Red
14081,Hyundai,H1,2010.0,Van,Diesel,2.5,77579.0,4.0,Automatic,FWD,White
706,Audi,A4,2014.0,Sedan,Petrol,2.0,100682.0,4.0,Automatic,FWD,Black
14740,Toyota,Prius,2011.0,Hatchback,Hybrid,1.8,100041.0,4.0,Automatic,FWD,Blue
59586,Toyota,RAV4,2017.0,SUV,Petrol,2.5,19884.0,6.0,Automatic,FWD,White
18817,Toyota,Prius,2016.0,Sedan,Hybrid,1.8,49710.0,4.0,Automatic,FWD,Gray
45376,Hyundai,Santa Fe,2016.0,SUV,Diesel,2.0,68007.0,4.0,Automatic,FWD,White
15681,Toyota,RAV4,2002.0,SUV,Petrol,2.0,86992.0,4.0,Manual,AWD,Silver
6800,BMW,5 Series,2000.0,Sedan,Petrol,2.5,97556.0,6.0,Manual,RWD,Blue
44247,Hyundai,H1,2016.0,Wagon,Diesel,2.5,32207.0,4.0,Automatic,FWD,Gray
7213,Mitsubishi,Pajero iO,1998.0,SUV,Petrol,1.8,124275.0,4.0,Automatic,AWD,Silver
6586,Audi,A4,2014.0,Sedan,Petrol,2.0,76827.0,4.0,Automatic,AWD,Blue
47042,Audi,Q5,2017.0,SUV,Petrol,2.0,46719.0,4.0,Automatic,AWD,Black
2666,Hyundai,Elantra,2013.0,Coupe,Petrol,1.8,55900.0,4.0,Automatic,FWD,Blue
87497,Toyota,Camry,2019.0,Sedan,Petrol,2.5,15535.0,4.0,Automatic,FWD,White
5018,Toyota,Camry,2013.0,Sedan,Hybrid,2.5,118402.0,4.0,Automatic,FWD,Black
5018,Toyota,Camry,2013.0,Sedan,Hybrid,2.5,118402.0,4.0,Automatic,FWD,Black
14113,Ford,Focus,2012.0,Hatchback,Petrol,2.0,1251.0,4.0,Automatic,FWD,Black
17249,Hyundai,Sonata,2011.0,Sedan,Petrol,2.0,44739.0,4.0,Automatic,FWD,Silver
36235,Honda,Civic,2013.0,Sedan,Petrol,1.8,54060.0,4.0,Automatic,FWD,Blue
21699,Chevrolet,Malibu,2012.0,Sedan,Petrol,2.0,40393.0,4.0,Automatic,FWD,Silver
25299,Hyundai,Tucson,2011.0,SUV,Diesel,2.0,83458.0,4.0,Automatic,FWD,Black
19124,Honda,Fit,2013.0,Hatchback,Hybrid,1.5,58720.0,4.0,Automatic,FWD,Red
7213,BMW,5 Series,1998.0,Sedan,Petrol,2.5,62138.0,6.0,Manual,RWD,Silver
11917,Chevrolet,Captiva,2010.0,SUV,Diesel,2.0,38048.0,4.0,Automatic,FWD,White
18503,Hyundai,Elantra,2013.0,Sedan,Petrol,1.8,72701.0,4.0,Automatic,FWD,Gray
14113,Toyota,Aqua,2012.0,Hatchback,Hybrid,1.5,69042.0,4.0,Automatic,FWD,Green
1019,Mercedes-Benz,GLA,2015.0,SUV,Petrol,2.0,23480.0,4.0,Automatic,AWD,White
5488,Hyundai,Elantra,2019.0,Sedan,Petrol,2.0,18328.0,4.0,Automatic,FWD,Black
18817,Toyota,Prius,2012.0,Hatchback,Hybrid,1.8,622.0,4.0,Automatic,FWD,Gray
7997,Volkswagen,Jetta,2003.0,Sedan,Petrol,2.0,85128.0,4.0,Manual,FWD,Black
38888,Toyota,RAV4,2017.0,SUV,Petrol,2.5,31069.0,4.0,Automatic,AWD,Gray
17092,Hyundai,Elantra,2016.0,Sedan,Petrol,2.0,44668.0,4.0,Automatic,FWD,Silver
34497,Nissan,Rogue,2017.0,SUV,Petrol,2.0,14913.0,6.0,Automatic,FWD,White
14426,Hyundai,Elantra,2011.0,Sedan,Petrol,1.8,121292.0,4.0,Automatic,FWD,White
6144,Chevrolet,Captiva,2007.0,SUV,Diesel,2.0,42300.0,4.0,Automatic,FWD,Silver
1333,Ford,Focus,2018.0,Sedan,Petrol,2.0,66900.0,4.0,Automatic,FWD,Black
1960,Lexus,ES 350,2013.0,Sedan,Hybrid,2.5,54651.0,4.0,Automatic,FWD,Silver
26030,Chevrolet,Volt,2017.0,Hatchback,Hybrid,1.5,32350.0,4.0,Automatic,FWD,Blue
8781,Toyota,Ist,2002.0,Hatchback,Petrol,1.5,72701.0,4.0,Automatic,AWD,Red
8624,Chevrolet,Cruze,2012.0,Sedan,Diesel,2.0,38929.0,4.0,Automatic,FWD,White
21953,Hyundai,Elantra,2016.0,Sedan,Petrol,1.8,48219.0,4.0,Automatic,FWD,White
15681,Ford,Focus,2015.0,Sedan,Petrol,2.0,55924.0,4.0,Automatic,FWD,Gray
21181,Hyundai,Tucson,2010.0,SUV,Diesel,2.0,104469.0,4.0,Automatic,FWD,Silver
31581,Hyundai,H1,2014.0,Van,Diesel,2.5,60207.0,4.0,Automatic,FWD,Silver
20385,Toyota,Prius,2013.0,Hatchback,Hybrid,1.8,83712.0,4.0,Automatic,FWD,Blue
2822,Toyota,Corolla,2019.0,Sedan,Petrol,1.8,24392.0,4.0,Automatic,FWD,White
16283,Hyundai,Sonata,2016.0,Sedan,Petrol,2.0,34316.0,4.0,Automatic,FWD,Black
27654,Hyundai,Tucson,2010.0,SUV,Diesel,2.0,52291.0,4.0,Automatic,FWD,Black
16123,Hyundai,Genesis,2010.0,Coupe,Petrol,2.0,76545.0,4.0,Automatic,FWD,Black
7683,Nissan,Tiida,2005.0,Sedan,Petrol,1.5,13049.0,4.0,Automatic,FWD,White
15681,Toyota,Corolla,2013.0,Sedan,Petrol,1.8,82519.0,4.0,Automatic,FWD,White
13642,Hyundai,H1,2009.0,Van,Diesel,2.5,46995.0,4.0,Automatic,FWD,Silver
17249,Hyundai,Elantra,2015.0,Sedan,Petrol,1.8,52376.0,4.0,Automatic,FWD,Black
11604,Ford,Focus,2012.0,Sedan,Petrol,2.0,42254.0,4.0,Automatic,FWD,White
10663,Hyundai,H1,2009.0,Van,Diesel,2.5,52967.0,4.0,Automatic,FWD,White
20278,Chevrolet,Malibu,2013.0,Sedan,Petrol,2.0,97348.0,4.0,Automatic,FWD,Black
15367,Nissan,Rogue,2010.0,SUV,Petrol,2.5,93206.0,4.0,Automatic,FWD,Black
15524,Hyundai,Tucson,2013.0,SUV,Diesel,2.0,32500.0,4.0,Automatic,FWD,Silver
34607,Hyundai,H1,2014.0,Van,Diesel,2.5,16778.0,4.0,Automatic,FWD,Silver
14113,Toyota,Prius,2010.0,Hatchback,Hybrid,1.8,105012.0,4.0,Automatic,FWD,Silver
10506,Toyota,Aqua,2014.0,Sedan,Hybrid,1.5,54060.0,4.0,Automatic,FWD,White
18189,BMW,3 Series,2012.0,Sedan,Petrol,2.0,88330.0,4.0,Automatic,RWD,Black
16308,Audi,other,2016.0,SUV,Petrol,2.0,1067.0,4.0,Automatic,AWD,Black
44558,Hyundai,Santa Fe,2016.0,SUV,Diesel,2.0,74774.0,4.0,Automatic,FWD,Black
38445,Hyundai,Tucson,2016.0,SUV,Diesel,2.0,58756.0,4.0,Automatic,FWD,White
9722,Nissan,Tiida,2005.0,Hatchback,Petrol,1.5,60273.0,4.0,Automatic,FWD,Silver
9722,Toyota,Aqua,2012.0,Hatchback,Hybrid,1.5,66487.0,4.0,Automatic,FWD,Blue
43905,Toyota,RAV4,2016.0,SUV,Petrol,2.5,41632.0,4.0,Automatic,AWD,White
15173,Chevrolet,Cruze,2011.0,Sedan,Petrol,1.8,67668.0,4.0,Automatic,FWD,Gray
15681,Ford,Focus,2012.0,Hatchback,Petrol,2.0,119304.0,4.0,Automatic,FWD,White
11917,BMW,3 Series,2003.0,Sedan,Petrol,2.0,85097.0,4.0,Automatic,RWD,Red
25669,Toyota,Aqua,2013.0,Hatchback,Petrol,1.5,65244.0,4.0,Automatic,FWD,Black
9565,Honda,other,2017.0,SUV,Petrol,1.8,58620.0,4.0,Automatic,AWD,White
37580,Hyundai,Santa Fe,2015.0,SUV,Diesel,2.0,59155.0,4.0,Automatic,FWD,Gray
42369,Hyundai,Sonata,2015.0,Sedan,Petrol,2.0,37472.0,4.0,Automatic,FWD,Black
15681,Hyundai,Sonata,2016.0,Sedan,Petrol,2.0,121436.0,4.0,Automatic,FWD,Silver
16308,Volkswagen,Jetta,2013.0,Sedan,Petrol,2.0,58658.0,4.0,Automatic,FWD,Black
3293,Mazda,CX-9,2016.0,Sedan,Petrol,2.5,96227.0,4.0,Automatic,AWD,Red
30000,Nissan,X-Trail,2018.0,Pickup,Petrol,2.5,11679.0,12.0,Automatic,AWD,Black
31913,Hyundai,Santa Fe,2013.0,SUV,Diesel,2.0,50181.0,4.0,Automatic,FWD,Silver
2587,Honda,Accord,2019.0,Coupe,Petrol,1.5,10356.0,4.0,Automatic,FWD,Black
15681,Volkswagen,Passat,2012.0,Sedan,Petrol,2.5,95692.0,5.0,Automatic,FWD,Silver
57030,Toyota,Aqua,2018.0,Hatchback,Petrol,1.5,3107.0,4.0,Automatic,FWD,Green
14009,Toyota,Aqua,2012.0,Hatchback,Hybrid,1.5,74919.0,4.0,Automatic,FWD,Blue
2195,Toyota,C-HR,2018.0,SUV,Petrol,2.0,14178.0,4.0,Automatic,FWD,Gray
48575,Hyundai,Sonata,2017.0,Sedan,Petrol,2.0,40173.0,4.0,Automatic,FWD,Black
15367,Hyundai,Tucson,2011.0,SUV,Diesel,2.0,45563.0,4.0,Automatic,FWD,Silver
52696,Hyundai,Sonata,2016.0,Sedan,Petrol,2.0,29852.0,4.0,Automatic,FWD,White
15367,Toyota,Prius,2010.0,Sedan,Hybrid,1.8,91342.0,4.0,Automatic,FWD,Black
14426,Ford,Transit,1999.0,Van,Diesel,2.5,76429.0,4.0,Manual,RWD,White
19757,Hyundai,Elantra,2016.0,Sedan,Petrol,1.8,70588.0,4.0,Automatic,FWD,Gray
12858,Toyota,Prius,2007.0,Hatchback,Hybrid,1.5,109362.0,4.0,Automatic,FWD,Black
11290,Nissan,Tiida,2012.0,Sedan,Petrol,1.8,37283.0,4.0,Automatic,FWD,Silver
44711,Hyundai,Santa Fe,2016.0,SUV,Diesel,2.0,91026.0,4.0,Automatic,FWD,Black
2666,Ford,Fusion,2015.0,Sedan,Hybrid,2.0,62602.0,4.0,Automatic,FWD,Green
19610,Hyundai,Genesis,2010.0,Coupe,Petrol,2.0,64637.0,4.0,Automatic,FWD,White
21326,Lexus,CT 200h,2012.0,Hatchback,Hybrid,1.8,60895.0,4.0,Automatic,FWD,Red
14740,Ford,Fusion,2016.0,Sedan,Petrol,2.5,25477.0,4.0,Automatic,FWD,Gray
41387,Hyundai,H1,2016.0,Van,Diesel,2.5,68469.0,4.0,Automatic,FWD,Silver
14113,Subaru,Forester,2011.0,SUV,Petrol,2.5,73633.0,4.0,Automatic,AWD,Gray
13172,Toyota,Aqua,2013.0,Hatchback,Hybrid,1.5,80779.0,4.0,Automatic,FWD,Red
54882,Toyota,RAV4,2016.0,SUV,Petrol,2.5,117315.0,4.0,Automatic,AWD,Black
862,Nissan,Rogue,2016.0,SUV,Petrol,2.5,94624.0,4.0,Automatic,AWD,Silver
8467,Nissan,Tiida,2007.0,Hatchback,Petrol,1.5,65244.0,4.0,Automatic,FWD,Silver
53317,Toyota,Aqua,2015.0,Hatchback,Petrol,1.5,17399.0,4.0,Automatic,FWD,Black
3293,Toyota,Prius,2013.0,Hatchback,Hybrid,1.5,95216.0,4.0,Automatic,FWD,Red
42987,Hyundai,Sonata,2015.0,Sedan,Petrol,2.0,32857.0,4.0,Automatic,FWD,Black
706,Toyota,Camry,2014.0,Sedan,Hybrid,2.5,71652.0,4.0,Automatic,FWD,Gray
17876,Toyota,Prius V,2012.0,Hatchback,Hybrid,1.8,8784.0,4.0,Automatic,FWD,Gray
9722,Honda,Fit,2006.0,Hatchback,Petrol,1.5,114954.0,4.0,Manual,FWD,White
8781,Mitsubishi,Pajero iO,2000.0,SUV,Petrol,2.0,98177.0,4.0,Automatic,AWD,White
7213,Toyota,Camry,2013.0,Sedan,Hybrid,2.5,81649.0,4.0,Automatic,FWD,Blue
56509,Honda,Civic,2018.0,Sedan,Petrol,2.0,11024.0,4.0,Automatic,FWD,Black
17923,Chevrolet,Malibu,2012.0,Sedan,Petrol,2.0,77417.0,4.0,Automatic,FWD,Black
3450,Toyota,Camry,2019.0,Sedan,Hybrid,2.5,5982.0,4.0,Automatic,FWD,Black
15210,Toyota,Aqua,2014.0,Hatchback,Hybrid,1.5,86371.0,4.0,Automatic,FWD,White
46101,Lexus,ES 300,2014.0,Sedan,Hybrid,2.5,47846.0,4.0,Automatic,FWD,Gray
9722,Ford,Focus,2014.0,Sedan,Petrol,2.0,65244.0,4.0,Automatic,FWD,Gray
10976,Toyota,Vitz,2005.0,Hatchback,Petrol,1.5,75186.0,4.0,Manual,FWD,Silver
8467,BMW,3 Series,2002.0,Coupe,Petrol,1.8,59031.0,4.0,Manual,RWD,Black
25810,Hyundai,Santa Fe,2012.0,SUV,Diesel,2.0,122264.0,4.0,Automatic,FWD,Black
5175,Toyota,Corolla,2014.0,Sedan,Petrol,1.8,121795.0,4.0,Automatic,FWD,Silver
3136,Toyota,Camry,2012.0,Sedan,Hybrid,2.5,99034.0,4.0,Automatic,FWD,White
40471,Hyundai,Santa Fe,2016.0,SUV,Diesel,2.0,88235.0,4.0,Automatic,FWD,White
9418,Hyundai,Sonata,2015.0,Sedan,Petrol,2.0,26642.0,4.0,Automatic,FWD,White
14269,Honda,Fit,2009.0,Hatchback,Petrol,1.5,123032.0,4.0,Automatic,FWD,Blue
5018,Audi,A4,2014.0,Sedan,Petrol,2.0,50840.0,4.0,Automatic,AWD,Blue
19601,Toyota,Camry,2014.0,Sedan,Petrol,2.5,56836.0,4.0,Automatic,FWD,White
4704,Ford,Fusion,2017.0,Sedan,Petrol,1.5,46357.0,4.0,Automatic,FWD,Black
16766,Chevrolet,Cruze,2014.0,Sedan,Petrol,1.8,48651.0,4.0,Automatic,FWD,Black
30734,Toyota,Camry,2013.0,Sedan,Hybrid,2.5,40390.0,4.0,Automatic,FWD,Black
54458,Hyundai,Santa Fe,2016.0,SUV,Diesel,2.0,65645.0,4.0,Automatic,FWD,White
39829,Toyota,Camry,2020.0,Sedan,Petrol,2.5,2567.0,4.0,Automatic,FWD,White
15053,Toyota,Aqua,2013.0,Hatchback,Hybrid,1.5,115576.0,4.0,Automatic,FWD,Silver
5959,Lexus,CT 200h,2011.0,Hatchback,Hybrid,1.8,75995.0,4.0,Automatic,FWD,Black
5488,Toyota,Camry,2014.0,Sedan,Hybrid,2.5,68226.0,4.0,Automatic,FWD,White
21000,Volkswagen,Jetta,2015.0,Sedan,Petrol,1.8,41632.0,4.0,Automatic,FWD,Black
12607,Toyota,Aqua,2012.0,Hatchback,Petrol,1.5,97655.0,4.0,Automatic,FWD,Blue
9095,Honda,CR-V,2002.0,SUV,Petrol,2.0,116197.0,4.0,Manual,AWD,Silver
549,Toyota,Camry,2017.0,Sedan,Petrol,2.5,37697.0,4.0,Automatic,FWD,Gray
15681,Toyota,Ist,2011.0,Hatchback,Petrol,1.8,61516.0,4.0,Automatic,FWD,White
29087,Hyundai,H1,2014.0,Van,Diesel,2.5,94449.0,4.0,Automatic,FWD,Black
3607,Ford,Escape,2011.0,SUV,Hybrid,2.5,104991.0,4.0,Automatic,AWD,White
15681,Hyundai,Elantra,2012.0,Sedan,Petrol,1.8,69037.0,4.0,Automatic,FWD,Silver
4861,Ford,Fusion,2014.0,Sedan,Hybrid,2.0,77357.0,4.0,Automatic,FWD,White
21953,Toyota,Prius,2015.0,Hatchback,Hybrid,1.8,35419.0,4.0,Automatic,FWD,Black
18503,Toyota,Prius,2012.0,Sedan,Hybrid,1.8,109362.0,4.0,Automatic,FWD,Silver
45473,Hyundai,other,2018.0,SUV,Petrol,2.0,808.0,4.0,Automatic,FWD,White
13000,Lexus,IS 250,2012.0,Sedan,Petrol,2.5,26719.0,4.0,Automatic,FWD,Black
9722,Toyota,C-HR,2018.0,SUV,Petrol,2.0,24055.0,4.0,Automatic,FWD,White
13015,Hyundai,Elantra,2013.0,Sedan,Petrol,1.8,48482.0,4.0,Automatic,FWD,Gray
18503,Hyundai,Sonata,2011.0,Sedan,Petrol,2.0,55303.0,4.0,Automatic,FWD,Silver
3607,Toyota,Camry,2012.0,Sedan,Hybrid,2.5,97256.0,4.0,Automatic,FWD,White
45473,Toyota,Camry,2019.0,Sedan,Petrol,2.5,10750.0,4.0,Automatic,FWD,Black
4547,Hyundai,Elantra,2017.0,Sedan,Petrol,2.0,72063.0,4.0,Automatic,FWD,White
10349,Volkswagen,Passat,2012.0,Sedan,Petrol,2.5,115327.0,6.0,Automatic,FWD,Red
14113,Hyundai,Elantra,2014.0,Sedan,Petrol,1.8,109362.0,4.0,Automatic,FWD,Gold
9722,Nissan,Tiida,2005.0,Hatchback,Petrol,1.5,102527.0,4.0,Automatic,FWD,Black
2901,Kia,Optima,2013.0,Sedan,Petrol,2.0,88646.0,4.0,Automatic,FWD,Silver
36379,Toyota,Camry,2016.0,Sedan,Petrol,2.5,23861.0,4.0,Automatic,FWD,Black
14113,Mercedes-Benz,C-Class,2000.0,Sedan,Petrol,1.8,40927.0,4.0,Manual,RWD,Gray
26196,Hyundai,H1,2010.0,Van,Diesel,2.5,28447.0,4.0,Automatic,FWD,Black
5370,Mitsubishi,Colt,2003.0,Sedan,Petrol,1.5,108740.0,4.0,Automatic,FWD,Black
5488,Toyota,Camry,2014.0,Sedan,Hybrid,2.5,68226.0,4.0,Automatic,FWD,White
11133,Hyundai,Elantra,2018.0,Sedan,Petrol,2.0,24931.0,4.0,Automatic,FWD,Gray
7066,Chevrolet,Cruze,2009.0,Sedan,Petrol,1.8,41814.0,4.0,Automatic,FWD,White
66482,Honda,Civic,2017.0,Coupe,Petrol,1.5,10339.0,4.0,Automatic,FWD,Red
19444,Toyota,Prius,2010.0,Hatchback,Hybrid,1.8,122411.0,4.0,Automatic,FWD,Blue
15053,Toyota,Aqua,2012.0,Hatchback,Hybrid,1.5,100041.0,4.0,Automatic,FWD,Blue
11000,Toyota,Prius,2008.0,Hatchback,Hybrid,1.5,113090.0,2.0,Automatic,FWD,Brown
24932,Hyundai,H1,2010.0,Van,Diesel,2.5,52611.0,4.0,Automatic,FWD,Silver
48697,Hyundai,Santa Fe,2015.0,SUV,Diesel,2.0,96808.0,4.0,Automatic,FWD,White
28225,Toyota,RAV4,2013.0,SUV,Petrol,2.5,36661.0,6.0,Automatic,AWD,Black
17562,Toyota,Prius C,2015.0,Sedan,Hybrid,1.5,54681.0,4.0,Automatic,FWD,White
42764,Hyundai,H1,2016.0,Wagon,Diesel,2.5,68953.0,4.0,Automatic,FWD,Black
16778,Chevrolet,Orlando,2015.0,SUV,Petrol,2.0,20713.0,4.0,Automatic,FWD,Gray
24709,Hyundai,Tucson,2010.0,SUV,Diesel,2.0,94195.0,4.0,Automatic,FWD,White
784,Toyota,Camry,2014.0,Sedan,Hybrid,2.5,63627.0,4.0,Automatic,FWD,Black
17405,Toyota,Aqua,2012.0,Hatchback,Petrol,1.5,91963.0,4.0,Automatic,FWD,Black
20385,Ford,Fusion,2014.0,Sedan,Hybrid,2.0,112344.0,4.0,Automatic,FWD,White
54048,Toyota,Aqua,2017.0,Wagon,Hybrid,1.5,5610.0,4.0,Automatic,FWD,Blue
15053,Toyota,Prius,2008.0,Hatchback,Hybrid,1.5,88235.0,4.0,Automatic,FWD,Beige
38822,Honda,Fit,2017.0,Wagon,Hybrid,1.5,2159.0,4.0,Automatic,FWD,Blue
17249,Volkswagen,Passat,2013.0,Sedan,Petrol,2.5,55924.0,5.0,Automatic,FWD,Silver
16621,Toyota,Prius,2010.0,Hatchback,Hybrid,1.8,93206.0,4.0,Automatic,FWD,Black
941,Lexus,CT 200h,2012.0,Hatchback,Hybrid,1.8,67419.0,4.0,Automatic,FWD,White
706,Toyota,Camry,2014.0,Sedan,Hybrid,2.5,71652.0,4.0,Automatic,FWD,Gray
21410,Chevrolet,Malibu,2012.0,Sedan,Petrol,2.0,81451.0,4.0,Automatic,FWD,Silver
41867,Honda,Fit,2017.0,Wagon,Hybrid,1.5,18157.0,4.0,Automatic,FWD,Black
44608,Hyundai,Sonata,2016.0,Sedan,Petrol,2.0,39574.0,4.0,Automatic,FWD,Gray
7683,Hyundai,Sonata,2012.0,Sedan,Petrol,2.0,56804.0,4.0,Automatic,FWD,Silver
21953,Toyota,Prius,2012.0,Hatchback,Hybrid,1.8,42254.0,4.0,Automatic,FWD,Silver
1803,Toyota,Prius,2013.0,Hatchback,Hybrid,1.5,122941.0,4.0,Automatic,FWD,Black
14113,Volkswagen,Jetta,2015.0,Sedan,Petrol,1.8,28338.0,4.0,Automatic,FWD,White
26657,Toyota,Camry,2012.0,Sedan,Petrol,2.5,103397.0,4.0,Automatic,FWD,Gray
11149,Toyota,Ist,2002.0,Hatchback,Petrol,1.5,69042.0,4.0,Automatic,FWD,Black
20228,Kia,Optima,2016.0,Sedan,Petrol,2.0,18090.0,4.0,Automatic,FWD,White
9418,Hyundai,Sonata,2015.0,Sedan,Petrol,2.0,27039.0,4.0,Automatic,FWD,White
8467,Nissan,Note,2005.0,Sedan,Petrol,1.5,10130.0,3.0,Automatic,FWD,White
7683,Nissan,Serena,2002.0,Van,Petrol,2.5,105634.0,4.0,Automatic,FWD,White
22894,Toyota,Prius,2013.0,Hatchback,Hybrid,1.8,39262.0,4.0,Automatic,FWD,White
10515,Hyundai,Sonata,2014.0,Sedan,Petrol,2.0,37811.0,4.0,Automatic,FWD,Silver
14113,Ford,Fusion,2010.0,Sedan,Hybrid,2.5,42378.0,4.0,Automatic,FWD,Black
35902,Hyundai,H1,2014.0,Van,Diesel,2.5,105080.0,4.0,Automatic,FWD,Gold
73620,Hyundai,Sonata,2018.0,Sedan,Petrol,2.0,31756.0,4.0,Automatic,FWD,White
15210,Hyundai,H1,2008.0,Van,Diesel,2.5,40778.0,4.0,Automatic,FWD,Silver
21953,Toyota,Camry,2013.0,Sedan,Petrol,2.5,71535.0,4.0,Automatic,FWD,Black
21953,Mitsubishi,Outlander,2018.0,SUV,Hybrid,2.0,37080.0,4.0,Automatic,AWD,Black
29793,Hyundai,Elantra,2019.0,Sedan,Petrol,2.0,20936.0,4.0,Automatic,FWD,Silver
6899,Hyundai,Sonata,2012.0,Sedan,Petrol,2.0,53110.0,4.0,Automatic,FWD,Silver
20385,Toyota,Camry,2012.0,Sedan,Hybrid,2.5,74565.0,4.0,Automatic,FWD,Red
4861,Toyota,Corolla,2017.0,Sedan,Petrol,1.8,14285.0,4.0,Automatic,FWD,Silver
5488,Toyota,C-HR,2019.0,SUV,Petrol,2.0,48731.0,4.0,Automatic,FWD,Red
13485,Mazda,Mazda3,2015.0,Hatchback,Petrol,2.0,42145.0,4.0,Automatic,FWD,Silver
12544,Toyota,Prius,2010.0,Hatchback,Hybrid,1.8,77403.0,4.0,Automatic,FWD,White
35140,Hyundai,Tucson,2016.0,SUV,Diesel,2.0,77815.0,4.0,Automatic,FWD,Black
22502,Toyota,Aqua,2012.0,Hatchback,Petrol,1.5,17399.0,4.0,Automatic,FWD,Silver
40769,Toyota,RAV4,2015.0,SUV,Petrol,2.5,37780.0,4.0,Automatic,AWD,Gray
47042,Toyota,RAV4,2016.0,SUV,Hybrid,2.5,18891.0,4.0,Automatic,AWD,Blue
15649,Hyundai,H1,2010.0,Van,Diesel,2.5,28119.0,4.0,Automatic,FWD,White
2901,Ford,Fusion,2014.0,Sedan,Petrol,2.5,113688.0,4.0,Automatic,FWD,Black
30107,Hyundai,other,2011.0,SUV,Petrol,2.0,32312.0,4.0,Automatic,AWD,Black
9722,Honda,CR-V,2002.0,SUV,Petrol,2.0,104391.0,4.0,Manual,AWD,Green
10036,Nissan,Tiida,2008.0,Sedan,Petrol,1.5,103769.0,4.0,Automatic,FWD,White
16935,Hyundai,Elantra,2012.0,Sedan,Petrol,1.8,67109.0,4.0,Automatic,RWD,Silver
7997,Volkswagen,Jetta,2012.0,Sedan,Petrol,2.0,41072.0,4.0,Automatic,FWD,Silver
18124,Hyundai,Genesis,2011.0,Coupe,Petrol,2.0,99420.0,4.0,Automatic,FWD,Black
51746,Toyota,Camry,2018.0,Sedan,Petrol,2.5,10564.0,6.0,Automatic,FWD,Black
3763,Toyota,Camry,2013.0,Sedan,Hybrid,2.5,77617.0,4.0,Automatic,FWD,White
14740,Hyundai,Sonata,2015.0,Sedan,Petrol,2.0,31401.0,4.0,Automatic,FWD,Silver
14113,Toyota,Aqua,2013.0,Hatchback,Hybrid,1.5,62138.0,4.0,Automatic,FWD,White
17249,Toyota,Prius,2010.0,Sedan,Hybrid,1.8,102527.0,4.0,Automatic,FWD,Black
15132,Hyundai,Sonata,2010.0,Sedan,Petrol,2.0,111417.0,4.0,Automatic,FWD,Silver
3136,BMW,3 Series,2016.0,Sedan,Petrol,2.0,32268.0,4.0,Automatic,RWD,Black
17876,Nissan,Sentra,2013.0,Sedan,Petrol,1.8,83513.0,4.0,Automatic,FWD,Red
9832,Chevrolet,Cruze,2011.0,Sedan,Petrol,1.8,106175.0,4.0,Automatic,FWD,Gray
67404,Hyundai,Sonata,2018.0,Sedan,Petrol,2.0,25357.0,4.0,Automatic,FWD,Black
10663,Mitsubishi,Airtrek,2004.0,Wagon,Petrol,2.0,93206.0,4.0,Automatic,AWD,White
36065,Toyota,Prius,2016.0,Sedan,Hybrid,1.8,98177.0,4.0,Automatic,FWD,Gray
23521,Toyota,Camry,2012.0,Sedan,Petrol,2.5,56545.0,4.0,Automatic,FWD,Black
3763,Toyota,Camry,2013.0,Sedan,Hybrid,2.5,77617.0,4.0,Automatic,FWD,White
4234,Nissan,other,2017.0,Sedan,Petrol,2.5,21064.0,4.0,Automatic,RWD,Gray
74796,Honda,Civic,2019.0,Hatchback,Petrol,1.5,7457.0,4.0,Automatic,FWD,Black
784,Toyota,Camry,2014.0,Sedan,Hybrid,2.5,63627.0,4.0,Automatic,FWD,Black
48873,Hyundai,Sonata,2016.0,Sedan,Petrol,2.0,20851.0,4.0,Automatic,FWD,Gray
9252,Toyota,Prius,2010.0,Hatchback,Hybrid,1.8,61372.0,4.0,Automatic,FWD,White
20385,Toyota,Camry,2013.0,Sedan,Petrol,2.5,13919.0,5.0,Automatic,FWD,White
19757,Toyota,Prius C,2012.0,Sedan,Hybrid,1.5,51699.0,4.0,Automatic,FWD,Gray
627,Toyota,C-HR,2019.0,SUV,Petrol,2.0,15124.0,4.0,Automatic,FWD,Blue
13589,Hyundai,Sonata,2010.0,Sedan,Petrol,2.0,51428.0,4.0,Automatic,FWD,Black
34905,Hyundai,Tucson,2016.0,SUV,Diesel,2.0,67594.0,4.0,Automatic,FWD,Silver
30750,Hyundai,H1,2014.0,Van,Diesel,2.5,90855.0,4.0,Automatic,FWD,Silver
44533,Toyota,C-HR,2017.0,SUV,Petrol,2.0,34797.0,8.0,Automatic,FWD,Blue
784,Toyota,Camry,2014.0,Sedan,Hybrid,2.5,63627.0,4.0,Automatic,FWD,Black
8154,Toyota,Camry,2014.0,Sedan,Petrol,2.5,33126.0,4.0,Automatic,FWD,Black
8467,Nissan,Altima,2006.0,Sedan,Petrol,2.5,99420.0,6.0,Automatic,FWD,Black
19444,Toyota,Corolla,2015.0,Sedan,Petrol,1.8,42391.0,4.0,Automatic,FWD,White
706,Subaru,XV,2015.0,Sedan,Petrol,2.0,69150.0,4.0,Automatic,AWD,Black
20385,Toyota,Prius,2014.0,Hatchback,Hybrid,1.8,30448.0,4.0,Automatic,FWD,Silver
61471,Honda,Civic,2017.0,Hatchback,Petrol,1.5,25488.0,4.0,Automatic,FWD,White
17844,Toyota,Aqua,2012.0,Hatchback,Petrol,1.5,69594.0,4.0,Automatic,FWD,Red
10958,Chevrolet,Cruze,2012.0,Sedan,Petrol,1.8,97418.0,4.0,Automatic,FWD,Black
21181,Hyundai,Tucson,2011.0,SUV,Diesel,2.0,70837.0,4.0,Automatic,FWD,Gray
31581,Hyundai,H1,2014.0,Van,Diesel,2.5,60207.0,4.0,Automatic,FWD,Silver
23207,Toyota,Prius,2013.0,Hatchback,Hybrid,1.8,44739.0,4.0,Automatic,FWD,White
20636,Hyundai,Tucson,2013.0,SUV,Diesel,2.0,39929.0,4.0,Automatic,FWD,Gray
21953,Hyundai,Elantra,2016.0,Sedan,Petrol,2.0,10937.0,4.0,Automatic,FWD,Black
14740,Hyundai,Elantra,2012.0,Sedan,Petrol,1.8,54060.0,4.0,Automatic,FWD,Silver
11604,Nissan,X-Trail,2002.0,SUV,Petrol,2.0,83886.0,4.0,Automatic,AWD,Gold
10506,Honda,Fit,2010.0,Hatchback,Petrol,1.5,102402.0,4.0,Automatic,FWD,Silver
51526,Hyundai,Santa Fe,2017.0,SUV,Diesel,2.0,74556.0,4.0,Automatic,FWD,Blue
22266,Toyota,Prius,2012.0,Hatchback,Hybrid,1.8,36661.0,4.0,Automatic,FWD,Black
5331,Chevrolet,Captiva,2007.0,SUV,Diesel,2.0,31325.0,4.0,Automatic,FWD,White
9656,Honda,Fit,2015.0,Hatchback,Hybrid,1.5,94575.0,4.0,Automatic,FWD,Silver
12231,Toyota,Camry,2011.0,Sedan,Hybrid,2.5,76644.0,4.0,Automatic,FWD,Gray
1254,Hyundai,Elantra,2013.0,Hatchback,Petrol,1.8,58192.0,4.0,Automatic,FWD,Blue
20500,Toyota,Camry,2013.0,Sedan,Petrol,2.5,94449.0,4.0,Automatic,FWD,Black
18503,Toyota,Prius,2012.0,Hatchback,Hybrid,1.8,99420.0,4.0,Automatic,FWD,Gray
32412,Hyundai,H1,2014.0,Van,Diesel,2.5,81995.0,4.0,Automatic,FWD,White
25716,Toyota,Prius,2012.0,Hatchback,Hybrid,1.8,46603.0,12.0,Automatic,FWD,Silver
7213,Toyota,RAV4,2010.0,SUV,Petrol,2.5,67392.0,4.0,Automatic,AWD,Silver
2979,Hyundai,Elantra,2018.0,Sedan,Petrol,2.0,39268.0,4.0,Automatic,FWD,Black
52853,Hyundai,Santa Fe,2016.0,SUV,Diesel,2.0,55585.0,4.0,Automatic,FWD,Black
18189,Toyota,Camry,2013.0,Sedan,Petrol,2.5,55924.0,4.0,Automatic,FWD,Gray
34635,Honda,Civic,2019.0,Sedan,Petrol,2.0,1819.0,4.0,Automatic,FWD,Gray
17942,Chevrolet,Orlando,2013.0,SUV,Diesel,2.0,89318.0,4.0,Automatic,FWD,White
12074,Hyundai,Elantra,2013.0,Sedan,Petrol,1.8,50145.0,4.0,Automatic,FWD,Black
19757,Volkswagen,Jetta,2012.0,Sedan,Petrol,2.5,75062.0,5.0,Automatic,FWD,Silver
8781,Honda,Fit,2005.0,Hatchback,Petrol,1.5,105634.0,4.0,Automatic,FWD,Beige
7056,Ford,Fusion,2017.0,Sedan,Hybrid,2.0,70130.0,4.0,Automatic,FWD,Blue
10036,Hyundai,H1,2010.0,Van,Diesel,2.5,37604.0,4.0,Automatic,FWD,Gold
11604,Ford,Focus,2013.0,Sedan,Petrol,2.0,622.0,4.0,Automatic,FWD,White
40076,Hyundai,Santa Fe,2016.0,SUV,Diesel,2.0,93464.0,4.0,Automatic,FWD,White
7840,Toyota,Prius C,2008.0,Hatchback,Petrol,1.5,111847.0,4.0,Automatic,FWD,Blue
7683,Hyundai,Elantra,2016.0,Sedan,Petrol,1.8,75708.0,4.0,Automatic,FWD,Blue
11133,Toyota,Camry,2014.0,Sedan,Hybrid,2.5,111463.0,4.0,Automatic,FWD,Black
1882,Toyota,Prius,2017.0,Sedan,Hybrid,1.8,29622.0,4.0,Automatic,FWD,White
34572,Honda,Civic,2015.0,Sedan,Petrol,1.8,41750.0,4.0,Automatic,FWD,White
28225,Toyota,RAV4,2015.0,SUV,Petrol,2.5,45939.0,4.0,Automatic,FWD,Silver
3607,Toyota,Camry,2012.0,Sedan,Hybrid,2.5,97256.0,4.0,Automatic,FWD,White
18033,Hyundai,Sonata,2013.0,Sedan,Petrol,1.8,55054.0,4.0,Automatic,FWD,White
10672,Chevrolet,Orlando,2013.0,SUV,Diesel,2.0,44328.0,4.0,Automatic,FWD,Silver
13799,Hyundai,Sonata,2014.0,Sedan,Petrol,2.0,115142.0,4.0,Automatic,FWD,White
58172,Honda,Civic,2017.0,Hatchback,Petrol,1.5,16259.0,4.0,Automatic,FWD,Black
53154,Hyundai,Santa Fe,2016.0,SUV,Diesel,2.0,50168.0,4.0,Automatic,FWD,Blue
45734,Hyundai,H1,2016.0,Wagon,Diesel,2.5,37940.0,4.0,Automatic,FWD,Black
11299,Hyundai,Sonata,2014.0,Sedan,Petrol,2.0,33894.0,4.0,Automatic,FWD,Silver
862,Subaru,Forester,2017.0,SUV,Petrol,2.5,46331.0,4.0,Automatic,AWD,Gray
11177,Toyota,Aqua,2013.0,Hatchback,Petrol,1.5,83067.0,4.0,Automatic,FWD,White
23138,Hyundai,Santa Fe,2010.0,SUV,Diesel,2.0,116870.0,4.0,Automatic,FWD,Black
19757,Volkswagen,Jetta,2012.0,Sedan,Petrol,2.5,74963.0,5.0,Automatic,FWD,Silver
25089,Toyota,RAV4,2012.0,SUV,Petrol,2.5,51885.0,4.0,Automatic,AWD,Red
16308,Hyundai,Elantra,2013.0,Sedan,Petrol,1.8,31408.0,4.0,Automatic,FWD,Gray
6429,Chevrolet,Captiva,2007.0,SUV,Diesel,2.0,47348.0,4.0,Automatic,FWD,Silver
12544,Ford,Focus,2014.0,Sedan,Petrol,2.0,50332.0,4.0,Automatic,FWD,Gray
862,Ford,Escape,2010.0,SUV,Hybrid,2.5,108694.0,4.0,Automatic,FWD,Gray
23207,Toyota,RAV4,2010.0,SUV,Petrol,2.0,103956.0,4.0,Automatic,AWD,Blue
18503,Toyota,Prius,2010.0,Sedan,Petrol,1.8,100663.0,4.0,Automatic,FWD,Gray
35736,Hyundai,H1,2014.0,Van,Diesel,2.5,68651.0,4.0,Automatic,FWD,Gold
25638,Toyota,Aqua,2014.0,Hatchback,Petrol,1.5,21748.0,4.0,Automatic,FWD,Orange
15053,Toyota,Prius,2011.0,Hatchback,Hybrid,1.8,9259.0,4.0,Automatic,FWD,Silver
17562,Honda,Civic,2015.0,Coupe,Petrol,1.8,36158.0,4.0,Automatic,FWD,Black
40889,Honda,Civic,2015.0,Sedan,Petrol,1.8,18020.0,4.0,Automatic,FWD,Black
7683,Chevrolet,Captiva,2008.0,SUV,Diesel,2.0,41777.0,4.0,Automatic,FWD,Black
862,Toyota,Camry,2014.0,Sedan,Hybrid,2.5,81076.0,4.0,Automatic,FWD,White
15053,Ford,Fusion,2011.0,Sedan,Hybrid,2.5,95692.0,4.0,Automatic,FWD,White
39559,Hyundai,Tucson,2015.0,SUV,Diesel,2.0,55565.0,4.0,Automatic,FWD,Gray
35046,Hyundai,Tucson,2014.0,SUV,Diesel,2.0,73233.0,4.0,Automatic,FWD,Silver
13172,Hyundai,Santa Fe,2011.0,SUV,Diesel,2.0,44967.0,4.0,Automatic,FWD,White
11290,Honda,Fit,2013.0,Hatchback,Petrol,1.5,74565.0,4.0,Automatic,FWD,Gray
21953,Hyundai,Santa Fe,2010.0,SUV,Diesel,2.0,108119.0,4.0,Automatic,FWD,Silver
26613,Chevrolet,Malibu,2014.0,Sedan,Petrol,2.0,75683.0,4.0,Automatic,FWD,White
34889,Honda,Civic,2018.0,Coupe,Petrol,1.5,10020.0,4.0,Automatic,FWD,Black
5331,Chevrolet,Cruze,2014.0,SUV,Petrol,1.8,28385.0,4.0,Automatic,FWD,Brown
8467,Nissan,Tiida,2006.0,Hatchback,Petrol,1.5,86371.0,4.0,Automatic,FWD,Black
16621,Toyota,Prius,2010.0,Sedan,Petrol,1.8,108119.0,8.0,Automatic,FWD,White
18817,Hyundai,Elantra,2015.0,Sedan,Petrol,1.8,34797.0,4.0,Automatic,FWD,Blue
3450,Subaru,Legacy,2000.0,Sedan,Petrol,2.0,124275.0,4.0,Automatic,AWD,Black
12858,Toyota,Prius,2011.0,Hatchback,Hybrid,1.8,72080.0,4.0,Automatic,FWD,Gray
2509,Mercedes-Benz,GLA,2017.0,SUV,Petrol,2.0,27637.0,4.0,Automatic,FWD,Blue
17562,Toyota,Prius C,2012.0,Hatchback,Petrol,1.5,119304.0,4.0,Automatic,FWD,White
9722,Toyota,Aqua,2012.0,Hatchback,Hybrid,1.5,77672.0,4.0,Automatic,FWD,Silver
627,Lexus,CT 200h,2012.0,Hatchback,Hybrid,1.8,119728.0,4.0,Automatic,FWD,White
12600,Toyota,Prius,2007.0,Hatchback,Hybrid,1.5,105634.0,4.0,Automatic,FWD,Silver
4861,Ford,Fusion,2014.0,Sedan,Hybrid,2.0,77357.0,4.0,Automatic,FWD,White
42601,Toyota,Aqua,2017.0,Hatchback,Petrol,1.5,10717.0,4.0,Automatic,FWD,Black
23408,Hyundai,Santa Fe,2011.0,SUV,Diesel,2.0,109756.0,4.0,Automatic,FWD,White
15063,Hyundai,H1,2010.0,Van,Diesel,2.5,32757.0,4.0,Automatic,FWD,Black
56136,Mercedes-Benz,E-Class,2017.0,Sedan,Petrol,2.0,31667.0,4.0,Automatic,RWD,Black
21953,Lexus,CT 200h,2014.0,Hatchback,Hybrid,1.8,119304.0,4.0,Automatic,FWD,Gray
16741,Hyundai,Sonata,2013.0,Sedan,Petrol,2.0,92764.0,4.0,Automatic,FWD,White
13485,Chevrolet,Cruze,2014.0,Sedan,Petrol,1.8,54060.0,4.0,Automatic,FWD,White
22248,Hyundai,Santa Fe,2010.0,SUV,Diesel,2.0,114677.0,4.0,Automatic,FWD,Silver
21492,Hyundai,H1,2009.0,Van,Diesel,2.5,31860.0,4.0,Automatic,FWD,Orange
11917,Ford,Focus,2015.0,Hatchback,Petrol,2.0,53429.0,4.0,Automatic,FWD,Silver
11604,Mazda,Mazda3,2009.0,Sedan,Petrol,2.0,113024.0,4.0,Automatic,FWD,Gray
24148,Ford,Fusion,2013.0,Sedan,Hybrid,2.0,43496.0,4.0,Automatic,FWD,White
8781,Honda,Fit,2004.0,Hatchback,Petrol,1.5,106876.0,4.0,Automatic,FWD,Gray
10349,Hyundai,Sonata,2015.0,Sedan,Petrol,2.0,33145.0,4.0,Automatic,FWD,Silver
12231,Subaru,Outback,2012.0,SUV,Petrol,2.5,68351.0,4.0,Automatic,AWD,Black
10515,Hyundai,Sonata,2014.0,Sedan,Petrol,2.0,37811.0,4.0,Automatic,FWD,Silver
16308,Honda,Fit,2013.0,Sedan,Hybrid,1.5,79536.0,4.0,Automatic,FWD,Silver
28225,Hyundai,Tucson,2017.0,SUV,Petrol,2.0,15535.0,6.0,Automatic,AWD,Black
4391,Toyota,Prius,2014.0,Hatchback,Hybrid,1.8,94401.0,4.0,Automatic,FWD,White
28357,Hyundai,H1,2014.0,Van,Diesel,2.5,94312.0,4.0,Automatic,FWD,Silver
549,Hyundai,Elantra,2017.0,Sedan,Petrol,2.0,52099.0,4.0,Automatic,FWD,Black
10349,Toyota,Prius,2006.0,Hatchback,Hybrid,1.5,11047.0,4.0,Automatic,FWD,Green
53031,Hyundai,Santa Fe,2018.0,SUV,Diesel,2.0,63961.0,4.0,Automatic,FWD,White
627,Lexus,IS 250,2014.0,Sedan,Petrol,2.5,78306.0,6.0,Automatic,RWD,White
16621,Toyota,Prius,2012.0,Sedan,Hybrid,1.8,85128.0,4.0,Automatic,FWD,Silver
35902,Hyundai,H1,2014.0,Van,Diesel,2.5,73271.0,4.0,Automatic,FWD,Silver
23521,Toyota,Prius,2013.0,Hatchback,Hybrid,1.8,105385.0,4.0,Automatic,FWD,Silver
11917,Hyundai,Elantra,2014.0,Hatchback,Petrol,2.0,77191.0,4.0,Automatic,FWD,Silver
4234,Toyota,Prius,2010.0,Hatchback,Hybrid,1.8,98262.0,4.0,Automatic,FWD,White
9408,Toyota,Prius,2010.0,Hatchback,Hybrid,1.8,124275.0,4.0,Automatic,FWD,White
549,Toyota,Camry,2014.0,Sedan,Hybrid,2.5,81076.0,4.0,Automatic,FWD,White
10506,Toyota,Aqua,2012.0,Sedan,Hybrid,1.5,83264.0,4.0,Automatic,FWD,Blue
19757,Toyota,Camry,2013.0,Sedan,Petrol,2.5,77051.0,4.0,Automatic,FWD,Black
7527,Nissan,Tiida,2005.0,Hatchback,Petrol,1.5,80779.0,4.0,Automatic,FWD,Silver
32615,Honda,Civic,2016.0,Sedan,Petrol,2.0,12428.0,4.0,Automatic,FWD,White
20698,Hyundai,Tucson,2014.0,SUV,Diesel,2.0,44181.0,4.0,Automatic,FWD,White
31358,Subaru,XV,2015.0,SUV,Petrol,2.0,32312.0,6.0,Automatic,AWD,Beige
23364,Toyota,Prius,2015.0,Hatchback,Hybrid,1.8,79536.0,4.0,Automatic,FWD,White
50049,Hyundai,Santa Fe,2016.0,SUV,Diesel,2.0,90304.0,4.0,Automatic,FWD,Black
10349,Toyota,Aqua,2013.0,Hatchback,Hybrid,1.5,29205.0,4.0,Automatic,FWD,Blue
20700,Toyota,Prius,2014.0,Hatchback,Hybrid,1.8,46989.0,4.0,Automatic,FWD,Blue
2666,Mercedes-Benz,C-Class,2016.0,Sedan,Petrol,2.0,32141.0,4.0,Automatic,RWD,Black
7778,Nissan,Tiida,2011.0,Hatchback,Petrol,1.5,60895.0,4.0,Automatic,FWD,Black
11604,Ford,Focus,2013.0,Hatchback,Petrol,2.0,124275.0,4.0,Automatic,FWD,Silver
6272,Toyota,C-HR,2018.0,SUV,Petrol,2.0,11654.0,4.0,Automatic,FWD,Red
17355,Hyundai,Genesis,2011.0,Coupe,Petrol,2.0,69835.0,4.0,Automatic,FWD,Gray
17876,Volkswagen,Passat,2012.0,Sedan,Petrol,2.5,69594.0,4.0,Automatic,FWD,White
26149,Hyundai,Tucson,2010.0,SUV,Diesel,2.0,45028.0,4.0,Automatic,FWD,Gray
64290,Toyota,RAV4,2016.0,SUV,Hybrid,2.5,20816.0,4.0,Automatic,AWD,White
10641,Hyundai,Sonata,2014.0,Sedan,Petrol,2.0,46818.0,4.0,Automatic,FWD,White
3293,Hyundai,Elantra,2013.0,Sedan,Petrol,1.8,75204.0,4.0,Automatic,FWD,Silver
20162,Hyundai,Sonata,2015.0,Sedan,Petrol,2.0,8928.0,4.0,Automatic,FWD,Black
18817,Toyota,Prius,2011.0,Sedan,Petrol,1.8,102402.0,4.0,Automatic,FWD,Silver
26030,Lexus,CT 200h,2013.0,Hatchback,Hybrid,1.8,95443.0,4.0,Automatic,FWD,Silver
28222,Hyundai,Santa Fe,2013.0,SUV,Diesel,2.0,33386.0,4.0,Automatic,FWD,Black
53759,Hyundai,Santa Fe,2017.0,SUV,Diesel,2.0,87053.0,4.0,Automatic,FWD,Blue
16308,Volkswagen,Jetta,2011.0,Sedan,Petrol,2.5,105385.0,5.0,Automatic,FWD,Black
6899,Hyundai,Sonata,2012.0,Sedan,Petrol,2.0,53110.0,4.0,Automatic,FWD,Silver
29950,Hyundai,Santa Fe,2016.0,SUV,Diesel,2.0,31118.0,4.0,Automatic,FWD,White
10976,Toyota,Aqua,2013.0,Hatchback,Hybrid,1.5,39768.0,4.0,Automatic,FWD,Black
14426,Subaru,Legacy,2011.0,Sedan,Petrol,2.5,114954.0,4.0,Automatic,AWD,Blue
549,Lexus,ES 300,2019.0,Sedan,Hybrid,2.5,8303.0,4.0,Automatic,FWD,Black
10663,Toyota,Aqua,2012.0,Hatchback,Hybrid,1.5,77672.0,4.0,Automatic,FWD,Red
2274,Toyota,Camry,2014.0,Sedan,Hybrid,2.5,79995.0,4.0,Automatic,FWD,Green
28225,Lexus,CT 200h,2014.0,Hatchback,Hybrid,1.8,83346.0,4.0,Automatic,FWD,Black
3607,Toyota,Camry,2012.0,Sedan,Hybrid,2.5,97256.0,4.0,Automatic,FWD,White
17249,Chevrolet,Cruze,2015.0,Sedan,Petrol,1.8,22991.0,4.0,Automatic,FWD,Silver
17249,Hyundai,Elantra,2015.0,Sedan,Petrol,1.8,55197.0,4.0,Automatic,FWD,Silver
7700,Mitsubishi,Colt,2006.0,Hatchback,Petrol,1.5,108740.0,4.0,Automatic,FWD,Silver
15063,Hyundai,Tucson,2011.0,SUV,Diesel,2.0,36289.0,4.0,Automatic,FWD,White
46919,Hyundai,Santa Fe,2015.0,SUV,Diesel,2.0,72701.0,4.0,Automatic,FWD,Black
5331,Mazda,MPV,2001.0,Van,Petrol,2.5,119304.0,6.0,Automatic,AWD,Blue
1333,Ford,Focus,2018.0,Sedan,Petrol,2.0,66900.0,4.0,Automatic,FWD,Black
20250,Toyota,Aqua,2014.0,Wagon,Hybrid,1.5,53687.0,4.0,Automatic,FWD,Red
17249,Toyota,Prius,2011.0,Hatchback,Hybrid,1.8,117315.0,4.0,Automatic,FWD,Gray
4234,Toyota,Camry,2013.0,Sedan,Hybrid,2.5,16727.0,4.0,Automatic,FWD,White
45473,Toyota,Camry,2016.0,Sedan,Hybrid,2.5,89098.0,6.0,Automatic,FWD,Gray
12544,Toyota,Camry,2010.0,Sedan,Petrol,2.5,94449.0,4.0,Manual,FWD,Black
36567,Hyundai,H1,2014.0,Van,Diesel,2.5,66197.0,4.0,Automatic,FWD,White
28225,Toyota,Camry,2015.0,Sedan,Petrol,2.5,68807.0,4.0,Automatic,FWD,Black
31581,Hyundai,H1,2014.0,Van,Diesel,2.5,60207.0,4.0,Automatic,FWD,Silver
14426,Lexus,ES 300,2014.0,Sedan,Hybrid,2.5,109494.0,4.0,Automatic,FWD,Black
11604,Toyota,Prius,2006.0,Hatchback,Hybrid,1.5,108119.0,4.0,Automatic,FWD,Red
18503,Toyota,Prius,2013.0,Hatchback,Hybrid,1.8,31690.0,4.0,Automatic,FWD,White
15994,Volkswagen,Golf,2013.0,Hatchback,Petrol,2.5,64002.0,4.0,Automatic,FWD,Black
38260,Toyota,Camry,2018.0,Sedan,Petrol,2.5,25519.0,4.0,Automatic,FWD,Black
9722,Toyota,Aqua,2013.0,Hatchback,Hybrid,1.5,88857.0,4.0,Automatic,FWD,White
15367,Toyota,Prius,2013.0,Hatchback,Hybrid,1.8,80779.0,4.0,Automatic,FWD,White
12544,Ford,Fusion,2011.0,Sedan,Hybrid,2.5,30863.0,4.0,Automatic,FWD,Silver
15994,Toyota,Prius,2010.0,Hatchback,Hybrid,1.8,73322.0,4.0,Automatic,FWD,Blue
11447,Ford,Focus,2015.0,Sedan,Petrol,2.0,58782.0,4.0,Automatic,FWD,Black
14069,Hyundai,Sonata,2011.0,Sedan,Petrol,2.0,100722.0,4.0,Automatic,FWD,Gray
784,Toyota,C-HR,2018.0,SUV,Petrol,2.0,16063.0,4.0,Automatic,FWD,Gray
6868,Chevrolet,Cruze,2010.0,Sedan,Diesel,2.0,29342.0,4.0,Automatic,FWD,Black
11604,Toyota,Prius,2010.0,Sedan,Hybrid,1.8,95692.0,4.0,Automatic,FWD,Gray
16327,Hyundai,Genesis,2010.0,Coupe,Petrol,2.0,59348.0,4.0,Automatic,FWD,Silver
19444,Toyota,Camry,2012.0,Sedan,Petrol,2.5,103993.0,4.0,Automatic,FWD,White
69502,Hyundai,Sonata,2018.0,Sedan,Petrol,2.0,47186.0,4.0,Automatic,FWD,White
38737,Hyundai,Santa Fe,2014.0,SUV,Diesel,2.0,82491.0,4.0,Automatic,FWD,Gray
13328,Honda,Fit,2014.0,Hatchback,Hybrid,1.5,36040.0,4.0,Automatic,FWD,Black
18346,Chevrolet,Orlando,2015.0,SUV,Petrol,2.0,19810.0,4.0,Automatic,FWD,Black
8467,Mercedes-Benz,E-Class,1988.0,Sedan,Petrol,2.0,622.0,4.0,Manual,RWD,Black
13454,Hyundai,H1,2011.0,Van,Diesel,2.5,52957.0,4.0,Automatic,FWD,Blue
1646,Mercedes-Benz,C-Class,2014.0,Coupe,Petrol,1.8,75621.0,4.0,Automatic,RWD,Black
4701,Kia,Sportage,2007.0,SUV,Diesel,2.0,36349.0,4.0,Automatic,FWD,Silver
19444,Toyota,Prius,2013.0,Sedan,Hybrid,1.8,60513.0,4.0,Automatic,FWD,Red
17249,Toyota,Aqua,2013.0,Hatchback,Hybrid,1.5,31069.0,4.0,Automatic,FWD,Gray
18660,Hyundai,H1,2011.0,Van,Diesel,2.5,34330.0,4.0,Automatic,FWD,Black
10976,Volkswagen,Jetta,2012.0,Sedan,Petrol,2.5,47225.0,5.0,Automatic,FWD,White
549,Subaru,Forester,2012.0,SUV,Petrol,2.5,92096.0,4.0,Automatic,AWD,Blue
33000,Toyota,RAV4,2013.0,SUV,Petrol,2.5,55924.0,4.0,Automatic,FWD,Gray
8781,Subaru,XV,2013.0,SUV,Petrol,2.0,48329.0,4.0,Automatic,AWD,Orange
40057,Hyundai,Santa Fe,2016.0,SUV,Diesel,2.0,109938.0,4.0,Automatic,FWD,Black
4359,Chevrolet,Captiva,2007.0,SUV,Diesel,2.0,35691.0,4.0,Automatic,FWD,Silver
19444,Toyota,Prius C,2013.0,Hatchback,Hybrid,1.5,70837.0,4.0,Automatic,FWD,Red
32929,Toyota,Camry,2012.0,Sedan,Hybrid,2.5,42254.0,4.0,Automatic,FWD,Black
26255,Hyundai,Santa Fe,2011.0,SUV,Diesel,2.0,88235.0,4.0,Automatic,FWD,Black
14740,Toyota,Prius,2008.0,Hatchback,Hybrid,1.5,119925.0,4.0,Automatic,FWD,Silver
20698,Toyota,Prius,2012.0,Hatchback,Hybrid,2.0,112841.0,4.0,Automatic,FWD,Blue
20005,Chevrolet,Orlando,2012.0,SUV,Diesel,2.0,101284.0,4.0,Automatic,FWD,Gray
21326,Hyundai,Sonata,2016.0,Sedan,Petrol,2.0,69694.0,4.0,Automatic,FWD,White
627,Volkswagen,Jetta,2012.0,Sedan,Diesel,2.0,117193.0,4.0,Automatic,FWD,Gray
5802,Toyota,Camry,2018.0,Sedan,Petrol,2.5,34043.0,4.0,Automatic,FWD,Black
5018,Hyundai,Sonata,2016.0,Sedan,Hybrid,2.0,44253.0,4.0,Automatic,FWD,Black
18503,Volkswagen,Passat,2012.0,Sedan,Petrol,2.5,42254.0,4.0,Automatic,FWD,Silver
23521,Toyota,Camry,2012.0,Sedan,Petrol,2.5,90472.0,6.0,Automatic,FWD,Silver
11604,Toyota,Aqua,2012.0,Sedan,Hybrid,1.5,108119.0,4.0,Automatic,FWD,Silver
17249,Toyota,Corolla,2016.0,Sedan,Petrol,1.8,80026.0,4.0,Automatic,FWD,Black
15681,Hyundai,Tucson,2008.0,SUV,Petrol,2.0,120724.0,2.0,Manual,AWD,Gray
18817,Mitsubishi,Outlander,2014.0,SUV,Petrol,2.0,84507.0,4.0,Automatic,FWD,White
706,Lexus,CT 200h,2011.0,Hatchback,Hybrid,1.8,72620.0,4.0,Automatic,FWD,Black
1019,Audi,A4,2017.0,Sedan,Petrol,2.0,68383.0,4.0,Automatic,AWD,Gray
1568,Volkswagen,Jetta,2014.0,Sedan,Diesel,2.0,51196.0,4.0,Automatic,FWD,Silver
7392,Nissan,Note,2005.0,Hatchback,Petrol,1.5,72701.0,4.0,Automatic,FWD,White
15053,Mazda,CX-5,2013.0,SUV,Petrol,2.5,56545.0,4.0,Automatic,AWD,Silver
8947,Hyundai,Sonata,2013.0,Sedan,Petrol,2.0,32844.0,4.0,Automatic,FWD,Black
58495,Ford,Taurus,2017.0,Sedan,Petrol,2.0,27673.0,4.0,Automatic,FWD,Black
24283,Chevrolet,Malibu,2013.0,Sedan,Petrol,2.0,65896.0,4.0,Automatic,FWD,Black
21805,Hyundai,H1,2011.0,Van,Diesel,2.0,34562.0,4.0,Automatic,FWD,Silver
16766,Hyundai,H1,2009.0,Wagon,Diesel,2.5,100869.0,4.0,Automatic,FWD,Gold
19444,Toyota,Prius,2014.0,Sedan,Hybrid,1.8,77672.0,4.0,Automatic,FWD,White
54393,Hyundai,Santa Fe,2016.0,SUV,Diesel,2.0,63176.0,4.0,Automatic,FWD,White
15681,Toyota,Prius,2010.0,Hatchback,Hybrid,1.8,79536.0,4.0,Automatic,FWD,White
10349,Honda,Fit,2014.0,Hatchback,Hybrid,1.5,80779.0,3.0,Automatic,FWD,Silver
23207,Lexus,HS 250h,2010.0,Sedan,Petrol,2.5,49089.0,4.0,Automatic,FWD,Gray
627,Lexus,CT 200h,2012.0,Hatchback,Hybrid,1.8,119728.0,4.0,Automatic,FWD,White
2430,Nissan,Altima,2016.0,Sedan,Petrol,2.5,88527.0,4.0,Automatic,FWD,Gray
6272,Subaru,Forester,2000.0,SUV,Petrol,2.0,124275.0,4.0,Automatic,AWD,White
16850,Toyota,Camry,2012.0,Sedan,Petrol,2.5,104662.0,4.0,Automatic,FWD,Black
28225,Toyota,Camry,2013.0,Sedan,Hybrid,2.5,62138.0,4.0,Automatic,FWD,White
15367,Hyundai,Sonata,2015.0,Sedan,Petrol,2.0,31296.0,4.0,Automatic,FWD,White
41886,Hyundai,H1,2016.0,Van,Diesel,2.5,65056.0,4.0,Automatic,FWD,Silver
3293,Hyundai,Elantra,2017.0,Sedan,Petrol,2.0,85748.0,4.0,Automatic,FWD,Blue
17249,Ford,Fusion,2014.0,Sedan,Petrol,2.5,57493.0,4.0,Automatic,FWD,Silver
23436,Chevrolet,Captiva,2015.0,SUV,Diesel,2.0,45140.0,4.0,Automatic,FWD,Silver
9095,Toyota,Prius,2007.0,Hatchback,Hybrid,1.5,108740.0,4.0,Automatic,FWD,Red
21012,Toyota,Camry,2012.0,Sedan,Petrol,2.5,62759.0,4.0,Automatic,FWD,Black
23521,Toyota,Camry,2014.0,Sedan,Petrol,2.5,45982.0,4.0,Automatic,FWD,Red
7840,Nissan,Note,2008.0,Sedan,Petrol,1.5,100332.0,4.0,Automatic,FWD,Gold
12858,Subaru,Forester,2015.0,SUV,Petrol,2.5,57894.0,4.0,Automatic,AWD,Red
14426,Toyota,Camry,2013.0,Sedan,Hybrid,2.5,81649.0,4.0,Automatic,FWD,Blue
16935,Toyota,Prius,2009.0,Hatchback,Hybrid,1.8,91963.0,4.0,Automatic,FWD,Gray
18500,Hyundai,Santa Fe,2010.0,SUV,Diesel,2.0,88501.0,4.0,Automatic,FWD,Silver
18189,Hyundai,Elantra,2012.0,Sedan,Petrol,1.8,75757.0,4.0,Automatic,FWD,Gray
549,Toyota,Camry,2016.0,Sedan,Petrol,2.5,72982.0,4.0,Automatic,FWD,Silver
15053,Chevrolet,Malibu,2014.0,Sedan,Diesel,2.0,24056.0,4.0,Automatic,FWD,Brown
549,Mercedes-Benz,CLA,2016.0,Sedan,Petrol,2.0,31412.0,4.0,Automatic,FWD,White
49858,Hyundai,Santa Fe,2016.0,SUV,Diesel,2.0,78582.0,4.0,Automatic,FWD,Gray
27284,Hyundai,Santa Fe,2014.0,SUV,Diesel,2.0,31756.0,4.0,Automatic,FWD,White
37897,Hyundai,Santa Fe,2015.0,SUV,Diesel,2.0,92204.0,4.0,Automatic,FWD,White
17939,Chevrolet,Cruze,2014.0,Sedan,Diesel,2.0,84385.0,4.0,Automatic,FWD,Gray
4704,Mazda,Mazda6,2015.0,Sedan,Petrol,2.5,74778.0,4.0,Automatic,FWD,White
27284,Honda,Fit,2019.0,Hatchback,Petrol,1.5,933.0,4.0,Automatic,FWD,Gold
17249,Kia,Sportage,2011.0,SUV,Diesel,2.0,36350.0,4.0,Automatic,FWD,Black
37000,Hyundai,H1,2014.0,Van,Diesel,2.5,75065.0,4.0,Automatic,FWD,Silver
18189,Toyota,Prius C,2012.0,Hatchback,Hybrid,1.5,108368.0,4.0,Automatic,FWD,Gray
19757,Toyota,Prius,2012.0,Hatchback,Hybrid,1.8,62759.0,4.0,Automatic,FWD,Gray
33870,BMW,3 Series,2013.0,Sedan,Petrol,2.0,68973.0,4.0,Automatic,RWD,Black
25500,Subaru,Forester,2015.0,SUV,Petrol,2.5,42875.0,4.0,Automatic,AWD,Silver
14113,Ford,Focus,2013.0,Sedan,Petrol,2.0,47722.0,4.0,Automatic,FWD,Black
13485,Hyundai,Elantra,2013.0,Sedan,Petrol,1.8,10564.0,4.0,Automatic,FWD,Black
32412,Hyundai,H1,2014.0,Van,Diesel,2.5,81995.0,4.0,Automatic,FWD,White
7997,Kia,Optima,2012.0,Sedan,Petrol,2.0,44225.0,4.0,Automatic,FWD,White
39085,Chevrolet,Captiva,2015.0,SUV,Diesel,2.0,47566.0,4.0,Automatic,FWD,Black
28225,Mercedes-Benz,C-Class,2011.0,Sedan,Petrol,1.8,14913.0,4.0,Automatic,RWD,Red
19676,Chevrolet,Malibu,2012.0,Sedan,Petrol,2.0,120959.0,4.0,Automatic,FWD,White
2666,Ford,Fusion,2015.0,Sedan,Hybrid,2.0,62602.0,4.0,Automatic,FWD,Green
706,Toyota,Prius,2012.0,Hatchback,Hybrid,1.5,99475.0,4.0,Automatic,FWD,Red
18503,Toyota,Prius,2010.0,Sedan,Hybrid,1.8,72080.0,4.0,Automatic,FWD,Silver
862,Ford,Fusion,2014.0,Sedan,Hybrid,2.0,115605.0,4.0,Automatic,FWD,Black
14834,Hyundai,Sonata,2011.0,Sedan,Petrol,2.0,118061.0,4.0,Automatic,FWD,Gray
1254,Audi,A4,2014.0,Sedan,Petrol,2.0,26344.0,4.0,Automatic,AWD,Gray
12858,Toyota,Prius,2010.0,Hatchback,Petrol,1.8,12117.0,4.0,Automatic,FWD,Blue
17092,Hyundai,Elantra,2017.0,Sedan,Petrol,2.0,20566.0,4.0,Automatic,FWD,Red
2195,Toyota,C-HR,2018.0,SUV,Petrol,2.0,14178.0,4.0,Automatic,FWD,Gray
41886,Hyundai,H1,2016.0,Van,Diesel,2.5,65056.0,4.0,Automatic,FWD,Silver
25716,Toyota,Camry,2012.0,Sedan,Petrol,2.5,91805.0,4.0,Automatic,FWD,Gray
28059,Hyundai,Santa Fe,2013.0,SUV,Diesel,2.0,32530.0,4.0,Automatic,FWD,White
27598,Hyundai,Elantra,2017.0,Sedan,Petrol,2.0,51699.0,4.0,Automatic,FWD,Silver
33908,Hyundai,Tucson,2014.0,SUV,Diesel,2.0,52975.0,4.0,Automatic,FWD,Black
17035,Hyundai,Sonata,2010.0,Sedan,Petrol,2.0,89789.0,4.0,Automatic,FWD,White
42337,Toyota,RAV4,2015.0,SUV,Petrol,2.5,4673.0,8.0,Automatic,FWD,White
20385,Toyota,Camry,2012.0,Sedan,Petrol,2.5,100663.0,4.0,Automatic,FWD,Black
36567,Hyundai,Santa Fe,2015.0,SUV,Diesel,2.0,91245.0,4.0,Automatic,FWD,Blue
15681,Hyundai,Elantra,2013.0,Sedan,Petrol,1.8,74565.0,4.0,Automatic,FWD,Blue
1490,Lexus,CT 200h,2012.0,Hatchback,Hybrid,1.8,108185.0,4.0,Automatic,FWD,White
21012,Toyota,Prius,2013.0,Hatchback,Hybrid,1.8,47846.0,4.0,Automatic,FWD,Blue
15994,Toyota,Prius,2010.0,Sedan,Hybrid,1.8,111847.0,4.0,Automatic,FWD,Black
14113,Toyota,Aqua,2013.0,Hatchback,Hybrid,1.5,87614.0,4.0,Automatic,FWD,Silver
5645,Subaru,XV,2013.0,Sedan,Petrol,2.0,65569.0,4.0,Automatic,AWD,Blue
36899,Hyundai,H1,2016.0,Van,Diesel,2.5,74005.0,4.0,Automatic,FWD,Silver
27911,Toyota,RAV4,2013.0,SUV,Petrol,2.5,51699.0,4.0,Automatic,AWD,Silver
14113,Volkswagen,Jetta,2013.0,Sedan,Petrol,2.5,95692.0,6.0,Automatic,FWD,Black
6586,Toyota,Corolla,2001.0,Sedan,Petrol,1.5,85750.0,4.0,Automatic,FWD,Silver
3450,Toyota,Camry,2019.0,Sedan,Hybrid,2.5,5982.0,4.0,Automatic,FWD,Black
18817,Chevrolet,Volt,2018.0,Sedan,Hybrid,1.5,43944.0,4.0,Automatic,FWD,Black
21012,Toyota,C-HR,2019.0,SUV,Petrol,2.0,12325.0,4.0,Automatic,FWD,Silver
24775,Toyota,Camry,2014.0,Sedan,Petrol,2.5,59652.0,4.0,Automatic,FWD,Gray
83107,Hyundai,H1,2019.0,Van,Diesel,2.5,13324.0,4.0,Automatic,FWD,White
45445,Chevrolet,Impala,2017.0,Sedan,Petrol,2.5,40698.0,4.0,Automatic,FWD,Black
8311,Mercedes-Benz,GLA,2016.0,SUV,Petrol,2.0,68075.0,4.0,Automatic,FWD,White
12544,Mitsubishi,Pajero iO,2000.0,SUV,Petrol,2.0,9321.0,5.0,Automatic,AWD,White
14950,Subaru,Impreza,2011.0,Hatchback,Petrol,2.0,79536.0,4.0,Automatic,AWD,Silver
549,Hyundai,Elantra,2017.0,Sedan,Petrol,2.0,54282.0,4.0,Automatic,FWD,Blue
9722,Toyota,Camry,2018.0,Sedan,Hybrid,2.5,79235.0,4.0,Automatic,FWD,Black
11290,Toyota,Prius,2008.0,Hatchback,Hybrid,1.5,116818.0,4.0,Automatic,FWD,Gold
22580,Kia,Optima,2016.0,Sedan,Petrol,2.0,39070.0,4.0,Automatic,FWD,White
55528,Hyundai,Santa Fe,2017.0,SUV,Diesel,2.0,52391.0,4.0,Automatic,FWD,Silver
25716,Toyota,Camry,2012.0,Sedan,Hybrid,2.5,66487.0,4.0,Automatic,FWD,Black
22900,Toyota,Prius,2012.0,Hatchback,Hybrid,1.8,61516.0,4.0,Automatic,FWD,White
22894,Toyota,Camry,2014.0,Sedan,Petrol,2.5,36289.0,4.0,Automatic,FWD,Gray
31650,Hyundai,H1,2014.0,Van,Diesel,2.5,102406.0,4.0,Automatic,FWD,White
10663,Toyota,Prius C,2012.0,Hatchback,Hybrid,1.5,80779.0,4.0,Automatic,FWD,Blue
14426,Toyota,Prius,2012.0,Sedan,Hybrid,1.8,79116.0,4.0,Automatic,FWD,Black
24123,Hyundai,Tucson,2012.0,SUV,Diesel,2.0,105447.0,4.0,Automatic,FWD,Silver
53154,Hyundai,Santa Fe,2017.0,SUV,Diesel,2.0,65711.0,4.0,Automatic,FWD,White
22266,Mitsubishi,Outlander Sport,2014.0,SUV,Petrol,2.0,47846.0,4.0,Automatic,AWD,Black
29323,Hyundai,Santa Fe,2015.0,SUV,Diesel,2.0,50420.0,4.0,Automatic,FWD,White
26096,Chevrolet,Orlando,2016.0,SUV,Petrol,2.0,75770.0,4.0,Automatic,FWD,White
23521,Toyota,Corolla,2014.0,Sedan,Petrol,1.8,46603.0,6.0,Automatic,FWD,Black
19823,Toyota,Aqua,2014.0,Hatchback,Petrol,1.5,76259.0,4.0,Automatic,FWD,Black
16935,Ford,Fusion,2014.0,Sedan,Petrol,2.5,80779.0,4.0,Automatic,FWD,White
35438,Mazda,CX-9,2019.0,Sedan,Petrol,2.5,7299.0,4.0,Automatic,FWD,Gray
16778,Hyundai,Tucson,2011.0,SUV,Diesel,2.0,51730.0,4.0,Automatic,FWD,White
12544,Volkswagen,Jetta,2014.0,Sedan,Petrol,2.5,78915.0,5.0,Automatic,FWD,Black
43905,Toyota,C-HR,2018.0,SUV,Petrol,2.0,14541.0,4.0,Automatic,FWD,Blue
13987,Chevrolet,Cruze,2012.0,Sedan,Diesel,2.0,65224.0,4.0,Automatic,FWD,Gray
549,Lexus,CT 200h,2013.0,Hatchback,Hybrid,1.8,41004.0,4.0,Automatic,FWD,Silver
23521,Toyota,Camry,2014.0,Sedan,Petrol,2.5,54681.0,4.0,Automatic,FWD,Black
13998,Mitsubishi,Outlander,2011.0,SUV,Petrol,2.0,62138.0,4.0,Automatic,AWD,Black
784,Toyota,Camry,2014.0,Sedan,Hybrid,2.5,63627.0,4.0,Automatic,FWD,Black
35846,Hyundai,H1,2017.0,Wagon,Diesel,2.5,89247.0,4.0,Automatic,FWD,Black
25559,Volkswagen,Passat,2011.0,Sedan,Petrol,2.5,46603.0,5.0,Automatic,FWD,Silver
12858,Toyota,Aqua,2013.0,Sedan,Hybrid,1.5,99619.0,4.0,Automatic,FWD,Silver
2038,Toyota,Prius,2015.0,SUV,Hybrid,1.8,65117.0,4.0,Automatic,FWD,White
5802,Ford,Fusion,2018.0,SUV,Hybrid,2.0,32941.0,4.0,Automatic,FWD,Gray
6272,Toyota,C-HR,2018.0,SUV,Petrol,2.0,11654.0,4.0,Automatic,FWD,Red
54932,Ford,Taurus,2016.0,Sedan,Petrol,2.0,26442.0,4.0,Automatic,FWD,Black
26971,Mazda,Mazda6,2017.0,Sedan,Petrol,2.5,19694.0,4.0,Automatic,FWD,Black
8154,Toyota,Prius,2013.0,Hatchback,Hybrid,1.8,108077.0,4.0,Automatic,FWD,Silver
34074,Hyundai,Santa Fe,2014.0,SUV,Diesel,2.0,95763.0,4.0,Automatic,FWD,Gray
12858,Toyota,Prius,2007.0,Hatchback,Hybrid,1.5,76118.0,4.0,Automatic,FWD,Black
28423,Hyundai,H1,2014.0,Van,Diesel,2.5,118061.0,4.0,Automatic,FWD,White
35005,Hyundai,H1,2016.0,Van,Diesel,2.5,70397.0,4.0,Automatic,FWD,White
21326,Kia,Optima,2012.0,Sedan,Petrol,2.0,103397.0,6.0,Automatic,FWD,White
9408,Toyota,Aqua,2012.0,Hatchback,Hybrid,1.5,74565.0,4.0,Automatic,FWD,Silver
3763,Hyundai,Elantra,2014.0,Sedan,Petrol,1.8,68777.0,4.0,Automatic,FWD,White
23521,Toyota,RAV4,2011.0,SUV,Petrol,2.5,89478.0,4.0,Automatic,FWD,Black
21805,Hyundai,H1,2010.0,Van,Diesel,2.5,36635.0,4.0,Automatic,FWD,Black
13799,Dodge,Caliber,2010.0,Wagon,Petrol,2.0,39147.0,4.0,Automatic,FWD,Black
9408,Honda,Fit,2007.0,Hatchback,Petrol,1.5,111847.0,4.0,Automatic,FWD,Blue
10663,Nissan,Serena,2005.0,Van,Petrol,2.0,72701.0,4.0,Automatic,FWD,Black
9377,Chevrolet,Captiva,2008.0,SUV,Diesel,2.0,33176.0,4.0,Automatic,FWD,White
30517,Hyundai,H1,2014.0,Van,Diesel,2.5,94358.0,4.0,Automatic,FWD,Gray
8500,Ford,Transit,1992.0,Van,Diesel,2.5,1605.0,4.0,Manual,RWD,Blue
8200,Honda,CR-V,2002.0,SUV,Petrol,2.0,42875.0,4.0,Automatic,AWD,Silver
57607,Toyota,Aqua,2017.0,Hatchback,Petrol,1.5,9321.0,4.0,Automatic,FWD,Black
13799,Hyundai,Sonata,2015.0,Sedan,Petrol,2.0,18802.0,4.0,Automatic,FWD,Silver
6272,Mazda,MPV,2001.0,Van,Petrol,2.5,86355.0,6.0,Automatic,AWD,Black
549,Hyundai,Elantra,2016.0,Sedan,Petrol,1.8,45779.0,4.0,Automatic,FWD,Silver
48575,Hyundai,Santa Fe,2016.0,SUV,Diesel,2.0,75583.0,4.0,Automatic,FWD,Silver
12544,Honda,Civic,2009.0,Sedan,Petrol,1.8,46603.0,4.0,Automatic,FWD,White
14113,Chevrolet,Cruze,2014.0,Sedan,Petrol,1.8,80779.0,6.0,Automatic,FWD,Blue
24239,Honda,Fit,2013.0,Hatchback,Petrol,1.5,12490.0,4.0,Automatic,FWD,Blue
5018,Toyota,Camry,2013.0,Sedan,Hybrid,2.5,118402.0,4.0,Automatic,FWD,Black
51166,Jeep,Cherokee,2015.0,SUV,Diesel,2.0,84225.0,4.0,Automatic,FWD,Gray
9408,Mercedes-Benz,C-Class,2000.0,Sedan,Petrol,2.0,11807.0,4.0,Automatic,RWD,Silver
25089,Toyota,Aqua,2014.0,Hatchback,Petrol,1.5,60149.0,4.0,Automatic,FWD,Black
3293,Toyota,Prius,2010.0,Hatchback,Hybrid,1.8,99036.0,4.0,Automatic,FWD,White
27911,Honda,Civic,2013.0,Sedan,Petrol,1.8,55924.0,4.0,Automatic,FWD,Silver
59831,Hyundai,Genesis,2013.0,Coupe,Petrol,2.0,33483.0,4.0,Automatic,FWD,Black
17876,Ford,Fusion,2014.0,Sedan,Hybrid,2.0,68476.0,4.0,Automatic,FWD,White
25716,Hyundai,Santa Fe,2013.0,SUV,Diesel,2.0,22654.0,4.0,Automatic,FWD,White
11447,BMW,5 Series,2002.0,Sedan,Petrol,2.5,99420.0,4.0,Automatic,RWD,Silver
23138,Hyundai,Santa Fe,2011.0,SUV,Diesel,2.0,119202.0,4.0,Automatic,FWD,Silver
13485,Toyota,Aqua,2013.0,Sedan,Hybrid,1.5,75186.0,4.0,Automatic,FWD,Silver
14113,Toyota,Prius,2010.0,Sedan,Hybrid,1.8,112482.0,4.0,Automatic,FWD,Black
1725,Nissan,Altima,2015.0,Sedan,Petrol,2.5,101828.0,4.0,Automatic,FWD,Black
21395,Hyundai,Tucson,2012.0,SUV,Diesel,2.0,105530.0,4.0,Automatic,FWD,Gray
3607,Toyota,Camry,2012.0,Sedan,Hybrid,2.5,97256.0,4.0,Automatic,FWD,White
3293,Honda,Civic,2012.0,Sedan,Petrol,1.8,77367.0,4.0,Automatic,FWD,White
10663,Nissan,Versa,2011.0,Hatchback,Petrol,1.8,88857.0,4.0,Automatic,FWD,Black
10117,Chevrolet,Cruze,2011.0,Sedan,Petrol,1.8,105634.0,4.0,Automatic,FWD,Gray
28830,Hyundai,Tucson,2013.0,SUV,Diesel,2.0,82034.0,4.0,Automatic,FWD,Silver
24891,Nissan,Versa,2011.0,Hatchback,Petrol,1.8,33138.0,4.0,Automatic,FWD,Black
30891,Honda,Civic,2015.0,Sedan,Petrol,1.8,62546.0,4.0,Automatic,FWD,Silver
43952,Hyundai,H1,2017.0,Wagon,Diesel,2.5,69372.0,4.0,Automatic,FWD,Gray
2430,Volkswagen,Passat,2015.0,Sedan,Petrol,1.8,88158.0,4.0,Automatic,FWD,Gray
55515,Hyundai,Santa Fe,2016.0,SUV,Diesel,2.0,40198.0,4.0,Automatic,FWD,Silver
27435,Honda,Fit,2014.0,Hatchback,Petrol,1.5,67730.0,4.0,Automatic,FWD,White
22433,Hyundai,H1,2014.0,SUV,Diesel,2.5,46112.0,4.0,Automatic,FWD,Silver
34419,Chevrolet,Malibu,2016.0,Sedan,Petrol,2.0,66265.0,4.0,Automatic,FWD,White
18503,Ford,Fusion,2017.0,Sedan,Hybrid,2.0,46974.0,4.0,Automatic,FWD,White
9722,Toyota,Camry,2018.0,Sedan,Hybrid,2.5,79235.0,4.0,Automatic,FWD,Black
7200,Subaru,Forester,2000.0,SUV,Petrol,2.5,92613.0,4.0,Manual,AWD,Gold
17562,Subaru,other,2015.0,Coupe,Petrol,2.0,37116.0,4.0,Automatic,RWD,Gray
18117,Hyundai,Tucson,2011.0,SUV,Diesel,2.0,112561.0,4.0,Automatic,FWD,Silver
15994,Toyota,Prius,2010.0,Sedan,Hybrid,1.8,90099.0,4.0,Automatic,FWD,Blue
1646,Hyundai,Elantra,2010.0,Sedan,Petrol,2.0,106878.0,4.0,Automatic,FWD,Blue
35124,Toyota,RAV4,2014.0,SUV,Petrol,2.5,34176.0,4.0,Automatic,FWD,White
12858,Mercedes-Benz,GLA,2015.0,SUV,Petrol,2.0,99375.0,4.0,Automatic,FWD,Black
30351,Hyundai,Tucson,2014.0,SUV,Diesel,2.0,83730.0,4.0,Automatic,FWD,Gray
35839,Honda,Fit,2016.0,Hatchback,Petrol,1.5,6063.0,4.0,Automatic,FWD,Blue
35902,Hyundai,Santa Fe,2016.0,SUV,Diesel,2.0,122084.0,4.0,Automatic,FWD,Black
5175,Nissan,Skyline,2003.0,Sedan,Petrol,2.5,122411.0,6.0,Automatic,RWD,Silver
7840,Nissan,Tiida,2010.0,Hatchback,Petrol,1.8,82357.0,4.0,Automatic,FWD,Blue
35736,Hyundai,H1,2014.0,Van,Diesel,2.5,68651.0,4.0,Automatic,FWD,Gold
16778,Hyundai,H1,2011.0,Van,Diesel,2.5,28574.0,4.0,Automatic,FWD,White
14715,Hyundai,Sonata,2010.0,Sedan,Petrol,2.0,96218.0,4.0,Automatic,FWD,White
18117,Toyota,Aqua,2013.0,Hatchback,Petrol,1.5,42875.0,4.0,Automatic,FWD,Gray
862,Honda,Fit,2016.0,Sedan,Petrol,1.5,19803.0,4.0,Automatic,FWD,Black
23521,Ford,Fusion,2015.0,Sedan,Petrol,2.0,48114.0,4.0,Automatic,FWD,Gray
28589,Chevrolet,Captiva,2014.0,SUV,Diesel,2.0,52148.0,4.0,Automatic,FWD,Silver
11917,Nissan,X-Trail,2005.0,SUV,Petrol,2.0,85410.0,4.0,Automatic,AWD,White
2979,Mitsubishi,Outlander,2013.0,SUV,Petrol,2.0,64071.0,4.0,Automatic,FWD,Silver
12544,Ford,Focus,2014.0,Hatchback,Petrol,2.0,64199.0,4.0,Automatic,FWD,Silver
20385,Toyota,Prius,2013.0,Sedan,Hybrid,1.8,64002.0,4.0,Automatic,FWD,Blue
21012,Toyota,Camry,2014.0,Sedan,Petrol,2.5,86992.0,4.0,Automatic,FWD,Gray
17876,Hyundai,Elantra,2014.0,Hatchback,Petrol,1.8,42751.0,8.0,Automatic,FWD,Red
22947,Hyundai,Tucson,2012.0,SUV,Diesel,2.0,112152.0,4.0,Automatic,FWD,Silver
21012,Mazda,Mazda6,2017.0,Sedan,Petrol,2.5,46909.0,4.0,Automatic,FWD,Red
37229,Hyundai,Tucson,2016.0,SUV,Diesel,2.0,92789.0,4.0,Automatic,FWD,Black
11133,Toyota,Camry,2014.0,Sedan,Hybrid,2.5,111463.0,4.0,Automatic,FWD,Black
15994,Toyota,Aqua,2012.0,Hatchback,Hybrid,1.5,119925.0,4.0,Automatic,FWD,Gold
19456,Hyundai,Tucson,2012.0,SUV,Diesel,2.0,119636.0,4.0,Automatic,FWD,White
13184,Toyota,Aqua,2013.0,Hatchback,Petrol,1.5,77672.0,4.0,Automatic,FWD,White
49058,Chevrolet,Impala,2016.0,Sedan,Petrol,2.5,45453.0,4.0,Automatic,FWD,Silver
15681,Volkswagen,Passat,2012.0,Sedan,Petrol,2.5,1251.0,4.0,Automatic,FWD,Gray
15053,Toyota,Aqua,2014.0,Hatchback,Hybrid,1.5,7333.0,4.0,Automatic,FWD,White
18422,Toyota,Aqua,2014.0,Hatchback,Petrol,1.5,22246.0,4.0,Automatic,FWD,Silver
16935,Toyota,Prius C,2012.0,Hatchback,Hybrid,1.5,66487.0,4.0,Automatic,FWD,Red
26149,Hyundai,Tucson,2011.0,SUV,Diesel,2.0,78492.0,4.0,Automatic,FWD,Gray
21169,Mitsubishi,Outlander,2017.0,SUV,Petrol,2.0,25900.0,4.0,Automatic,FWD,Blue
13877,Chevrolet,Cruze,2012.0,Sedan,Petrol,1.8,78293.0,4.0,Automatic,FWD,White
42808,Toyota,Camry,2018.0,Sedan,Petrol,2.5,15151.0,4.0,Automatic,FWD,Black
44517,Hyundai,H1,2016.0,Wagon,Diesel,2.5,77490.0,4.0,Automatic,FWD,Gray
21639,Toyota,Corolla,2016.0,Sedan,Petrol,1.8,81400.0,4.0,Automatic,FWD,Gray
3136,Toyota,Camry,2012.0,Sedan,Hybrid,2.5,99034.0,4.0,Automatic,FWD,White
26475,Hyundai,Tucson,2011.0,SUV,Diesel,2.0,93943.0,4.0,Automatic,FWD,Silver
8000,Toyota,Aqua,2014.0,Hatchback,Hybrid,1.5,75808.0,4.0,Automatic,FWD,White
38894,Hyundai,Santa Fe,2013.0,SUV,Diesel,2.0,80107.0,4.0,Automatic,FWD,Silver
1568,Hyundai,Elantra,2018.0,Sedan,Petrol,2.0,38398.0,4.0,Automatic,FWD,Blue
17876,Hyundai,Elantra,2011.0,Sedan,Petrol,1.8,42733.0,4.0,Automatic,FWD,Black
23521,Toyota,Camry,2012.0,Sedan,Petrol,2.5,70215.0,4.0,Automatic,FWD,Black
16935,Toyota,Prius C,2012.0,Hatchback,Hybrid,1.5,56794.0,4.0,Automatic,FWD,Silver
18817,Toyota,Camry,2018.0,Sedan,Hybrid,2.5,21785.0,4.0,Automatic,FWD,White
2587,Toyota,C-HR,2018.0,SUV,Petrol,2.0,10075.0,4.0,Automatic,FWD,Gray
627,Toyota,C-HR,2019.0,SUV,Petrol,2.0,15124.0,4.0,Automatic,FWD,Blue
41387,Hyundai,H1,2016.0,Van,Diesel,2.5,68469.0,4.0,Automatic,FWD,Silver
18124,Hyundai,Genesis,2011.0,Coupe,Petrol,2.0,99420.0,4.0,Automatic,FWD,Black
46919,Hyundai,Santa Fe,2015.0,SUV,Diesel,2.0,72701.0,4.0,Automatic,FWD,Black
32929,Mitsubishi,Outlander Sport,2017.0,SUV,Petrol,2.0,13049.0,4.0,Automatic,AWD,Brown
16041,Chevrolet,Cruze,2012.0,Sedan,Petrol,1.8,50019.0,4.0,Automatic,FWD,Gray
4861,Honda,Civic,2015.0,Sedan,Hybrid,1.5,30617.0,4.0,Automatic,FWD,Blue
17405,Kia,Sportage,2011.0,SUV,Diesel,2.0,29349.0,4.0,Automatic,FWD,Gray
32910,Hyundai,H1,2014.0,Van,Diesel,2.5,86992.0,4.0,Automatic,FWD,Silver
6899,Subaru,Legacy,2002.0,Wagon,Petrol,2.0,117219.0,4.0,Automatic,AWD,Silver
51272,Honda,Civic,2016.0,Sedan,Petrol,2.0,26333.0,4.0,Automatic,FWD,White
10192,Lexus,ES 300,2015.0,Sedan,Hybrid,2.5,60915.0,4.0,Automatic,FWD,Black
8467,Volkswagen,Passat,2012.0,Sedan,Petrol,2.5,117120.0,4.0,Automatic,FWD,Silver
27174,Chevrolet,Captiva,2015.0,SUV,Diesel,2.0,63093.0,4.0,Automatic,FWD,Black
17240,Volkswagen,Passat,2012.0,Sedan,Petrol,2.5,67730.0,5.0,Automatic,FWD,Black
22649,Chevrolet,Orlando,2012.0,SUV,Diesel,2.0,80630.0,4.0,Automatic,FWD,Gray
38445,Chevrolet,Captiva,2016.0,SUV,Diesel,2.0,33848.0,4.0,Automatic,FWD,Silver
13799,Ford,Focus,2014.0,Sedan,Petrol,2.0,5369.0,4.0,Automatic,AWD,Silver
15053,Ford,Focus,2012.0,Sedan,Petrol,2.0,124275.0,4.0,Automatic,FWD,Silver
8900,Toyota,Aqua,2014.0,Sedan,Hybrid,1.5,85750.0,4.0,Automatic,FWD,White
1803,Toyota,Camry,2013.0,Sedan,Hybrid,2.5,85042.0,4.0,Automatic,FWD,Blue
22266,Toyota,Prius,2015.0,Hatchback,Hybrid,1.8,98798.0,4.0,Automatic,FWD,White
9408,Chevrolet,Cruze,2012.0,Sedan,Diesel,2.0,32506.0,4.0,Automatic,FWD,Black
20698,Hyundai,Sonata,2016.0,Sedan,Petrol,2.0,16609.0,4.0,Automatic,FWD,Gray
3607,Hyundai,Sonata,2011.0,Sedan,Petrol,2.0,105488.0,4.0,Automatic,FWD,Silver
24239,Toyota,Aqua,2014.0,Hatchback,Petrol,1.5,9002.0,4.0,Automatic,FWD,Silver
28532,Toyota,Aqua,2013.0,Hatchback,Petrol,1.5,36661.0,4.0,Automatic,FWD,White
1490,Lexus,CT 200h,2012.0,Hatchback,Hybrid,1.8,108185.0,4.0,Automatic,FWD,White
22197,Toyota,Aqua,2012.0,Hatchback,Petrol,1.5,40017.0,4.0,Automatic,FWD,Orange
37580,Hyundai,Tucson,2015.0,SUV,Diesel,2.0,37283.0,4.0,Automatic,FWD,Gray
50184,Hyundai,Tucson,2016.0,SUV,Diesel,2.0,75661.0,4.0,Automatic,FWD,Blue
18660,Mitsubishi,Outlander Sport,2014.0,SUV,Petrol,2.0,51895.0,4.0,Automatic,AWD,Silver
14113,Toyota,Prius,2010.0,Hatchback,Hybrid,1.8,121864.0,4.0,Automatic,FWD,White
29633,Hyundai,Tucson,2016.0,SUV,Diesel,2.0,16929.0,4.0,Automatic,FWD,Gray
11447,Toyota,Aqua,2014.0,Sedan,Hybrid,1.5,82643.0,4.0,Automatic,FWD,Silver
20071,Hyundai,Elantra,2013.0,Sedan,Petrol,1.8,76553.0,4.0,Automatic,FWD,Gray
17562,Toyota,Camry,2014.0,Sedan,Petrol,2.5,54681.0,4.0,Automatic,FWD,Black
36068,Hyundai,H1,2014.0,Van,Diesel,2.5,53397.0,4.0,Automatic,FWD,Silver
47217,Hyundai,H1,2017.0,Wagon,Diesel,2.5,24278.0,4.0,Automatic,FWD,Silver
37000,Hyundai,H1,2016.0,Wagon,Diesel,2.5,55924.0,4.0,Automatic,FWD,Silver
16621,Mercedes-Benz,E-Class,2017.0,Sedan,Petrol,2.0,44043.0,4.0,Automatic,RWD,Silver
12231,Chevrolet,Cruze,2011.0,Sedan,Petrol,1.8,80779.0,4.0,Automatic,FWD,Blue
17249,Toyota,Prius,2010.0,Hatchback,Hybrid,1.8,111350.0,4.0,Automatic,RWD,Black
17540,Kia,Optima,2013.0,Sedan,Petrol,2.0,25733.0,4.0,Automatic,FWD,White
1098,Toyota,Camry,2016.0,Sedan,Petrol,2.5,71079.0,4.0,Automatic,FWD,Blue
37580,Hyundai,Tucson,2016.0,SUV,Diesel,2.0,61516.0,4.0,Automatic,FWD,White
18000,Nissan,X-Trail,2016.0,SUV,Petrol,2.0,13671.0,4.0,Automatic,AWD,Red
29777,Hyundai,Santa Fe,2013.0,SUV,Diesel,2.0,113225.0,4.0,Automatic,FWD,White
34497,Ford,Fusion,2015.0,Sedan,Hybrid,2.0,48467.0,4.0,Automatic,FWD,Black
17186,Hyundai,Sonata,2012.0,Sedan,Petrol,2.0,97784.0,4.0,Automatic,FWD,Gray
5018,Chevrolet,Malibu,2019.0,Coupe,Petrol,1.5,5413.0,4.0,Automatic,FWD,Black
16308,Toyota,Camry,2018.0,Sedan,Petrol,2.5,28193.0,4.0,Automatic,FWD,Silver
862,Chevrolet,Malibu,2013.0,Sedan,Petrol,2.0,70903.0,4.0,Automatic,FWD,Blue
34406,Hyundai,H1,2014.0,Van,Diesel,2.5,74493.0,4.0,Automatic,FWD,Gray
45044,Hyundai,Sonata,2017.0,Sedan,Petrol,2.0,59620.0,4.0,Automatic,FWD,White
8467,Subaru,Forester,2005.0,Wagon,Petrol,2.0,90457.0,4.0,Automatic,AWD,Silver
14740,Hyundai,Elantra,2014.0,Hatchback,Petrol,2.0,32281.0,4.0,Automatic,FWD,Gray
1568,Volkswagen,Jetta,2014.0,Sedan,Diesel,2.0,51196.0,4.0,Automatic,FWD,Silver
14740,Hyundai,Elantra,2012.0,Sedan,Petrol,1.8,80157.0,4.0,Automatic,FWD,Blue
46101,Toyota,Camry,2015.0,Sedan,Hybrid,2.5,55675.0,6.0,Automatic,RWD,White
22580,Mercedes-Benz,E-Class,2017.0,Sedan,Petrol,2.0,31647.0,4.0,Automatic,RWD,Black
16621,Chevrolet,Orlando,2012.0,SUV,Diesel,2.0,123032.0,4.0,Automatic,FWD,Silver
19757,Toyota,Prius,2013.0,Sedan,Petrol,1.8,85481.0,4.0,Automatic,FWD,Blue
32302,Toyota,Camry,2013.0,Sedan,Hybrid,2.5,45733.0,6.0,Automatic,FWD,Blue
40390,Hyundai,Santa Fe,2016.0,SUV,Diesel,2.0,83521.0,4.0,Automatic,FWD,Silver
9879,Toyota,Prius,2010.0,Hatchback,Hybrid,1.8,90721.0,4.0,Automatic,FWD,Gray
16621,Hyundai,Elantra,2014.0,Sedan,Petrol,1.8,65617.0,4.0,Automatic,FWD,Red
17719,Hyundai,Elantra,2017.0,Sedan,Petrol,2.0,33489.0,4.0,Automatic,FWD,Silver
18245,Toyota,Prius,2010.0,Sedan,Hybrid,1.8,107316.0,4.0,Automatic,FWD,Black
14113,Hyundai,Elantra,2012.0,Sedan,Petrol,1.8,84169.0,4.0,Automatic,FWD,White
26343,Kia,Optima,2016.0,Sedan,Petrol,2.0,17020.0,4.0,Automatic,FWD,Black
6899,Chevrolet,Cruze,2010.0,Sedan,Petrol,1.8,93207.0,4.0,Automatic,FWD,Silver
16091,Hyundai,Genesis,2010.0,Coupe,Petrol,2.0,62138.0,4.0,Automatic,FWD,Gray
52263,Hyundai,Santa Fe,2016.0,SUV,Diesel,2.0,67124.0,4.0,Automatic,FWD,Black
27598,Hyundai,Elantra,2016.0,Sedan,Petrol,2.0,25477.0,4.0,Automatic,FWD,White
49751,Hyundai,Sonata,2015.0,Sedan,Petrol,2.0,15005.0,4.0,Automatic,FWD,Black
9408,Volkswagen,Jetta,2012.0,Sedan,Diesel,2.0,74328.0,4.0,Automatic,FWD,Black
20297,Hyundai,Sonata,2010.0,Sedan,Petrol,2.0,96680.0,4.0,Automatic,FWD,Gray
58579,Hyundai,Santa Fe,2016.0,SUV,Diesel,2.0,21748.0,4.0,Automatic,FWD,Gray
23521,Lexus,CT 200h,2013.0,Hatchback,Hybrid,1.8,77672.0,4.0,Automatic,FWD,Red
6586,Toyota,C-HR,2019.0,Coupe,Petrol,2.0,3243.0,4.0,Automatic,FWD,White
12701,Hyundai,H1,2010.0,SUV,Diesel,2.5,35273.0,4.0,Automatic,FWD,Silver
58018,Toyota,RAV4,2018.0,SUV,Petrol,2.5,844.0,4.0,Automatic,AWD,Gray
3607,Toyota,Camry,2012.0,Sedan,Hybrid,2.5,97256.0,4.0,Automatic,FWD,White
28222,Hyundai,Elantra,2016.0,Sedan,Petrol,2.0,44242.0,4.0,Automatic,FWD,Silver
61154,Toyota,Camry,2018.0,Sedan,Hybrid,2.5,19884.0,4.0,Automatic,FWD,Black
4861,Ford,Fusion,2014.0,Sedan,Hybrid,2.0,77357.0,4.0,Automatic,FWD,White
41720,Hyundai,Santa Fe,2016.0,SUV,Diesel,2.0,70290.0,4.0,Automatic,FWD,Gray
21326,Toyota,Prius C,2013.0,Hatchback,Hybrid,1.5,54060.0,4.0,Automatic,FWD,Gray
15292,Hyundai,Genesis,2010.0,Coupe,Petrol,2.0,91150.0,4.0,Automatic,FWD,Black
11917,Hyundai,Elantra,2013.0,Sedan,Petrol,1.8,49710.0,4.0,Automatic,FWD,Gray
21326,Toyota,Prius C,2015.0,Sedan,Hybrid,1.5,49399.0,4.0,Automatic,FWD,Gray
26594,Hyundai,Santa Fe,2012.0,SUV,Diesel,2.0,86076.0,4.0,Automatic,FWD,Black
706,BMW,X5,2016.0,SUV,Hybrid,2.0,45892.0,4.0,Automatic,AWD,Black
39515,Kia,Sorento,2016.0,SUV,Diesel,2.0,13474.0,4.0,Automatic,FWD,Black
17562,Hyundai,Elantra,2017.0,Sedan,Petrol,2.0,27341.0,4.0,Automatic,FWD,Black
17249,Volkswagen,Jetta,2014.0,Sedan,Petrol,1.8,66611.0,4.0,Automatic,RWD,White
19306,Toyota,Aqua,2013.0,Sedan,Petrol,1.5,30013.0,4.0,Automatic,FWD,Red
25089,Toyota,Camry,2012.0,Sedan,Hybrid,2.5,59031.0,4.0,Automatic,FWD,Gray
22649,Hyundai,Tucson,2011.0,SUV,Diesel,2.0,118846.0,4.0,Automatic,FWD,White
10515,Hyundai,Sonata,2014.0,Sedan,Petrol,2.0,34306.0,4.0,Automatic,FWD,Silver
10672,Hyundai,H1,2008.0,Van,Diesel,2.5,41537.0,4.0,Automatic,FWD,Silver
26657,Toyota,Camry,2015.0,Sedan,Petrol,2.5,73322.0,4.0,Automatic,FWD,Black
14113,Toyota,Prius,2008.0,Hatchback,Petrol,1.5,74565.0,4.0,Automatic,FWD,White
20385,Toyota,Prius,2010.0,Sedan,Hybrid,1.8,108311.0,4.0,Automatic,FWD,White
20385,Toyota,Prius,2014.0,Hatchback,Hybrid,1.8,96313.0,4.0,Automatic,FWD,Gray
39559,Hyundai,Santa Fe,2015.0,SUV,Diesel,2.0,80315.0,4.0,Automatic,FWD,White
124989,Honda,Civic,2019.0,Wagon,Petrol,2.0,3413.0,4.0,Automatic,FWD,Black
19601,Hyundai,Santa Fe,2011.0,SUV,Diesel,2.0,36381.0,4.0,Automatic,FWD,White
10000,Honda,Insight,2012.0,Hatchback,Hybrid,1.5,63380.0,4.0,Automatic,FWD,Silver
17663,Toyota,Aqua,2014.0,Hatchback,Petrol,1.5,33430.0,4.0,Automatic,FWD,Silver
52959,Hyundai,Santa Fe,2015.0,SUV,Diesel,2.0,61582.0,4.0,Automatic,FWD,Black
706,Subaru,XV,2015.0,Sedan,Petrol,2.0,69150.0,4.0,Automatic,AWD,Black
27924,Hyundai,Tucson,2012.0,SUV,Diesel,2.0,65516.0,4.0,Automatic,FWD,Black
5488,Toyota,Camry,2014.0,Sedan,Hybrid,2.5,68226.0,4.0,Automatic,FWD,White
24283,Hyundai,Tucson,2014.0,SUV,Diesel,2.0,117440.0,4.0,Automatic,FWD,White
36068,Hyundai,Santa Fe,2014.0,SUV,Diesel,2.0,93828.0,4.0,Automatic,FWD,Black
35344,Hyundai,H1,2015.0,Wagon,Diesel,2.5,56334.0,4.0,Automatic,FWD,White
23521,Toyota,Camry,2014.0,Sedan,Petrol,2.5,29299.0,4.0,Automatic,FWD,White
15681,Ford,Fusion,2013.0,Sedan,Petrol,2.0,83874.0,4.0,Automatic,FWD,Red
21953,Ford,Escape,2008.0,SUV,Hybrid,2.5,57788.0,4.0,Automatic,AWD,Silver
11000,Toyota,Prius V,2015.0,Hatchback,Hybrid,1.8,76429.0,4.0,Automatic,FWD,White
4547,Hyundai,Elantra,2017.0,Sedan,Petrol,2.0,72063.0,4.0,Automatic,FWD,White
28059,Chevrolet,Orlando,2014.0,SUV,Diesel,2.0,45764.0,4.0,Automatic,FWD,Silver
18826,Hyundai,Sonata,2011.0,Sedan,Petrol,2.0,90235.0,4.0,Automatic,FWD,Gray
34074,Hyundai,H1,2014.0,Van,Diesel,2.5,78896.0,4.0,Automatic,FWD,Silver
18817,Toyota,Camry,2018.0,Sedan,Hybrid,2.5,21785.0,4.0,Automatic,FWD,White
31675,Honda,Civic,2017.0,Hatchback,Petrol,1.5,29165.0,4.0,Automatic,FWD,Black
21012,Toyota,Prius,2013.0,Sedan,Hybrid,1.8,93206.0,4.0,Automatic,FWD,Black
941,Honda,Civic,2011.0,Sedan,Petrol,1.8,110139.0,4.0,Automatic,FWD,Black
53154,Hyundai,Santa Fe,2017.0,SUV,Diesel,2.0,65711.0,4.0,Automatic,FWD,White
11133,Toyota,Camry,2014.0,Sedan,Hybrid,2.5,111463.0,4.0,Automatic,FWD,Black
3450,Toyota,Prius,2013.0,Hatchback,Hybrid,1.8,46503.0,4.0,Automatic,FWD,White
28225,Lexus,CT 200h,2012.0,Hatchback,Hybrid,1.8,79721.0,4.0,Automatic,FWD,Brown
22266,Toyota,Prius,2012.0,Hatchback,Hybrid,1.8,35419.0,4.0,Automatic,FWD,Black
6429,Chevrolet,Captiva,2009.0,SUV,Diesel,2.0,46351.0,4.0,Automatic,FWD,Black
9252,Hyundai,Sonata,2013.0,Sedan,Petrol,2.0,63870.0,4.0,Automatic,FWD,White
7370,Mitsubishi,Pajero iO,1999.0,SUV,Petrol,1.8,96934.0,4.0,Automatic,AWD,White
16151,Kia,Optima,2014.0,Sedan,Petrol,2.0,24158.0,4.0,Automatic,FWD,Silver
24860,Hyundai,H1,2008.0,Van,Diesel,2.5,83858.0,4.0,Automatic,FWD,Silver
22894,Toyota,Camry,2012.0,Sedan,Petrol,2.5,124275.0,6.0,Automatic,RWD,White
7100,Volkswagen,Jetta,2002.0,Sedan,Petrol,2.0,12428.0,4.0,Manual,FWD,Black
55932,Hyundai,Sonata,2018.0,Sedan,Petrol,2.0,31262.0,4.0,Automatic,FWD,Gray
14113,Ford,Focus,2014.0,Hatchback,Petrol,2.0,8078.0,4.0,Manual,FWD,White
39559,Hyundai,Santa Fe,2015.0,SUV,Diesel,2.0,61516.0,4.0,Automatic,FWD,Gray
12544,Toyota,Prius,2015.0,Hatchback,Hybrid,1.8,73577.0,4.0,Automatic,FWD,Silver
15681,Toyota,Camry,2011.0,Sedan,Petrol,2.5,102665.0,4.0,Automatic,FWD,Black
2038,Toyota,Prius,2015.0,SUV,Hybrid,1.8,65117.0,4.0,Automatic,FWD,White
9722,Toyota,Camry,2018.0,Sedan,Hybrid,2.5,79235.0,4.0,Automatic,FWD,Black
16935,Toyota,Prius,2009.0,Hatchback,Hybrid,1.8,77051.0,4.0,Automatic,FWD,Black
16935,Ford,Focus,2012.0,Hatchback,Petrol,2.0,96690.0,4.0,Automatic,FWD,Black
15850,Hyundai,Sonata,2010.0,Sedan,Petrol,2.0,94801.0,4.0,Automatic,FWD,Gray
7683,Nissan,Serena,2003.0,Van,Petrol,2.0,1119.0,4.0,Automatic,FWD,Blue
10976,Ford,Focus,2012.0,Sedan,Petrol,2.0,75186.0,4.0,Automatic,FWD,Black
4077,Mercedes-Benz,C-Class,1995.0,Sedan,Petrol,1.8,124275.0,4.0,Manual,RWD,Silver
14069,Hyundai,Sonata,2010.0,Sedan,Petrol,2.0,105634.0,4.0,Automatic,FWD,Black
38975,Toyota,Aqua,2014.0,Sedan,Petrol,1.5,31690.0,4.0,Automatic,FWD,White
706,Toyota,Avalon,2014.0,Sedan,Hybrid,2.5,117574.0,4.0,Automatic,FWD,Black
17249,Hyundai,Elantra,2011.0,Sedan,Petrol,1.8,110356.0,4.0,Automatic,FWD,White
19444,Hyundai,Elantra,2015.0,Sedan,Petrol,1.8,59652.0,4.0,Automatic,FWD,Silver
40390,Hyundai,Santa Fe,2016.0,SUV,Diesel,2.0,108796.0,4.0,Automatic,FWD,White
18817,Toyota,Prius,2016.0,Hatchback,Hybrid,1.8,46043.0,4.0,Automatic,FWD,Silver
5645,Subaru,XV,2013.0,Sedan,Petrol,2.0,65569.0,4.0,Automatic,AWD,Blue
3920,Toyota,Corolla,2016.0,Sedan,Petrol,1.8,96898.0,4.0,Automatic,FWD,Silver
8781,other,other,2016.0,Sedan,Petrol,2.5,72568.0,4.0,Automatic,RWD,Black
23207,Toyota,RAV4,2011.0,SUV,Petrol,2.5,123281.0,4.0,Automatic,AWD,Green
13172,Kia,other,2015.0,Sedan,Petrol,1.8,44739.0,4.0,Manual,FWD,White
30906,Toyota,Aqua,2014.0,Hatchback,Petrol,1.5,26098.0,4.0,Automatic,FWD,Gray
19914,Toyota,Prius,2012.0,Hatchback,Hybrid,1.8,68351.0,4.0,Automatic,FWD,Black
9722,Nissan,Note,2008.0,Hatchback,Petrol,1.5,105634.0,4.0,Automatic,FWD,Black
7527,Ford,Transit,1997.0,Van,Diesel,2.5,622.0,4.0,Manual,RWD,White
549,Toyota,RAV4,2016.0,SUV,Hybrid,2.5,46015.0,4.0,Automatic,AWD,Blue
9408,Ford,Transit,1998.0,Van,Diesel,2.5,6905.0,4.0,Manual,RWD,White
35902,Hyundai,Tucson,2016.0,SUV,Diesel,2.0,62026.0,4.0,Automatic,FWD,White
13172,Toyota,Aqua,2014.0,Hatchback,Hybrid,1.5,43496.0,4.0,Automatic,FWD,Silver
18189,Hyundai,Elantra,2013.0,Sedan,Petrol,1.8,71582.0,4.0,Automatic,FWD,Gray
10036,Ford,Fusion,2015.0,Sedan,Hybrid,2.0,62602.0,4.0,Automatic,FWD,Green
16621,Toyota,Camry,2013.0,Sedan,Hybrid,2.5,85042.0,4.0,Automatic,FWD,Blue
16308,Volkswagen,Jetta,2011.0,Sedan,Petrol,2.0,60646.0,6.0,Automatic,FWD,Black
13485,Volkswagen,Jetta,2012.0,Sedan,Petrol,2.5,99420.0,4.0,Automatic,RWD,Blue
15132,Hyundai,Sonata,2010.0,Sedan,Petrol,2.0,115029.0,4.0,Automatic,FWD,Silver
15850,Hyundai,Sonata,2012.0,Sedan,Petrol,2.0,116690.0,4.0,Automatic,FWD,Gold
54346,Hyundai,Tucson,2018.0,SUV,Diesel,2.0,28896.0,4.0,Automatic,FWD,Gray
4077,Mercedes-Benz,C-Class,1995.0,Sedan,Petrol,1.8,1252.0,4.0,Manual,RWD,Black
549,Kia,other,2018.0,Sedan,Petrol,2.0,56721.0,4.0,Automatic,FWD,White
40769,Toyota,RAV4,2016.0,SUV,Petrol,2.5,37283.0,4.0,Automatic,FWD,Red
14454,Hyundai,Sonata,2010.0,Sedan,Petrol,2.0,106711.0,4.0,Automatic,FWD,Silver
6611,Toyota,Aqua,2013.0,Hatchback,Hybrid,1.5,89283.0,4.0,Automatic,FWD,White
7527,Toyota,RAV4,2012.0,SUV,Petrol,2.5,97700.0,4.0,Automatic,FWD,Silver
6899,Subaru,Forester,2015.0,SUV,Petrol,2.5,56167.0,4.0,Automatic,AWD,White
21012,Toyota,Camry,2012.0,Sedan,Petrol,2.5,62759.0,4.0,Automatic,FWD,Gray
21009,Hyundai,H1,2010.0,Van,Diesel,2.5,57375.0,4.0,Automatic,FWD,Silver
50526,Honda,Civic,2017.0,Sedan,Petrol,2.0,25941.0,4.0,Automatic,FWD,White
48610,Toyota,RAV4,2016.0,SUV,Hybrid,2.5,11807.0,4.0,Automatic,AWD,Blue
2117,Volkswagen,Jetta,2012.0,Sedan,Diesel,2.0,93383.0,4.0,Automatic,FWD,Silver
19444,Ford,Fusion,2015.0,Sedan,Petrol,2.5,55924.0,4.0,Automatic,FWD,Black
15681,Toyota,Prius,2010.0,Sedan,Hybrid,1.8,82643.0,4.0,Automatic,FWD,White
1176,Toyota,Prius,2015.0,Hatchback,Hybrid,1.8,83783.0,4.0,Automatic,FWD,Gray
21326,Hyundai,Elantra,2016.0,Sedan,Petrol,2.0,41632.0,4.0,Automatic,FWD,Black
14113,Honda,Civic,2012.0,Sedan,Hybrid,1.5,88235.0,4.0,Automatic,FWD,White
22580,Toyota,Camry,2014.0,Sedan,Petrol,2.5,18517.0,4.0,Automatic,FWD,White
18519,Chevrolet,Cruze,2013.0,Sedan,Diesel,2.0,101815.0,4.0,Automatic,FWD,White
9408,Toyota,Prius,2007.0,Hatchback,Hybrid,1.5,52817.0,4.0,Automatic,FWD,Gold
13877,Chevrolet,Cruze,2013.0,Sedan,Petrol,1.8,85463.0,4.0,Automatic,FWD,Black
23521,Ford,Fusion,2015.0,Sedan,Hybrid,2.0,52693.0,4.0,Automatic,FWD,Silver
7056,Hyundai,Sonata,2011.0,Sedan,Petrol,2.0,53077.0,4.0,Automatic,FWD,White
65858,Toyota,Camry,2019.0,Sedan,Petrol,2.5,4350.0,4.0,Automatic,FWD,Black
25089,Toyota,Camry,2013.0,Sedan,Hybrid,2.5,83699.0,4.0,Automatic,FWD,Black
22266,Chevrolet,Orlando,2017.0,SUV,Petrol,2.0,30095.0,4.0,Automatic,FWD,Black
6743,Lexus,CT 200h,2016.0,Hatchback,Hybrid,1.8,44680.0,4.0,Automatic,FWD,White
6272,Nissan,Note,2005.0,Hatchback,Petrol,1.5,96934.0,4.0,Automatic,FWD,Green
4077,Ford,Fiesta,1998.0,Sedan,Petrol,1.5,7196.0,4.0,Manual,FWD,Blue
5645,Mitsubishi,Pajero iO,2000.0,SUV,Petrol,1.8,6214.0,4.0,Automatic,FWD,Red
15681,Hyundai,Elantra,2014.0,Sedan,Petrol,1.8,92585.0,4.0,Automatic,FWD,Gray
549,Ford,Fusion,2016.0,Sedan,Petrol,2.0,31190.0,4.0,Automatic,FWD,Gray
42987,Hyundai,Sonata,2017.0,Sedan,Petrol,2.0,8170.0,4.0,Automatic,FWD,Black
5645,Toyota,Prius C,2012.0,Hatchback,Hybrid,1.5,61516.0,4.0,Automatic,FWD,White
19757,Subaru,Forester,2014.0,SUV,Petrol,2.5,90099.0,4.0,Automatic,AWD,White
23678,Chevrolet,Captiva,2015.0,SUV,Diesel,2.0,18642.0,4.0,Automatic,FWD,Silver
40983,Hyundai,Santa Fe,2014.0,SUV,Diesel,2.0,75106.0,4.0,Automatic,FWD,Silver
941,Chevrolet,Volt,2018.0,Sedan,Hybrid,1.5,26799.0,4.0,Automatic,FWD,Silver
39615,Toyota,Aqua,2015.0,Hatchback,Petrol,1.5,27079.0,4.0,Automatic,FWD,Silver
5018,Toyota,Camry,2013.0,Sedan,Hybrid,2.5,118402.0,4.0,Automatic,FWD,Black
21953,Toyota,Camry,2013.0,Sedan,Petrol,2.5,48518.0,4.0,Automatic,FWD,Black
21326,Toyota,Camry,2015.0,Sedan,Hybrid,2.5,8702.0,4.0,Automatic,FWD,Black
10349,Toyota,Aqua,2014.0,Hatchback,Hybrid,1.5,83761.0,4.0,Automatic,FWD,Silver
31361,Toyota,Camry,2016.0,Sedan,Petrol,2.5,33803.0,4.0,Automatic,FWD,Black
4547,Hyundai,Elantra,2017.0,Sedan,Petrol,2.0,72063.0,4.0,Automatic,FWD,White
1882,Toyota,Prius,2009.0,Sedan,Hybrid,1.5,88500.0,4.0,Automatic,FWD,White
37000,Hyundai,Tucson,2016.0,SUV,Diesel,2.0,84524.0,4.0,Automatic,FWD,Black
10349,Toyota,Camry,2016.0,Sedan,Petrol,2.5,43537.0,4.0,Automatic,FWD,White
7056,Hyundai,Sonata,2011.0,Sedan,Petrol,2.0,38033.0,4.0,Automatic,FWD,White
19130,Toyota,Prius,2013.0,Sedan,Hybrid,1.8,40390.0,4.0,Automatic,FWD,Silver
4359,Chevrolet,Captiva,2007.0,SUV,Diesel,2.0,32746.0,4.0,Automatic,FWD,Silver
21012,Toyota,Prius,2012.0,Hatchback,Hybrid,1.8,67589.0,4.0,Automatic,FWD,Gray
22649,Hyundai,Tucson,2010.0,SUV,Diesel,2.0,103347.0,4.0,Automatic,FWD,Black
40983,Hyundai,Santa Fe,2013.0,SUV,Diesel,2.0,59031.0,4.0,Automatic,FWD,Black
15681,Hyundai,Elantra,2014.0,Sedan,Petrol,1.8,59031.0,4.0,Automatic,FWD,Blue
23207,Chevrolet,Orlando,2012.0,SUV,Diesel,2.0,82048.0,4.0,Automatic,FWD,White
12541,Toyota,Prius,2010.0,Hatchback,Hybrid,1.8,84507.0,4.0,Automatic,FWD,Silver
59006,Hyundai,Tucson,2019.0,SUV,Diesel,2.0,8700.0,4.0,Automatic,FWD,Gray
12388,Toyota,Aqua,2013.0,Sedan,Hybrid,1.5,75708.0,4.0,Automatic,FWD,Brown
25264,Hyundai,Tucson,2014.0,SUV,Diesel,2.0,119291.0,4.0,Automatic,FWD,White
96749,Hyundai,Santa Fe,2020.0,SUV,Diesel,2.0,5684.0,4.0,Automatic,FWD,White
16621,Toyota,Prius,2012.0,Hatchback,Petrol,1.8,98365.0,4.0,Automatic,FWD,Blue
24433,Hyundai,H1,2014.0,Van,Diesel,2.5,79536.0,4.0,Automatic,FWD,Gray
3000,Mercedes-Benz,E-Class,2001.0,Sedan,Petrol,2.0,6905.0,4.0,Automatic,RWD,Blue
17249,Mitsubishi,Outlander,2011.0,SUV,Petrol,2.0,69594.0,4.0,Automatic,FWD,Gray
10349,Toyota,Aqua,2014.0,Hatchback,Hybrid,1.5,45361.0,4.0,Automatic,FWD,White
23932,Hyundai,Tucson,2013.0,SUV,Diesel,2.0,103622.0,4.0,Automatic,FWD,White
5959,Mazda,Demio,2002.0,Hatchback,Petrol,1.5,6836.0,4.0,Automatic,FWD,Blue
28539,Toyota,Prius,2016.0,Hatchback,Petrol,1.8,19263.0,4.0,Automatic,FWD,Gray
1490,Nissan,Sentra,2018.0,Sedan,Petrol,1.8,7127.0,4.0,Automatic,FWD,Black
1568,Toyota,Camry,2012.0,Sedan,Hybrid,2.5,74419.0,4.0,Automatic,FWD,Red
28830,Hyundai,Tucson,2012.0,SUV,Diesel,2.0,75155.0,4.0,Automatic,FWD,Silver
18817,Toyota,Prius,2011.0,Sedan,Hybrid,1.8,110605.0,4.0,Automatic,FWD,Gray
16308,Toyota,Prius,2010.0,Hatchback,Hybrid,1.8,84381.0,4.0,Automatic,FWD,Red
11290,Toyota,Prius,2008.0,Sedan,Hybrid,1.5,107498.0,4.0,Automatic,FWD,Blue
14426,Toyota,Prius,2010.0,Hatchback,Hybrid,1.8,117315.0,4.0,Automatic,FWD,Silver
10976,Subaru,Impreza,2015.0,Sedan,Petrol,2.0,59652.0,4.0,Automatic,AWD,White
1725,Volkswagen,Passat,2016.0,Sedan,Petrol,1.8,55629.0,4.0,Automatic,FWD,White
24932,Hyundai,Santa Fe,2014.0,SUV,Diesel,2.0,32434.0,4.0,Automatic,FWD,Beige
627,Chevrolet,Volt,2017.0,Hatchback,Hybrid,1.5,63616.0,4.0,Automatic,FWD,Blue
15994,Hyundai,H1,2009.0,Van,Diesel,2.5,46057.0,4.0,Automatic,FWD,Black
45044,Hyundai,Sonata,2017.0,Sedan,Petrol,2.0,54563.0,4.0,Automatic,FWD,Brown
28225,Ford,Fusion,2013.0,Sedan,Hybrid,2.0,78293.0,4.0,Automatic,FWD,Gray
53540,Chevrolet,Impala,2016.0,Sedan,Petrol,2.5,38668.0,4.0,Automatic,FWD,Black
8938,Toyota,Aqua,2013.0,Hatchback,Hybrid,1.5,67730.0,4.0,Automatic,FWD,Silver
8154,Toyota,Prius,2008.0,Hatchback,Hybrid,1.5,124275.0,4.0,Automatic,FWD,Gray
10506,Subaru,XV,2014.0,Sedan,Petrol,2.0,88366.0,4.0,Automatic,AWD,Black
9095,Toyota,Prius,2007.0,Hatchback,Hybrid,1.5,93206.0,4.0,Automatic,FWD,Silver
22580,Toyota,Camry,2013.0,Sedan,Petrol,2.5,29205.0,4.0,Automatic,FWD,White
9408,Dodge,Caliber,2012.0,Hatchback,Petrol,2.0,82643.0,4.0,Automatic,FWD,Gray
8467,Nissan,Tiida,2005.0,Hatchback,Petrol,1.5,69042.0,4.0,Automatic,AWD,Gold
3450,Toyota,Camry,2019.0,Sedan,Hybrid,2.5,5982.0,4.0,Automatic,FWD,Black
10349,Dodge,Caliber,2010.0,SUV,Petrol,2.0,55924.0,4.0,Automatic,FWD,Gold
20814,Chevrolet,Orlando,2013.0,SUV,Diesel,2.0,94152.0,4.0,Automatic,FWD,Silver
15681,Hyundai,Sonata,2016.0,Sedan,Petrol,2.0,121436.0,4.0,Automatic,FWD,Silver
9722,Honda,CR-V,1999.0,SUV,Petrol,2.0,90587.0,4.0,Manual,AWD,Blue
8781,Nissan,Altima,2005.0,Sedan,Petrol,2.5,32933.0,4.0,Automatic,FWD,Black
16308,Toyota,Prius,2012.0,Sedan,Hybrid,1.8,111847.0,4.0,Automatic,FWD,Gray
45436,Hyundai,Santa Fe,2015.0,SUV,Diesel,2.0,71743.0,4.0,Automatic,FWD,Blue
15285,Hyundai,Genesis,2010.0,Coupe,Petrol,2.0,71684.0,4.0,Automatic,FWD,Red
19429,Hyundai,Elantra,2012.0,Sedan,Petrol,1.8,115923.0,4.0,Automatic,FWD,Gray
9408,Nissan,X-Trail,2003.0,SUV,Petrol,2.0,114333.0,4.0,Automatic,AWD,Silver
18000,Hyundai,Elantra,2014.0,Coupe,Petrol,2.0,62138.0,4.0,Automatic,FWD,Black
12074,Kia,Optima,2011.0,Sedan,Petrol,2.0,30234.0,4.0,Automatic,FWD,White
13495,Hyundai,Sonata,2011.0,Sedan,Petrol,2.0,56967.0,4.0,Automatic,FWD,Gray
19933,Chevrolet,Malibu,2014.0,Sedan,Petrol,2.0,90586.0,4.0,Automatic,FWD,Black
10349,Mercedes-Benz,C-Class,2004.0,Sedan,Petrol,1.8,59652.0,4.0,Automatic,RWD,Silver
54850,Honda,Civic,2018.0,Sedan,Petrol,1.5,8108.0,4.0,Automatic,FWD,Gray
20071,Toyota,Camry,2012.0,Sedan,Petrol,2.5,52196.0,4.0,Automatic,FWD,Silver
67981,Hyundai,Santa Fe,2019.0,SUV,Diesel,2.0,6289.0,4.0,Automatic,FWD,Gray
9408,Volkswagen,Golf,1998.0,Hatchback,Petrol,2.0,82074.0,4.0,Automatic,FWD,Black
21103,Chevrolet,Malibu,2013.0,Sedan,Petrol,2.0,62836.0,4.0,Automatic,FWD,White
3607,Toyota,Camry,2012.0,Sedan,Hybrid,2.5,97256.0,4.0,Automatic,FWD,White
6900,Nissan,Note,2005.0,Sedan,Petrol,1.5,108119.0,4.0,Automatic,FWD,Silver
47694,Hyundai,H1,2016.0,Wagon,Diesel,2.5,49089.0,4.0,Automatic,FWD,Black
15681,Ford,Fusion,2014.0,Sedan,Petrol,2.5,73322.0,4.0,Automatic,FWD,White
7840,Nissan,Tiida,2005.0,Hatchback,Petrol,1.5,99420.0,4.0,Automatic,FWD,Silver
4391,Toyota,Camry,2013.0,Sedan,Petrol,2.5,106415.0,4.0,Automatic,FWD,Silver
9095,Hyundai,Elantra,2013.0,Sedan,Petrol,1.8,99420.0,4.0,Automatic,FWD,Silver
21953,Toyota,Prius,2012.0,Sedan,Petrol,1.8,76553.0,4.0,Automatic,FWD,Beige
14897,Toyota,Prius,2010.0,Hatchback,Hybrid,1.8,101408.0,4.0,Automatic,FWD,Brown
8590,Honda,Fit,2013.0,Hatchback,Hybrid,1.5,76100.0,4.0,Automatic,FWD,Blue
19306,Toyota,Aqua,2014.0,Hatchback,Petrol,1.5,50953.0,4.0,Automatic,FWD,Black
18817,Toyota,Prius,2014.0,Hatchback,Hybrid,1.8,90099.0,4.0,Automatic,FWD,Gray
34406,Hyundai,H1,2014.0,Van,Diesel,2.5,77948.0,4.0,Automatic,FWD,Silver
13768,Hyundai,H1,2011.0,Van,Diesel,2.5,33207.0,4.0,Automatic,FWD,Silver
30107,Subaru,Forester,2018.0,SUV,Petrol,2.5,49710.0,4.0,Automatic,AWD,Blue
549,Toyota,Camry,2018.0,SUV,Petrol,2.5,14499.0,4.0,Automatic,FWD,Silver
10976,Mercedes-Benz,C-Class,1999.0,Sedan,Petrol,2.0,93206.0,4.0,Automatic,RWD,Silver
36065,Toyota,C-HR,2018.0,SUV,Petrol,2.0,23124.0,4.0,Automatic,FWD,Gray
16308,Toyota,RAV4,2015.0,SUV,Petrol,2.5,45361.0,4.0,Automatic,AWD,Orange
18817,Toyota,Camry,2018.0,Sedan,Hybrid,2.5,21785.0,4.0,Automatic,FWD,White
49751,Hyundai,Sonata,2017.0,Sedan,Petrol,2.0,26830.0,4.0,Automatic,FWD,White
12858,Toyota,Aqua,2012.0,Hatchback,Hybrid,1.5,74565.0,4.0,Automatic,FWD,White
44542,Hyundai,Santa Fe,2015.0,SUV,Diesel,2.0,58332.0,4.0,Automatic,FWD,Blue
5300,Mercedes-Benz,C-Class,1995.0,Sedan,Petrol,2.0,622.0,4.0,Manual,RWD,Blue
19369,Hyundai,Genesis,2011.0,Coupe,Petrol,2.0,95475.0,4.0,Automatic,FWD,Red
15994,Hyundai,Sonata,2015.0,Sedan,Petrol,2.0,24780.0,4.0,Automatic,FWD,Black
51523,Hyundai,Elantra,2017.0,Sedan,Petrol,2.0,10572.0,4.0,Automatic,FWD,Gray
64002,Hyundai,Santa Fe,2018.0,SUV,Diesel,2.0,25960.0,4.0,Automatic,FWD,Blue
28068,Hyundai,Santa Fe,2013.0,SUV,Diesel,2.0,33082.0,4.0,Automatic,FWD,Gray
17876,Hyundai,Elantra,2013.0,Hatchback,Petrol,2.0,32933.0,4.0,Automatic,FWD,White
15245,Hyundai,Genesis,2011.0,Coupe,Petrol,2.0,73007.0,4.0,Automatic,FWD,Gray
627,Ford,Fusion,2017.0,Sedan,Hybrid,2.0,24953.0,4.0,Automatic,FWD,Black
784,BMW,3 Series,2016.0,Sedan,Petrol,2.0,54807.0,4.0,Automatic,AWD,Black
42965,Toyota,Avalon,2013.0,Sedan,Hybrid,2.5,60803.0,5.0,Automatic,FWD,Red
22063,Chevrolet,Orlando,2012.0,SUV,Diesel,2.0,68536.0,4.0,Automatic,FWD,Gray
31082,Hyundai,H1,2014.0,Van,Diesel,2.5,106237.0,4.0,Automatic,FWD,Gray
53314,Toyota,Camry,2018.0,Sedan,Petrol,2.5,4226.0,6.0,Automatic,FWD,Black
3607,Toyota,Camry,2012.0,Sedan,Hybrid,2.5,97256.0,4.0,Automatic,FWD,White
15053,Toyota,Prius,2013.0,Sedan,Hybrid,1.8,111226.0,4.0,Automatic,FWD,Silver
36827,Hyundai,Santa Fe,2013.0,SUV,Diesel,2.0,106724.0,4.0,Automatic,FWD,Silver
34102,Honda,Fit,2015.0,Hatchback,Petrol,1.5,40390.0,4.0,Automatic,FWD,White
57372,Hyundai,Santa Fe,2015.0,SUV,Diesel,2.0,30301.0,4.0,Automatic,FWD,Silver
16894,Hyundai,Sonata,2010.0,Sedan,Petrol,2.0,78790.0,4.0,Automatic,FWD,Black
10976,Dodge,Caliber,2011.0,Wagon,Petrol,2.0,103769.0,4.0,Automatic,FWD,Gray
13642,Hyundai,Sonata,2015.0,Sedan,Petrol,2.0,26719.0,4.0,Automatic,FWD,Silver
2587,Toyota,C-HR,2018.0,SUV,Petrol,2.0,10075.0,4.0,Automatic,FWD,Gray
17562,Toyota,Prius,2013.0,Hatchback,Hybrid,1.8,74601.0,4.0,Automatic,FWD,Silver
706,Hyundai,Tucson,2016.0,SUV,Petrol,2.0,37450.0,4.0,Automatic,FWD,Gray
21652,Hyundai,Tucson,2011.0,SUV,Diesel,2.0,100256.0,4.0,Automatic,FWD,Silver
97401,Hyundai,Santa Fe,2019.0,SUV,Diesel,2.0,9004.0,4.0,Automatic,FWD,White
17509,Honda,Fit,2014.0,Wagon,Hybrid,1.5,51018.0,4.0,Automatic,FWD,Silver
22266,Toyota,Camry,2014.0,Sedan,Petrol,2.5,44739.0,4.0,Automatic,FWD,Black
7683,Chevrolet,Captiva,2007.0,SUV,Diesel,2.0,67769.0,4.0,Automatic,FWD,Black
5488,Toyota,Camry,2014.0,Sedan,Hybrid,2.5,68226.0,4.0,Automatic,FWD,White
23521,Toyota,Camry,2012.0,Sedan,Hybrid,2.5,102820.0,4.0,Automatic,FWD,Gray
9408,Chevrolet,Cruze,2012.0,Sedan,Diesel,2.0,34977.0,4.0,Automatic,FWD,White
10349,Toyota,Aqua,2012.0,Hatchback,Hybrid,1.5,103769.0,4.0,Automatic,FWD,Silver
19130,Toyota,Camry,2013.0,Sedan,Petrol,2.5,87178.0,4.0,Automatic,FWD,Black
13799,Toyota,Aqua,2013.0,Hatchback,Hybrid,1.5,105634.0,4.0,Automatic,FWD,Silver
23592,Toyota,Prius,2013.0,Hatchback,Hybrid,1.8,70837.0,4.0,Automatic,FWD,White
34607,Hyundai,H1,2014.0,Van,Diesel,2.5,16778.0,4.0,Automatic,FWD,Silver
45210,Chevrolet,Malibu,2017.0,Sedan,Petrol,2.0,57842.0,4.0,Automatic,FWD,Silver
10914,Chevrolet,Cruze,2014.0,Sedan,Petrol,1.8,16307.0,4.0,Automatic,FWD,Silver
23678,Toyota,RAV4,2012.0,SUV,Petrol,2.5,110356.0,4.0,Automatic,FWD,Black
2038,Ford,Fusion,2011.0,Sedan,Petrol,2.5,108678.0,4.0,Automatic,FWD,White
24148,Mazda,Mazda6,2014.0,Sedan,Petrol,2.5,77672.0,4.0,Automatic,FWD,Gray
21012,Toyota,Prius,2014.0,Hatchback,Hybrid,1.8,61541.0,4.0,Automatic,FWD,White
13184,Toyota,Aqua,2014.0,Hatchback,Petrol,1.5,61671.0,4.0,Automatic,FWD,White
21636,Toyota,Camry,2011.0,Sedan,Petrol,2.5,70837.0,4.0,Automatic,FWD,Black
3450,Toyota,Camry,2019.0,Sedan,Hybrid,2.5,5982.0,4.0,Automatic,FWD,Black
1098,Subaru,XV,2014.0,SUV,Hybrid,2.0,79310.0,4.0,Automatic,AWD,White
1568,Toyota,Camry,2015.0,Sedan,Petrol,2.5,107560.0,4.0,Automatic,FWD,Silver
31424,Toyota,Aqua,2015.0,Hatchback,Petrol,1.5,19263.0,4.0,Automatic,FWD,Black
13764,Toyota,Aqua,2014.0,Hatchback,Petrol,1.5,98170.0,4.0,Automatic,FWD,Red
12544,Toyota,Camry,2009.0,Sedan,Petrol,2.5,80779.0,4.0,Automatic,FWD,Red
90919,Hyundai,Santa Fe,2020.0,SUV,Diesel,2.0,4121.0,4.0,Automatic,FWD,Gray
14746,Chevrolet,Cruze,2013.0,Sedan,Diesel,2.0,116117.0,4.0,Automatic,FWD,Brown
21012,Ford,Fusion,2013.0,Sedan,Hybrid,2.0,87614.0,4.0,Automatic,FWD,Red
7840,Mercedes-Benz,E-Class,1999.0,Sedan,Petrol,2.0,102527.0,4.0,Manual,RWD,White
13523,Hyundai,Sonata,2011.0,Sedan,Petrol,2.0,100557.0,4.0,Automatic,FWD,White
13172,Hyundai,Sonata,2014.0,Sedan,Petrol,2.0,80434.0,4.0,Automatic,FWD,Silver
27911,Toyota,Camry,2015.0,Sedan,Hybrid,2.5,119925.0,4.0,Automatic,FWD,Black
7828,Honda,Fit,2015.0,Wagon,Petrol,1.5,96121.0,4.0,Automatic,FWD,Silver
14740,Toyota,Prius,2009.0,Sedan,Hybrid,1.8,124275.0,4.0,Automatic,FWD,Silver
941,Hyundai,Elantra,2014.0,Hatchback,Petrol,2.0,62161.0,4.0,Automatic,FWD,Silver
24775,Lexus,CT 200h,2011.0,Hatchback,Hybrid,1.8,73944.0,4.0,Automatic,FWD,White
27284,Ford,Fusion,2013.0,Sedan,Hybrid,2.0,80779.0,4.0,Automatic,FWD,Black
4391,Hyundai,Elantra,2014.0,Sedan,Petrol,1.8,86270.0,4.0,Automatic,FWD,Silver
33230,Hyundai,Santa Fe,2013.0,SUV,Diesel,2.0,114954.0,4.0,Automatic,FWD,Black
18660,Hyundai,H1,2012.0,Van,Diesel,2.5,38671.0,4.0,Automatic,FWD,Silver
20385,Toyota,Prius,2014.0,Hatchback,Hybrid,1.8,36661.0,4.0,Automatic,FWD,Black
549,BMW,3 Series,2012.0,Sedan,Petrol,2.0,69725.0,4.0,Automatic,RWD,Blue
29479,Toyota,RAV4,2013.0,SUV,Petrol,2.5,51574.0,4.0,Automatic,AWD,Black
19657,Hyundai,H1,2011.0,Wagon,Diesel,2.5,111847.0,4.0,Automatic,FWD,Gold
23521,Toyota,Camry,2019.0,Sedan,Petrol,2.5,13919.0,6.0,Automatic,FWD,Brown
3607,Toyota,Camry,2012.0,Sedan,Hybrid,2.5,97256.0,4.0,Automatic,FWD,White
49237,Mercedes-Benz,C-Class,2015.0,Sedan,Petrol,2.0,27962.0,6.0,Automatic,RWD,Gray
21012,Toyota,Camry,2016.0,Sedan,Petrol,2.5,45161.0,4.0,Automatic,FWD,Gray
56513,Hyundai,Santa Fe,2018.0,SUV,Diesel,2.0,38302.0,4.0,Automatic,FWD,Blue
48048,Hyundai,Santa Fe,2016.0,SUV,Diesel,2.0,75247.0,4.0,Automatic,FWD,White
21796,Chevrolet,Orlando,2015.0,SUV,Petrol,2.0,17792.0,4.0,Automatic,FWD,Black
7056,Toyota,RAV4,2017.0,SUV,Petrol,2.5,29392.0,4.0,Automatic,FWD,Red
5488,Toyota,Camry,2014.0,Sedan,Hybrid,2.5,68226.0,4.0,Automatic,FWD,White
15681,Hyundai,H1,2008.0,Van,Diesel,2.5,57543.0,4.0,Automatic,FWD,Silver
17054,Hyundai,Tucson,2011.0,SUV,Diesel,2.0,106466.0,4.0,Automatic,FWD,Gray
23000,Toyota,Prius,2014.0,Hatchback,Hybrid,1.8,55924.0,4.0,Automatic,FWD,White
16308,Toyota,Prius,2009.0,Hatchback,Hybrid,1.8,86992.0,4.0,Automatic,FWD,Gray
6115,Nissan,Skyline,2001.0,Sedan,Petrol,2.5,102527.0,6.0,Automatic,RWD,Silver
7527,Mitsubishi,Airtrek,2001.0,SUV,Petrol,2.0,69042.0,4.0,Automatic,FWD,Silver
20385,Toyota,Prius,2013.0,Sedan,Hybrid,1.8,60895.0,4.0,Automatic,FWD,Gray
26030,Toyota,Camry,2012.0,Sedan,Hybrid,2.5,48716.0,4.0,Automatic,FWD,Gray
4200,BMW,5 Series,2002.0,Sedan,Petrol,2.5,6905.0,4.0,Automatic,RWD,Silver
42717,Hyundai,Santa Fe,2017.0,SUV,Diesel,2.0,70649.0,4.0,Automatic,FWD,Gray
31797,Hyundai,Genesis,2014.0,Coupe,Petrol,2.0,92532.0,4.0,Automatic,FWD,Gray
7188,Chevrolet,Captiva,2007.0,SUV,Diesel,2.0,41979.0,4.0,Automatic,FWD,Black
14426,Hyundai,Elantra,2012.0,Sedan,Petrol,1.8,70588.0,4.0,Automatic,FWD,White
784,Ford,Fusion,2010.0,Sedan,Petrol,2.5,110810.0,4.0,Automatic,FWD,Black
31361,Lexus,CT 200h,2012.0,Hatchback,Hybrid,1.8,97556.0,4.0,Automatic,FWD,Black
25456,Toyota,Aqua,2015.0,Hatchback,Petrol,1.5,28366.0,4.0,Automatic,FWD,Gray
6899,Honda,Civic,2002.0,Hatchback,Petrol,1.5,97556.0,4.0,Automatic,FWD,Red
15847,Hyundai,H1,2010.0,Van,Diesel,2.5,36530.0,4.0,Automatic,FWD,Black
24709,Hyundai,Tucson,2010.0,SUV,Diesel,2.0,66720.0,4.0,Automatic,FWD,Gray
24267,Hyundai,Tucson,2012.0,SUV,Diesel,2.0,82628.0,4.0,Automatic,FWD,Silver
32929,Toyota,Camry,2017.0,Sedan,Petrol,2.5,19884.0,4.0,Automatic,FWD,Black
20005,Hyundai,Tucson,2011.0,SUV,Diesel,2.0,120500.0,4.0,Automatic,FWD,Black
15053,Toyota,Prius C,2012.0,Sedan,Hybrid,1.5,79536.0,4.0,Automatic,FWD,Red
66197,Hyundai,H1,2018.0,Wagon,Petrol,2.5,13006.0,4.0,Automatic,FWD,Gold
16308,Toyota,Camry,2014.0,Sedan,Petrol,2.5,73684.0,4.0,Automatic,FWD,White
12388,Hyundai,Elantra,2012.0,Sedan,Petrol,1.8,54461.0,4.0,Automatic,FWD,Silver
26475,Hyundai,Tucson,2011.0,SUV,Diesel,2.0,93943.0,4.0,Automatic,FWD,Silver
8634,Kia,Optima,2013.0,Sedan,Petrol,2.0,29349.0,4.0,Automatic,FWD,Silver
24462,Hyundai,Elantra,2017.0,Sedan,Petrol,2.0,37283.0,4.0,Automatic,FWD,White
941,Hyundai,Elantra,2014.0,Sedan,Petrol,1.8,63086.0,4.0,Automatic,FWD,Silver
13946,Honda,Fit,2014.0,Hatchback,Petrol,1.5,85750.0,4.0,Automatic,FWD,Silver
37633,Toyota,Camry,2016.0,Sedan,Petrol,2.5,9321.0,4.0,Automatic,FWD,Silver
3920,Ford,Fusion,2013.0,Sedan,Petrol,2.5,56341.0,4.0,Automatic,FWD,White
2117,Audi,A4,2013.0,Sedan,Petrol,2.0,108704.0,4.0,Automatic,AWD,Black
12544,Hyundai,Elantra,2011.0,Sedan,Petrol,1.8,94449.0,4.0,Automatic,FWD,Silver
18814,Toyota,Prius,2010.0,Hatchback,Hybrid,1.8,54846.0,4.0,Automatic,FWD,White
25716,Toyota,Camry,2014.0,Sedan,Petrol,2.5,6463.0,4.0,Automatic,FWD,Gray
18503,Toyota,Prius C,2013.0,Hatchback,Hybrid,1.5,112469.0,4.0,Automatic,FWD,White
8311,Chevrolet,Captiva,2007.0,SUV,Diesel,2.0,39494.0,4.0,Automatic,FWD,White
60000,Honda,Civic,2017.0,Sedan,Petrol,1.5,12519.0,4.0,Automatic,FWD,Black
26343,Toyota,Camry,2016.0,Sedan,Petrol,2.5,98054.0,4.0,Automatic,FWD,Black
43394,Hyundai,Santa Fe,2016.0,SUV,Diesel,2.0,80398.0,4.0,Automatic,FWD,Gray
18817,Toyota,Camry,2018.0,Sedan,Hybrid,2.5,21785.0,4.0,Automatic,FWD,White
27284,Toyota,Avalon,2013.0,Sedan,Hybrid,2.5,67730.0,4.0,Automatic,FWD,Silver
22580,Toyota,Camry,2014.0,Sedan,Petrol,2.5,82643.0,4.0,Automatic,FWD,Black
25810,Hyundai,Santa Fe,2012.0,SUV,Diesel,2.0,111488.0,4.0,Automatic,FWD,White
18817,Toyota,Camry,2018.0,Sedan,Hybrid,2.5,21785.0,4.0,Automatic,FWD,White
3136,Toyota,Camry,2017.0,Sedan,Petrol,2.5,79256.0,4.0,Automatic,FWD,Silver
18817,Toyota,Camry,2012.0,Sedan,Petrol,2.5,80779.0,4.0,Automatic,FWD,Blue
39603,Hyundai,Santa Fe,2016.0,SUV,Diesel,2.0,74565.0,4.0,Automatic,FWD,Silver
32744,Hyundai,H1,2014.0,Van,Diesel,2.5,66787.0,4.0,Automatic,FWD,Silver
14113,Toyota,Aqua,2012.0,Hatchback,Hybrid,1.5,71458.0,4.0,Automatic,FWD,White
15257,Hyundai,Sonata,2011.0,Sedan,Petrol,2.0,101516.0,4.0,Automatic,FWD,Gray
13485,Toyota,Camry,2010.0,Sedan,Petrol,2.5,68351.0,4.0,Automatic,FWD,White
22580,Chevrolet,Equinox,2019.0,SUV,Petrol,1.5,3184.0,4.0,Automatic,AWD,Black
12777,Hyundai,Sonata,2013.0,Sedan,Petrol,2.0,101009.0,4.0,Automatic,FWD,Black
21326,Nissan,Altima,2019.0,Sedan,Petrol,2.5,18826.0,4.0,Automatic,FWD,Gray
1725,Hyundai,Elantra,2014.0,Sedan,Petrol,1.8,66584.0,4.0,Automatic,FWD,Black
13172,Volkswagen,Jetta,2012.0,Sedan,Petrol,2.5,51983.0,4.0,Automatic,FWD,Black
15718,Hyundai,Sonata,2010.0,Sedan,Petrol,2.0,92963.0,4.0,Automatic,FWD,Silver
32929,Toyota,Camry,2018.0,Sedan,Petrol,2.5,11807.0,4.0,Automatic,FWD,Black
21987,Chevrolet,Malibu,2014.0,Sedan,Diesel,2.0,83216.0,4.0,Automatic,FWD,Gray
41720,Hyundai,Santa Fe,2016.0,SUV,Diesel,2.0,70878.0,4.0,Automatic,FWD,White
12544,Volkswagen,Jetta,2012.0,Sedan,Petrol,2.5,74565.0,4.0,Manual,FWD,Gray
5018,Ford,Transit,2000.0,Van,Diesel,2.5,2199.0,6.0,Manual,RWD,Beige
18817,Toyota,Prius,2013.0,Hatchback,Hybrid,1.8,75186.0,4.0,Automatic,FWD,Gray
17249,Hyundai,Elantra,2012.0,Sedan,Petrol,1.8,54370.0,4.0,Automatic,FWD,Gray
18189,Toyota,Prius,2012.0,Hatchback,Hybrid,1.8,115576.0,4.0,Automatic,FWD,Silver
706,Lexus,CT 200h,2011.0,Hatchback,Hybrid,1.8,75995.0,4.0,Automatic,FWD,Black
784,Toyota,RAV4,2016.0,SUV,Hybrid,2.5,84829.0,4.0,Automatic,AWD,Gray
7527,Mazda,Demio,2007.0,Hatchback,Petrol,1.5,102527.0,4.0,Manual,FWD,Black
20883,Hyundai,Tucson,2010.0,SUV,Diesel,2.0,106352.0,4.0,Automatic,FWD,White
549,Toyota,Camry,2019.0,Sedan,Petrol,2.5,22085.0,4.0,Automatic,FWD,Black
549,Hyundai,Elantra,2012.0,Sedan,Petrol,1.8,122777.0,4.0,Automatic,FWD,Black
5331,Toyota,RAV4,1997.0,SUV,Petrol,2.0,49710.0,4.0,Automatic,FWD,White
13485,Volkswagen,Passat,2015.0,Sedan,Petrol,1.8,56609.0,4.0,Automatic,FWD,Black
13485,Ford,Focus,2013.0,Hatchback,Petrol,2.0,91963.0,4.0,Automatic,FWD,Red
8311,Hyundai,Sonata,2012.0,Sedan,Petrol,2.0,22709.0,4.0,Automatic,FWD,White
862,Ford,Fusion,2015.0,Sedan,Petrol,2.5,113278.0,4.0,Automatic,FWD,Black
10349,Toyota,Prius C,2013.0,Hatchback,Hybrid,1.5,90099.0,4.0,Automatic,FWD,Blue
15367,Hyundai,H1,2010.0,Van,Diesel,2.5,30535.0,4.0,Automatic,FWD,Black
11290,Hyundai,Elantra,2013.0,Sedan,Petrol,1.8,42875.0,4.0,Automatic,FWD,Blue
31361,Toyota,Avalon,2013.0,Sedan,Hybrid,2.5,82021.0,4.0,Automatic,FWD,Red
10663,Honda,Fit,2014.0,Hatchback,Hybrid,1.5,65866.0,4.0,Automatic,FWD,White
1882,Toyota,Prius,2009.0,Sedan,Hybrid,1.5,88500.0,4.0,Automatic,FWD,White
1490,Lexus,CT 200h,2012.0,Hatchback,Hybrid,1.8,108185.0,4.0,Automatic,FWD,White
17249,Kia,other,2015.0,Sedan,Petrol,1.8,74565.0,4.0,Automatic,FWD,Gray
8938,Hyundai,Sonata,2013.0,Sedan,Petrol,2.0,66285.0,4.0,Automatic,FWD,Silver
784,Toyota,Camry,2012.0,Sedan,Petrol,2.5,100371.0,4.0,Automatic,FWD,Silver
11604,Dodge,Caliber,2009.0,SUV,Petrol,2.0,83575.0,4.0,Automatic,FWD,Orange
9095,Honda,Fit,2013.0,Hatchback,Petrol,1.5,25477.0,4.0,Automatic,FWD,Blue
13172,Toyota,C-HR,2019.0,SUV,Petrol,2.0,15101.0,4.0,Automatic,FWD,Red
9408,Ford,Focus,2012.0,Sedan,Petrol,2.0,84507.0,4.0,Automatic,FWD,Red
54458,Hyundai,Santa Fe,2016.0,SUV,Diesel,2.0,30730.0,4.0,Automatic,FWD,White
8467,Ford,Focus,2015.0,Sedan,Petrol,2.0,72653.0,4.0,Automatic,FWD,White
12388,Toyota,Camry,2016.0,Sedan,Hybrid,2.5,41899.0,4.0,Automatic,FWD,Black
18817,Hyundai,Elantra,2017.0,Sedan,Petrol,2.0,65617.0,4.0,Automatic,FWD,White
13485,Toyota,Prius C,2013.0,Hatchback,Hybrid,1.5,47846.0,4.0,Automatic,FWD,Red
34673,Hyundai,H1,2014.0,Van,Diesel,2.5,72990.0,4.0,Automatic,FWD,Gray
17562,Toyota,Prius C,2014.0,Hatchback,Hybrid,1.5,41011.0,4.0,Automatic,FWD,Silver
16559,Chevrolet,Cruze,2015.0,Sedan,Petrol,1.8,32112.0,4.0,Automatic,FWD,Silver
47989,Hyundai,Sonata,2017.0,Sedan,Petrol,2.0,40799.0,4.0,Automatic,FWD,Black
45376,Hyundai,Santa Fe,2013.0,SUV,Diesel,2.0,26719.0,4.0,Automatic,FWD,White
14426,Nissan,X-Trail,2006.0,SUV,Petrol,2.0,61109.0,4.0,Automatic,AWD,White
14500,Toyota,Prius,2010.0,Sedan,Hybrid,1.8,60273.0,4.0,Automatic,FWD,Black
41867,Toyota,Aqua,2018.0,Wagon,Hybrid,1.5,21773.0,4.0,Automatic,FWD,Blue
8938,Toyota,Camry,2014.0,Sedan,Petrol,2.5,33126.0,4.0,Automatic,FWD,Black
706,Audi,A4,2014.0,Sedan,Petrol,2.0,100682.0,4.0,Automatic,FWD,Black
38737,Hyundai,Genesis,2015.0,Coupe,Petrol,2.0,57788.0,4.0,Automatic,FWD,White
9252,Chevrolet,Cruze,2013.0,Sedan,Diesel,2.0,29032.0,4.0,Automatic,FWD,White
14113,Kia,Optima,2014.0,Sedan,Petrol,2.0,40623.0,4.0,Automatic,FWD,Silver
15367,Honda,Fit,2010.0,Hatchback,Petrol,1.5,68351.0,4.0,Automatic,FWD,Gray
12231,Toyota,Prius C,2012.0,Hatchback,Hybrid,1.5,91776.0,4.0,Automatic,FWD,White
14081,Hyundai,H1,2010.0,Van,Diesel,2.5,77579.0,4.0,Automatic,FWD,White
21953,Ford,Fusion,2015.0,Sedan,Petrol,1.5,63695.0,4.0,Automatic,FWD,White
15053,Toyota,Prius C,2012.0,Hatchback,Hybrid,1.5,59031.0,4.0,Automatic,FWD,Silver
21357,Hyundai,Santa Fe,2010.0,SUV,Diesel,2.0,120228.0,4.0,Automatic,FWD,Silver
49459,Hyundai,H1,2016.0,Wagon,Diesel,2.5,73118.0,4.0,Automatic,FWD,Silver
9722,Toyota,Camry,2018.0,Sedan,Hybrid,2.5,79235.0,4.0,Automatic,FWD,Black
42538,Toyota,Aqua,2018.0,Hatchback,Petrol,1.5,1243.0,4.0,Automatic,FWD,Blue
40983,Hyundai,Santa Fe,2014.0,SUV,Diesel,2.0,101577.0,4.0,Automatic,FWD,Gray
30828,Hyundai,Santa Fe,2012.0,SUV,Diesel,2.0,71714.0,4.0,Automatic,FWD,White
549,Toyota,C-HR,2019.0,SUV,Petrol,2.0,24371.0,4.0,Automatic,FWD,Gray
11259,Kia,Optima,2014.0,Sedan,Petrol,2.0,33624.0,4.0,Automatic,FWD,White
73714,Hyundai,Santa Fe,2019.0,SUV,Diesel,2.0,27091.0,4.0,Automatic,FWD,Gray
18817,Hyundai,Elantra,2016.0,Sedan,Petrol,2.0,44237.0,4.0,Automatic,FWD,White
25716,Toyota,Prius,2012.0,Hatchback,Hybrid,1.8,84010.0,4.0,Automatic,FWD,Silver
35071,Hyundai,Tucson,2016.0,SUV,Diesel,2.0,50145.0,4.0,Automatic,FWD,Black
7683,Hyundai,Sonata,2013.0,Sedan,Petrol,2.0,32933.0,4.0,Automatic,FWD,Silver
38016,Hyundai,H1,2017.0,Wagon,Diesel,2.5,62697.0,4.0,Automatic,FWD,Silver
11133,Toyota,Camry,2014.0,Sedan,Hybrid,2.5,111463.0,4.0,Automatic,FWD,Black
5018,Volkswagen,Passat,2014.0,Sedan,Diesel,2.0,48063.0,4.0,Automatic,FWD,White
15053,Ford,Fusion,2013.0,Sedan,Petrol,2.5,99420.0,4.0,Automatic,FWD,Red
17876,Toyota,Prius C,2012.0,Hatchback,Hybrid,1.5,94449.0,4.0,Automatic,FWD,White
27375,Toyota,Aqua,2013.0,Hatchback,Petrol,1.5,45943.0,4.0,Automatic,FWD,Red
784,Toyota,Prius,2015.0,Hatchback,Hybrid,1.8,106445.0,4.0,Automatic,FWD,Silver
12544,Toyota,Prius,2008.0,Sedan,Hybrid,1.5,1678.0,4.0,Automatic,FWD,Brown
8467,Hyundai,Elantra,2013.0,Sedan,Petrol,1.8,78293.0,4.0,Automatic,FWD,Gray
23659,Honda,Fit,2017.0,Hatchback,Petrol,1.5,26497.0,4.0,Automatic,FWD,Silver
8467,Nissan,Tiida,2006.0,Hatchback,Petrol,1.5,80157.0,4.0,Automatic,FWD,Gold
32910,Hyundai,H1,2014.0,Van,Diesel,2.5,95787.0,4.0,Automatic,FWD,Black
7840,Toyota,Vitz,2005.0,Hatchback,Petrol,1.5,119029.0,4.0,Automatic,FWD,Gray
13956,Toyota,Prius C,2014.0,Hatchback,Hybrid,1.5,66487.0,4.0,Automatic,FWD,White
34692,Hyundai,H1,2016.0,Wagon,Diesel,2.5,104472.0,4.0,Automatic,FWD,White
10976,Volkswagen,Passat,2013.0,Sedan,Petrol,2.5,90472.0,5.0,Automatic,FWD,White
20385,Toyota,Corolla,2015.0,Hatchback,Petrol,1.8,48467.0,4.0,Manual,FWD,Silver
14426,Hyundai,Sonata,2014.0,Sedan,Petrol,2.0,105027.0,4.0,Automatic,FWD,White
17562,Toyota,Prius,2010.0,Hatchback,Hybrid,1.8,11807.0,4.0,Automatic,FWD,Gray
18817,Toyota,Corolla,2009.0,Sedan,Petrol,1.8,78915.0,4.0,Automatic,FWD,White
40346,Toyota,Aqua,2016.0,Wagon,Hybrid,1.5,6468.0,4.0,Automatic,FWD,Black
12522,Hyundai,H1,2010.0,Van,Diesel,2.5,83879.0,4.0,Automatic,FWD,Gold
46236,Hyundai,Santa Fe,2016.0,SUV,Diesel,2.0,82987.0,4.0,Automatic,FWD,Gray
23521,Toyota,Camry,2016.0,Sedan,Petrol,2.5,76429.0,4.0,Automatic,FWD,Black
11447,Honda,Fit,2014.0,Hatchback,Petrol,1.5,49710.0,4.0,Manual,FWD,Gray
18189,Toyota,Prius C,2014.0,Hatchback,Hybrid,1.5,36102.0,4.0,Automatic,FWD,Silver
13172,Toyota,Prius,2013.0,Sedan,Hybrid,1.8,96934.0,4.0,Automatic,FWD,Black
26814,Subaru,other,2014.0,Hatchback,Hybrid,2.0,31282.0,4.0,Automatic,FWD,Silver
12231,Volkswagen,Jetta,2012.0,Sedan,Petrol,2.5,48467.0,4.0,Automatic,FWD,Black
15132,Hyundai,Sonata,2011.0,Sedan,Petrol,2.0,96392.0,4.0,Automatic,FWD,Gray
10976,Honda,Fit,2008.0,Sedan,Petrol,1.5,96934.0,4.0,Automatic,FWD,White
3607,Ford,Escape,2011.0,SUV,Hybrid,2.5,104991.0,4.0,Automatic,AWD,White
6272,Toyota,Camry,2014.0,Sedan,Petrol,2.5,34680.0,4.0,Automatic,FWD,Black
17876,Toyota,Prius,2011.0,Sedan,Hybrid,1.8,9321.0,4.0,Automatic,FWD,Red
11917,Toyota,Prius,2006.0,Sedan,Hybrid,1.5,1989.0,4.0,Automatic,FWD,Silver
30455,Hyundai,H1,2015.0,Van,Diesel,2.5,22036.0,4.0,Automatic,FWD,Silver
12544,Toyota,Camry,2010.0,Sedan,Hybrid,1.8,111847.0,4.0,Automatic,FWD,Black
784,Chevrolet,Volt,2017.0,Hatchback,Hybrid,1.5,50605.0,4.0,Automatic,FWD,Black
14269,Toyota,Aqua,2012.0,Hatchback,Petrol,1.5,98177.0,4.0,Automatic,FWD,Silver
2430,Hyundai,Elantra,2016.0,Sedan,Petrol,2.0,55767.0,4.0,Automatic,FWD,Silver
51517,Hyundai,H1,2017.0,Wagon,Diesel,2.5,27464.0,4.0,Automatic,FWD,Silver
5645,Honda,Civic,2016.0,Sedan,Petrol,2.0,48605.0,4.0,Automatic,FWD,Blue
15681,Ford,Focus,2015.0,Sedan,Petrol,2.0,63380.0,4.0,Automatic,FWD,Gray
8467,Toyota,Vitz,2005.0,Sedan,Petrol,1.5,83886.0,4.0,Automatic,FWD,Gray
4077,Nissan,Altima,2017.0,Sedan,Petrol,2.5,44060.0,4.0,Automatic,FWD,Black
23521,Toyota,Camry,2012.0,Sedan,Petrol,2.5,55303.0,4.0,Automatic,FWD,White
37611,Chevrolet,Captiva,2014.0,SUV,Diesel,2.0,33261.0,4.0,Automatic,FWD,Black
15681,Toyota,Prius,2013.0,Sedan,Hybrid,1.8,111847.0,4.0,Automatic,FWD,Silver
1019,Mercedes-Benz,C-Class,2013.0,Sedan,Petrol,1.8,97231.0,4.0,Automatic,RWD,White
14897,Hyundai,Tucson,2010.0,SUV,Diesel,2.0,32931.0,4.0,Automatic,FWD,Silver
16443,Hyundai,Sonata,2010.0,Sedan,Petrol,2.0,111703.0,4.0,Automatic,FWD,Gray
73034,Hyundai,Sonata,2018.0,Sedan,Petrol,2.0,26033.0,4.0,Automatic,FWD,White
15991,Hyundai,Genesis,2011.0,Coupe,Petrol,2.0,69835.0,4.0,Automatic,FWD,Gray
17249,Hyundai,Elantra,2014.0,Sedan,Petrol,1.8,54681.0,4.0,Automatic,FWD,Gray
17876,Hyundai,Elantra,2013.0,Sedan,Petrol,1.8,97431.0,4.0,Automatic,FWD,Blue
29793,Mazda,CX-5,2015.0,SUV,Petrol,2.5,86992.0,4.0,Automatic,AWD,Gray
11274,Chevrolet,Cruze,2011.0,Sedan,Petrol,1.8,108043.0,4.0,Automatic,FWD,Gray
13956,Chevrolet,Orlando,2015.0,SUV,Petrol,2.0,21331.0,4.0,Automatic,FWD,Gray
18817,Toyota,Prius,2012.0,Sedan,Petrol,1.8,76429.0,4.0,Automatic,FWD,Gray
25086,Toyota,Camry,2017.0,Sedan,Petrol,2.5,33555.0,4.0,Automatic,FWD,Black
11262,Hyundai,Sonata,2014.0,Sedan,Petrol,2.0,44407.0,4.0,Automatic,FWD,White
21953,Hyundai,Elantra,2017.0,Sedan,Petrol,2.0,23861.0,4.0,Automatic,FWD,Red
14454,Hyundai,Sonata,2012.0,Sedan,Petrol,2.0,103081.0,4.0,Automatic,FWD,Black
47408,Chevrolet,Orlando,2018.0,SUV,Petrol,2.0,20506.0,4.0,Automatic,FWD,Silver
17249,Toyota,Prius,2010.0,Sedan,Hybrid,1.8,63380.0,4.0,Automatic,FWD,White
6272,Hyundai,Elantra,2012.0,Sedan,Petrol,1.8,92585.0,4.0,Automatic,FWD,Black
23104,Hyundai,Tucson,2012.0,SUV,Diesel,2.0,92457.0,4.0,Automatic,FWD,White
11133,Toyota,Camry,2014.0,Sedan,Hybrid,2.5,111463.0,4.0,Automatic,FWD,Black
11784,Volkswagen,Jetta,2014.0,Sedan,Petrol,2.0,66883.0,4.0,Automatic,FWD,Silver
18784,Lexus,ES 350,2016.0,Sedan,Hybrid,2.5,80772.0,4.0,Automatic,FWD,Gray
16308,Toyota,Prius,2011.0,Hatchback,Petrol,1.8,96934.0,4.0,Automatic,FWD,Silver
2822,Ford,Fusion,2015.0,Sedan,Hybrid,2.0,62602.0,4.0,Automatic,FWD,Green
50767,Hyundai,Santa Fe,2016.0,SUV,Diesel,2.0,70253.0,4.0,Automatic,FWD,Gray
30750,Hyundai,H1,2014.0,Van,Diesel,2.5,71753.0,4.0,Automatic,FWD,White
8500,Subaru,Forester,2001.0,Wagon,Petrol,2.0,87614.0,4.0,Automatic,AWD,Gray
28539,Lexus,CT 200h,2011.0,Hatchback,Hybrid,1.8,119304.0,4.0,Automatic,FWD,Black
19444,Kia,Optima,2016.0,Sedan,Petrol,2.0,19336.0,4.0,Automatic,FWD,White
26657,Toyota,Prius,2017.0,Sedan,Hybrid,1.8,17949.0,4.0,Automatic,FWD,Gray
4547,Chevrolet,Cruze,2008.0,Sedan,Petrol,2.0,39037.0,6.0,Automatic,FWD,White
24462,Toyota,Corolla,2015.0,Sedan,Petrol,1.8,26902.0,4.0,Automatic,FWD,Black
8311,Mercedes-Benz,GLA,2016.0,SUV,Petrol,2.0,68075.0,4.0,Automatic,FWD,White
17245,Nissan,Sentra,2016.0,Sedan,Petrol,1.8,41757.0,4.0,Automatic,FWD,Red
16308,Toyota,Prius,2009.0,Sedan,Petrol,1.8,119925.0,4.0,Automatic,FWD,White
17249,Ford,Fusion,2013.0,Sedan,Hybrid,2.0,69594.0,4.0,Automatic,FWD,White
18660,Chevrolet,Orlando,2016.0,SUV,Petrol,2.0,18457.0,4.0,Automatic,FWD,White
20071,Kia,Optima,2016.0,Sedan,Petrol,2.0,19053.0,4.0,Automatic,FWD,White
13172,Ford,Fusion,2013.0,Sedan,Hybrid,2.0,118682.0,4.0,Automatic,FWD,Black
5018,Hyundai,Sonata,2016.0,Sedan,Hybrid,2.0,44253.0,4.0,Automatic,FWD,Black
13953,Hyundai,Sonata,2010.0,Sedan,Petrol,2.0,76072.0,4.0,Automatic,FWD,White
17249,Hyundai,Elantra,2016.0,Sedan,Petrol,1.8,48467.0,4.0,Automatic,FWD,Silver
10976,Subaru,Legacy,2003.0,Sedan,Petrol,2.0,94449.0,4.0,Automatic,AWD,White
16621,Toyota,RAV4,2012.0,Sedan,Petrol,2.5,47225.0,4.0,Automatic,AWD,Silver
29777,Hyundai,Genesis,2015.0,Coupe,Petrol,2.0,38089.0,4.0,Automatic,FWD,Gray
22110,Kia,Optima,2016.0,Sedan,Petrol,2.0,17475.0,4.0,Automatic,FWD,White
17249,Honda,Fit,2016.0,Hatchback,Petrol,1.5,34797.0,4.0,Automatic,FWD,White
1568,Toyota,C-HR,2019.0,SUV,Petrol,2.0,6541.0,4.0,Automatic,FWD,Red
23521,Hyundai,Elantra,2016.0,Sedan,Petrol,2.0,57167.0,4.0,Automatic,FWD,Blue
15530,Toyota,Aqua,2013.0,Hatchback,Petrol,1.5,53601.0,4.0,Automatic,FWD,Black
7495,Kia,Sportage,2010.0,SUV,Diesel,2.0,36518.0,4.0,Automatic,FWD,Black
5331,Hyundai,Elantra,2014.0,Hatchback,Petrol,2.0,111362.0,4.0,Automatic,FWD,Red
9000,Toyota,Aqua,2012.0,Hatchback,Hybrid,1.5,92585.0,4.0,Automatic,FWD,Blue
24775,Toyota,Camry,2012.0,Sedan,Hybrid,2.5,48815.0,4.0,Automatic,FWD,White
13799,Toyota,Aqua,2014.0,Hatchback,Hybrid,1.5,113090.0,4.0,Automatic,FWD,White
17249,Toyota,Prius,2014.0,Sedan,Hybrid,1.8,49710.0,4.0,Automatic,FWD,Black
27924,Hyundai,H1,2014.0,Van,Diesel,2.5,108420.0,4.0,Automatic,FWD,Silver
13485,Honda,Fit,2011.0,Hatchback,Petrol,1.5,94449.0,4.0,Automatic,FWD,Black
6272,Mercedes-Benz,E-Class,1997.0,Sedan,Petrol,2.0,102527.0,4.0,Automatic,RWD,Blue
6272,Mercedes-Benz,C-Class,1995.0,Sedan,Petrol,1.8,62138.0,4.0,Manual,RWD,Green
31361,Toyota,Camry,2015.0,Sedan,Petrol,2.5,97431.0,4.0,Automatic,FWD,Black
23834,Toyota,Camry,2011.0,Sedan,Hybrid,2.5,67730.0,4.0,Automatic,FWD,Black
15681,Toyota,Prius C,2014.0,Hatchback,Hybrid,1.5,62822.0,4.0,Automatic,FWD,Red
8467,Toyota,Prius,2010.0,Hatchback,Hybrid,1.8,119304.0,4.0,Automatic,FWD,Blue
20855,Toyota,Prius,2017.0,Hatchback,Petrol,1.8,11771.0,4.0,Automatic,FWD,Red
6899,Ford,Transit,1994.0,Van,Diesel,2.5,61219.0,4.0,Manual,RWD,Red
44843,Hyundai,H1,2016.0,Wagon,Diesel,2.5,68877.0,4.0,Automatic,FWD,Gray
10036,Toyota,Prius C,2015.0,Hatchback,Hybrid,1.5,67730.0,4.0,Automatic,FWD,Gray
7056,Subaru,Impreza,2006.0,Sedan,Petrol,1.5,118061.0,4.0,Automatic,FWD,White
19130,Toyota,Camry,2012.0,Sedan,Petrol,2.5,46603.0,4.0,Automatic,FWD,Black
63826,Chevrolet,Malibu,2019.0,Sedan,Petrol,2.0,5656.0,4.0,Automatic,FWD,Gray
21253,Toyota,Aqua,2015.0,Hatchback,Hybrid,1.5,50456.0,4.0,Automatic,FWD,Silver
18033,Kia,Optima,2015.0,Sedan,Petrol,2.0,21957.0,4.0,Automatic,FWD,White
13172,Honda,Fit,2010.0,Hatchback,Petrol,1.5,112344.0,4.0,Automatic,FWD,Gray
17876,Toyota,Camry,2012.0,Sedan,Petrol,2.5,77672.0,4.0,Automatic,FWD,Black
21652,Hyundai,Tucson,2011.0,SUV,Diesel,2.0,100256.0,4.0,Automatic,FWD,Silver
8467,Toyota,Camry,2016.0,Sedan,Petrol,2.5,43537.0,4.0,Automatic,FWD,White
38445,Hyundai,Tucson,2015.0,SUV,Diesel,2.0,43959.0,4.0,Automatic,FWD,White
3293,Lexus,IS 250,2010.0,Sedan,Petrol,2.5,80152.0,6.0,Automatic,AWD,Silver
16621,Ford,Focus,2013.0,Sedan,Hybrid,2.0,90099.0,4.0,Automatic,FWD,Gray
13799,Hyundai,Santa Fe,2010.0,SUV,Diesel,2.0,48002.0,4.0,Automatic,FWD,Silver
14740,Ford,Focus,2014.0,Hatchback,Petrol,2.0,84080.0,4.0,Automatic,FWD,White
34497,Toyota,Camry,2015.0,Sedan,Petrol,2.5,20506.0,4.0,Automatic,FWD,Gray
862,Toyota,Camry,2014.0,Sedan,Hybrid,2.5,81076.0,4.0,Automatic,FWD,White
26030,Chevrolet,Volt,2017.0,Hatchback,Hybrid,1.5,32350.0,4.0,Automatic,FWD,Blue
14454,Hyundai,Sonata,2012.0,Sedan,Petrol,2.0,103081.0,4.0,Automatic,FWD,Black
784,Toyota,Camry,2014.0,Sedan,Hybrid,2.5,63627.0,4.0,Automatic,FWD,Black
18362,Toyota,Aqua,2012.0,Hatchback,Petrol,1.5,62106.0,4.0,Automatic,FWD,Blue
8000,Toyota,Aqua,2012.0,Hatchback,Hybrid,1.5,29205.0,4.0,Automatic,FWD,Blue
52696,Hyundai,Santa Fe,2017.0,SUV,Diesel,2.0,67012.0,4.0,Automatic,FWD,Silver
25089,Toyota,Prius,2013.0,Hatchback,Hybrid,1.8,99420.0,4.0,Automatic,FWD,White
14426,Lexus,ES 300,2014.0,Sedan,Hybrid,2.5,109494.0,4.0,Automatic,FWD,Black
12074,Ford,Fusion,2011.0,Sedan,Petrol,2.5,68183.0,4.0,Automatic,FWD,Silver
16308,Hyundai,Elantra,2012.0,Sedan,Petrol,1.8,121292.0,4.0,Automatic,FWD,Black
20385,Toyota,Corolla,2017.0,Hatchback,Petrol,1.8,16778.0,4.0,Automatic,FWD,White
10976,Ford,Transit,1998.0,Wagon,Diesel,2.5,83886.0,6.0,Manual,RWD,Red
14426,Toyota,Aqua,2013.0,Hatchback,Hybrid,1.5,60895.0,4.0,Automatic,FWD,White
46414,Toyota,RAV4,2016.0,SUV,Petrol,2.5,34797.0,4.0,Automatic,AWD,Black
18189,Subaru,XV,2013.0,Hatchback,Petrol,2.0,83264.0,4.0,Automatic,AWD,Blue
13172,Dodge,Caliber,2010.0,Hatchback,Petrol,2.0,70837.0,4.0,Automatic,FWD,Silver
10663,Nissan,X-Trail,2004.0,SUV,Petrol,2.0,118061.0,4.0,Automatic,AWD,Black
48261,Honda,Civic,2016.0,Sedan,Petrol,2.0,14044.0,4.0,Automatic,FWD,Gray
13328,Toyota,Prius,2011.0,Hatchback,Hybrid,1.8,64002.0,4.0,Automatic,FWD,Gold
54697,Chevrolet,Impala,2016.0,Sedan,Petrol,2.5,36702.0,4.0,Automatic,FWD,Black
549,Audi,A6,2016.0,Sedan,Petrol,2.0,60787.0,4.0,Automatic,AWD,Gray
10641,Hyundai,Sonata,2014.0,Sedan,Petrol,2.0,46818.0,4.0,Automatic,FWD,White
14269,Honda,Fit,2011.0,Hatchback,Petrol,1.5,49710.0,4.0,Automatic,FWD,White
17562,Toyota,Prius C,2013.0,Hatchback,Hybrid,1.5,41772.0,4.0,Automatic,FWD,Blue
3607,Toyota,Camry,2012.0,Sedan,Hybrid,2.5,97256.0,4.0,Automatic,FWD,White
17249,Mitsubishi,Outlander Sport,2011.0,SUV,Petrol,2.0,59031.0,4.0,Automatic,FWD,Silver
21953,Honda,Fit,2016.0,Hatchback,Petrol,1.5,31318.0,4.0,Automatic,FWD,Gold
16935,Ford,Fusion,2015.0,Sedan,Petrol,2.0,44400.0,4.0,Automatic,FWD,Black
48575,Hyundai,Sonata,2015.0,Sedan,Petrol,2.0,54182.0,4.0,Automatic,FWD,Gray
53154,Hyundai,Santa Fe,2016.0,SUV,Diesel,2.0,61516.0,4.0,Automatic,FWD,Silver
1333,Ford,Fusion,2010.0,Sedan,Petrol,2.5,71435.0,4.0,Automatic,FWD,Black
31361,Toyota,Camry,2017.0,Sedan,Petrol,2.5,34176.0,6.0,Automatic,FWD,Black
19757,Toyota,Prius,2010.0,Hatchback,Hybrid,1.8,67951.0,4.0,Automatic,FWD,Brown
21953,Toyota,Camry,2013.0,Sedan,Hybrid,2.5,58534.0,4.0,Automatic,FWD,Blue
16308,Toyota,Camry,2014.0,Sedan,Petrol,2.5,59652.0,4.0,Automatic,FWD,Black
8781,Mercedes-Benz,C-Class,2000.0,Sedan,Petrol,2.0,93206.0,4.0,Automatic,RWD,Silver
15681,Toyota,Prius,2010.0,Sedan,Hybrid,1.8,100663.0,4.0,Automatic,FWD,Gray
20385,Hyundai,H1,2012.0,Sedan,Diesel,2.5,51114.0,4.0,Automatic,FWD,Black
42337,Toyota,RAV4,2017.0,SUV,Petrol,2.5,22991.0,4.0,Automatic,AWD,White
28909,Hyundai,Tucson,2014.0,SUV,Diesel,2.0,51885.0,4.0,Automatic,FWD,Silver
6115,Lexus,ES 300,2013.0,Sedan,Hybrid,2.5,94697.0,4.0,Automatic,FWD,Silver
18503,Toyota,Prius,2012.0,Hatchback,Petrol,1.8,99420.0,4.0,Automatic,FWD,White
26491,Toyota,Aqua,2013.0,Hatchback,Hybrid,1.5,43186.0,4.0,Automatic,FWD,Silver
50184,Hyundai,Santa Fe,2016.0,SUV,Diesel,2.0,76117.0,4.0,Automatic,FWD,Blue
44533,Mazda,Mazda6,2017.0,Sedan,Petrol,2.5,44429.0,4.0,Automatic,FWD,Black
6899,Volkswagen,Jetta,2003.0,Sedan,Petrol,2.0,111226.0,4.0,Manual,FWD,Silver
15323,Hyundai,Sonata,2010.0,Sedan,Petrol,2.0,105845.0,4.0,Automatic,FWD,White
24148,Hyundai,Sonata,2014.0,Sedan,Petrol,2.0,26098.0,4.0,Automatic,FWD,Silver
9252,Toyota,Aqua,2012.0,Hatchback,Hybrid,1.5,89478.0,4.0,Automatic,FWD,White
941,Toyota,Prius,2013.0,Hatchback,Hybrid,1.8,83218.0,4.0,Automatic,FWD,Red
18817,Ford,Fusion,2014.0,Sedan,Petrol,2.0,88081.0,4.0,Automatic,AWD,White
20385,Toyota,Prius,2013.0,Hatchback,Hybrid,1.8,62138.0,4.0,Automatic,FWD,Blue
61816,Hyundai,Santa Fe,2016.0,SUV,Diesel,2.0,10763.0,4.0,Automatic,FWD,White
57428,Hyundai,Santa Fe,2017.0,SUV,Diesel,2.0,45562.0,4.0,Automatic,FWD,Silver
8781,Mitsubishi,Pajero iO,2000.0,SUV,Petrol,2.0,71458.0,4.0,Automatic,RWD,White
26720,Honda,Fit,2019.0,Hatchback,Hybrid,1.5,1452.0,4.0,Automatic,FWD,Black
36733,Hyundai,Santa Fe,2015.0,SUV,Diesel,2.0,105634.0,4.0,Automatic,FWD,Gray
11917,Toyota,Prius,2012.0,Hatchback,Hybrid,1.8,111847.0,4.0,Automatic,FWD,White
17562,Hyundai,Elantra,2012.0,Sedan,Petrol,1.8,75808.0,4.0,Automatic,FWD,Black
549,Toyota,Camry,2017.0,Sedan,Petrol,2.5,39239.0,4.0,Automatic,FWD,Red
11604,Toyota,Camry,2012.0,Sedan,Petrol,2.5,92585.0,4.0,Automatic,FWD,Gray
25089,Toyota,Aqua,2015.0,Hatchback,Petrol,1.5,77288.0,4.0,Automatic,FWD,White
9408,Ford,Transit,1992.0,Van,Diesel,2.5,69042.0,4.0,Manual,RWD,White
16935,Hyundai,H1,2009.0,Van,Diesel,2.5,102714.0,4.0,Automatic,FWD,Silver
27065,Hyundai,Tucson,2010.0,SUV,Diesel,2.0,63466.0,4.0,Automatic,FWD,Silver
39201,Hyundai,H1,2016.0,Wagon,Diesel,2.5,113600.0,4.0,Automatic,FWD,Silver
12858,Hyundai,Sonata,2013.0,Sedan,Petrol,2.0,32727.0,4.0,Automatic,FWD,Black
8781,Ford,Fusion,2016.0,Sedan,Hybrid,2.0,121152.0,4.0,Automatic,FWD,Black
20385,Toyota,Camry,2012.0,Sedan,Petrol,2.5,52817.0,4.0,Automatic,FWD,Silver
14740,Toyota,Prius,2010.0,Sedan,Hybrid,1.8,124275.0,4.0,Automatic,FWD,Silver
12544,Ford,Focus,2014.0,Hatchback,Petrol,2.0,91960.0,4.0,Automatic,FWD,White
19444,Toyota,C-HR,2018.0,SUV,Petrol,2.0,25024.0,4.0,Automatic,FWD,Gray
24775,Lexus,IS 250,2011.0,Sedan,Petrol,2.5,85750.0,6.0,Automatic,RWD,Gray
8467,Toyota,Prius,2008.0,Hatchback,Hybrid,1.5,93206.0,4.0,Automatic,FWD,Red
15053,Toyota,Aqua,2013.0,Sedan,Hybrid,1.5,86992.0,4.0,Automatic,FWD,White
75793,Hyundai,Santa Fe,2019.0,SUV,Diesel,2.0,13472.0,4.0,Automatic,FWD,Black
18817,Toyota,Prius C,2013.0,Hatchback,Hybrid,1.5,67606.0,4.0,Automatic,FWD,Orange
3763,Toyota,Camry,2013.0,Sedan,Hybrid,2.5,77617.0,4.0,Automatic,FWD,White
7056,Hyundai,Sonata,2010.0,Sedan,Petrol,2.0,72295.0,4.0,Automatic,FWD,Black
12112,Chevrolet,Cruze,2012.0,Sedan,Petrol,1.8,80779.0,4.0,Automatic,FWD,Black
11851,Hyundai,H1,2008.0,Wagon,Diesel,2.5,124275.0,4.0,Automatic,FWD,Silver
5896,Kia,Sportage,2007.0,SUV,Diesel,2.0,99722.0,4.0,Automatic,FWD,Black
27284,BMW,X5,2016.0,SUV,Hybrid,2.0,45892.0,4.0,Automatic,AWD,Black
37633,Toyota,Camry,2015.0,Sedan,Hybrid,2.5,103148.0,4.0,Automatic,FWD,Black
29144,Hyundai,Tucson,2016.0,SUV,Diesel,2.0,26573.0,4.0,Automatic,FWD,White
24148,Toyota,Camry,2012.0,Sedan,Hybrid,2.5,56297.0,4.0,Automatic,FWD,Silver
15053,Hyundai,H1,2009.0,Van,Diesel,2.5,109907.0,4.0,Automatic,FWD,Silver
3293,Nissan,Altima,2017.0,Sedan,Petrol,2.5,83619.0,4.0,Automatic,FWD,Gray
41629,Hyundai,H1,2017.0,Wagon,Diesel,2.5,80680.0,4.0,Automatic,FWD,Black
9722,Toyota,Camry,2018.0,Sedan,Hybrid,2.5,79235.0,4.0,Automatic,FWD,Black
13172,Toyota,Camry,2016.0,Sedan,Petrol,2.5,94103.0,4.0,Automatic,FWD,Gray
19757,Hyundai,Elantra,2015.0,Sedan,Petrol,1.8,47722.0,4.0,Automatic,FWD,Blue
20385,Mazda,CX-5,2016.0,SUV,Petrol,2.5,76378.0,4.0,Automatic,FWD,Blue
35438,Hyundai,Sonata,2016.0,Sedan,Hybrid,2.0,89478.0,4.0,Automatic,FWD,Silver
31047,Subaru,XV,2014.0,SUV,Hybrid,2.0,61641.0,4.0,Automatic,AWD,Green
2800,Hyundai,Elantra,1999.0,Sedan,Petrol,2.0,691.0,4.0,Automatic,FWD,Silver
49858,Hyundai,Santa Fe,2016.0,SUV,Diesel,2.0,78582.0,4.0,Automatic,FWD,Gray
42987,Hyundai,Sonata,2017.0,Sedan,Petrol,2.0,53148.0,4.0,Automatic,FWD,Black
37476,Hyundai,Santa Fe,2016.0,SUV,Diesel,2.0,15240.0,4.0,Automatic,FWD,White
14426,Kia,Optima,2015.0,Sedan,Petrol,2.0,39788.0,4.0,Automatic,FWD,Silver
3763,Toyota,Camry,2013.0,Sedan,Hybrid,2.5,77617.0,4.0,Automatic,FWD,White
20883,Hyundai,Sonata,2013.0,Sedan,Petrol,2.0,78700.0,4.0,Automatic,FWD,Gray
29793,Toyota,Camry,2015.0,Sedan,Hybrid,2.5,52817.0,4.0,Automatic,FWD,Black
11917,Toyota,Vitz,2008.0,Hatchback,Petrol,1.5,59031.0,4.0,Automatic,FWD,White
28225,Ford,Fusion,2016.0,Sedan,Petrol,2.5,43807.0,4.0,Automatic,FWD,Black
53282,Hyundai,Sonata,2017.0,Sedan,Petrol,2.0,23516.0,4.0,Automatic,FWD,White
41553,Hyundai,Santa Fe,2016.0,SUV,Diesel,2.0,90310.0,4.0,Automatic,FWD,Black
20385,Toyota,Camry,2013.0,Sedan,Petrol,2.5,63380.0,4.0,Automatic,FWD,Blue
56845,Hyundai,Santa Fe,2017.0,SUV,Diesel,2.0,54681.0,4.0,Automatic,FWD,Gray
22580,Hyundai,Elantra,2016.0,Sedan,Petrol,2.0,32312.0,4.0,Automatic,FWD,Black
6743,Lexus,CT 200h,2016.0,Hatchback,Hybrid,1.8,44680.0,4.0,Automatic,FWD,White
2901,Honda,Civic,2012.0,Sedan,Hybrid,1.5,90971.0,4.0,Automatic,FWD,White
784,Toyota,Camry,2014.0,Sedan,Hybrid,2.5,63627.0,4.0,Automatic,FWD,Black
7527,Toyota,Camry,2015.0,Sedan,Petrol,2.5,94207.0,4.0,Automatic,FWD,White
3763,Toyota,Camry,2013.0,Sedan,Hybrid,2.5,77617.0,4.0,Automatic,FWD,White
27827,Hyundai,Tucson,2015.0,SUV,Diesel,2.0,100282.0,4.0,Automatic,FWD,White
35237,Hyundai,Santa Fe,2014.0,SUV,Diesel,2.0,106021.0,4.0,Automatic,FWD,White
19657,Hyundai,Tucson,2011.0,SUV,Diesel,2.0,80157.0,4.0,Automatic,FWD,Gray
16954,Hyundai,Genesis,2010.0,Coupe,Petrol,2.0,105845.0,4.0,Automatic,FWD,Black
41654,Hyundai,H1,2016.0,Van,Diesel,2.5,25477.0,4.0,Automatic,FWD,White
19441,Hyundai,H1,2010.0,Van,Diesel,2.5,51022.0,4.0,Automatic,FWD,White
11290,Toyota,Prius,2009.0,Hatchback,Hybrid,1.5,61516.0,4.0,Automatic,FWD,Green
7527,Ford,Transit,1995.0,Van,Diesel,2.5,69042.0,4.0,Manual,RWD,Gold
2195,Toyota,C-HR,2018.0,SUV,Petrol,2.0,14178.0,4.0,Automatic,FWD,Gray
13799,Toyota,Prius,2008.0,Sedan,Hybrid,1.5,90099.0,4.0,Automatic,FWD,Gray
16280,Hyundai,Genesis,2010.0,Coupe,Petrol,2.0,98589.0,4.0,Automatic,FWD,Gray
30326,Hyundai,H1,2016.0,Wagon,Diesel,2.5,25400.0,4.0,Automatic,FWD,Gray
53188,Hyundai,Santa Fe,2018.0,SUV,Diesel,2.0,29635.0,4.0,Automatic,FWD,Black
9722,Volkswagen,Jetta,2007.0,Sedan,Petrol,2.5,123184.0,5.0,Automatic,FWD,Black
21326,Toyota,Prius V,2012.0,Wagon,Hybrid,1.8,122411.0,4.0,Automatic,FWD,Beige
5018,Hyundai,Sonata,2016.0,Sedan,Hybrid,2.0,44253.0,4.0,Automatic,FWD,Black
706,Toyota,Camry,2015.0,Sedan,Petrol,2.5,51052.0,4.0,Automatic,FWD,Red
784,Toyota,Camry,2014.0,Sedan,Hybrid,2.5,63627.0,4.0,Automatic,FWD,Black
8311,Hyundai,Sonata,2012.0,Sedan,Petrol,2.0,22709.0,4.0,Automatic,FWD,White
8320,Kia,Optima,2013.0,Sedan,Petrol,2.0,32590.0,4.0,Automatic,FWD,Silver
12544,Ford,Fusion,2010.0,Sedan,Hybrid,2.5,112452.0,4.0,Automatic,FWD,Blue
45825,Toyota,Aqua,2018.0,Wagon,Hybrid,1.5,6178.0,4.0,Automatic,FWD,Gray
31047,Hyundai,other,2011.0,SUV,Petrol,2.0,73337.0,4.0,Automatic,AWD,Silver
17876,Hyundai,Elantra,2014.0,Sedan,Petrol,1.8,96537.0,4.0,Automatic,FWD,Gray
16960,Honda,Fit,2015.0,Hatchback,Petrol,1.5,81683.0,4.0,Automatic,FWD,Blue
3763,Hyundai,Elantra,2014.0,Sedan,Petrol,1.8,68777.0,4.0,Automatic,FWD,White
14301,Hyundai,H1,2012.0,Van,Diesel,2.5,36850.0,4.0,Automatic,FWD,Silver
706,BMW,5 Series,2013.0,Sedan,Petrol,2.0,87579.0,4.0,Automatic,AWD,Gray
13799,Mazda,Mazda3,2016.0,Sedan,Petrol,2.0,60197.0,4.0,Automatic,FWD,Black
30517,Hyundai,H1,2014.0,Van,Diesel,2.5,94358.0,4.0,Automatic,FWD,Gray
18647,Hyundai,Tucson,2011.0,SUV,Diesel,2.0,119357.0,4.0,Automatic,FWD,Gray
14897,Toyota,RAV4,2016.0,SUV,Petrol,2.5,25489.0,4.0,Automatic,AWD,Silver
20385,Hyundai,Elantra,2017.0,Sedan,Petrol,2.0,55303.0,4.0,Automatic,FWD,Blue
37125,Hyundai,Tucson,2017.0,SUV,Diesel,2.0,105031.0,4.0,Automatic,FWD,Black
14740,Hyundai,i30,2012.0,Pickup,Petrol,2.0,96934.0,4.0,Automatic,FWD,White
25089,Hyundai,H1,2008.0,Van,Diesel,2.5,57814.0,4.0,Automatic,FWD,Gold
46866,Honda,Civic,2015.0,Sedan,Petrol,1.8,15346.0,4.0,Automatic,FWD,Red
18503,Volkswagen,Passat,2012.0,Sedan,Petrol,2.5,52817.0,4.0,Automatic,FWD,White
16308,Ford,Focus,2017.0,Sedan,Petrol,2.0,29826.0,4.0,Automatic,FWD,Red
14627,Lexus,CT 200h,2012.0,Hatchback,Hybrid,1.8,88480.0,4.0,Automatic,FWD,White
25089,Toyota,Camry,2013.0,Sedan,Hybrid,2.5,75857.0,4.0,Automatic,RWD,Black
10663,Toyota,Aqua,2012.0,Hatchback,Hybrid,1.5,75808.0,4.0,Automatic,FWD,Red
16621,Hyundai,Elantra,2012.0,Sedan,Petrol,1.8,113339.0,4.0,Manual,FWD,Gray
6241,Chevrolet,Captiva,2007.0,SUV,Diesel,2.0,41903.0,4.0,Automatic,FWD,Silver
19757,Subaru,XV,2014.0,SUV,Petrol,2.0,111847.0,4.0,Automatic,AWD,Orange
23521,Ford,Focus,2017.0,Sedan,Petrol,2.0,62635.0,4.0,Automatic,FWD,White
22357,Hyundai,Tucson,2011.0,SUV,Diesel,2.0,114374.0,4.0,Automatic,FWD,Gray
14113,Ford,Escape,2009.0,SUV,Hybrid,2.5,88938.0,4.0,Automatic,FWD,Silver
16750,Honda,Fit,2017.0,Hatchback,Hybrid,1.5,68382.0,4.0,Automatic,FWD,White
13485,Volkswagen,Jetta,2012.0,Sedan,Petrol,2.0,40390.0,4.0,Automatic,FWD,Gray
12000,Toyota,Prius,2006.0,Hatchback,Hybrid,1.5,71458.0,4.0,Automatic,FWD,Silver
17562,Toyota,Prius,2010.0,Hatchback,Hybrid,1.8,119304.0,4.0,Automatic,FWD,Black
28780,Hyundai,Santa Fe,2011.0,SUV,Diesel,2.0,80238.0,4.0,Automatic,FWD,Silver
19444,Subaru,Forester,2014.0,SUV,Petrol,2.5,78915.0,4.0,Automatic,AWD,Black
21953,Toyota,Prius,2015.0,Sedan,Hybrid,1.8,41757.0,4.0,Automatic,FWD,Black
17562,Toyota,Camry,2013.0,Sedan,Petrol,2.5,87196.0,4.0,Automatic,FWD,Black
13485,Toyota,Prius,2008.0,Hatchback,Hybrid,1.5,85128.0,4.0,Automatic,FWD,Blue
10036,Mitsubishi,Pajero iO,1998.0,SUV,Petrol,1.8,80779.0,4.0,Automatic,AWD,Blue
29636,Hyundai,H1,2011.0,Van,Diesel,2.5,23788.0,4.0,Automatic,FWD,Silver
13953,Hyundai,Sonata,2010.0,Sedan,Petrol,2.0,109756.0,4.0,Automatic,FWD,Silver
31361,Mazda,CX-5,2015.0,SUV,Petrol,2.5,29826.0,4.0,Automatic,FWD,Gray
20385,Toyota,Camry,2012.0,Sedan,Petrol,2.5,41005.0,4.0,Automatic,FWD,Black
36692,Lexus,CT 200h,2014.0,Hatchback,Hybrid,1.8,50953.0,4.0,Automatic,FWD,White
10349,Toyota,C-HR,2018.0,SUV,Petrol,2.0,24055.0,4.0,Automatic,FWD,White
8781,Ford,Fusion,2016.0,Sedan,Hybrid,2.0,121152.0,4.0,Automatic,FWD,Black
862,Toyota,Camry,2014.0,Sedan,Hybrid,2.5,81076.0,4.0,Automatic,FWD,White
16308,Ford,Fusion,2013.0,Sedan,Petrol,2.5,44118.0,4.0,Automatic,FWD,White
37232,Hyundai,Santa Fe,2013.0,SUV,Diesel,2.0,90068.0,4.0,Automatic,FWD,Gray
17158,Hyundai,Sonata,2011.0,Sedan,Petrol,2.0,80210.0,4.0,Automatic,FWD,Black
9408,Hyundai,Sonata,2013.0,Sedan,Petrol,2.0,30196.0,4.0,Automatic,FWD,Silver
37574,Hyundai,Santa Fe,2014.0,SUV,Diesel,2.0,98876.0,4.0,Automatic,FWD,White
22580,Mercedes-Benz,E-Class,2017.0,Sedan,Petrol,2.0,31647.0,4.0,Automatic,RWD,Black
11133,Toyota,Camry,2014.0,Sedan,Hybrid,2.5,111463.0,4.0,Automatic,FWD,Black
18500,Chevrolet,Malibu,2014.0,Sedan,Petrol,2.0,89039.0,4.0,Automatic,FWD,Black
34877,Hyundai,Elantra,2016.0,Sedan,Petrol,1.8,43633.0,4.0,Automatic,FWD,Silver
20385,Toyota,Prius,2012.0,Sedan,Hybrid,1.8,59647.0,4.0,Automatic,FWD,White
47042,Toyota,RAV4,2017.0,SUV,Petrol,2.5,10253.0,4.0,Automatic,AWD,Gray
10976,Honda,Fit,2014.0,Hatchback,Hybrid,1.5,70837.0,4.0,Automatic,AWD,Silver
8154,Nissan,Note,2008.0,Hatchback,Petrol,1.5,64623.0,4.0,Automatic,FWD,Gray
19444,Toyota,RAV4,2016.0,SUV,Hybrid,2.5,29486.0,4.0,Automatic,AWD,Silver
50178,Toyota,RAV4,2017.0,SUV,Petrol,2.5,37283.0,4.0,Automatic,AWD,Silver
11290,Honda,Accord,2018.0,Sedan,Petrol,1.5,37321.0,4.0,Automatic,FWD,Black
4234,Toyota,Camry,2017.0,Sedan,Petrol,2.5,29848.0,4.0,Automatic,FWD,Red
13172,Subaru,Forester,2009.0,SUV,Petrol,2.5,82643.0,4.0,Automatic,AWD,Silver
2038,Toyota,Prius,2015.0,SUV,Hybrid,1.8,65117.0,4.0,Automatic,FWD,White
12544,Hyundai,Elantra,2012.0,Sedan,Petrol,1.8,98177.0,4.0,Automatic,FWD,Gray
7683,Hyundai,Sonata,2011.0,Sedan,Petrol,2.0,56683.0,4.0,Automatic,FWD,White
862,Toyota,Camry,2014.0,Sedan,Hybrid,2.5,81076.0,4.0,Automatic,FWD,White
40769,Toyota,Prius,2018.0,Hatchback,Hybrid,1.8,1307.0,4.0,Automatic,FWD,White
5959,Toyota,RAV4,2012.0,SUV,Petrol,2.5,99358.0,4.0,Automatic,FWD,Brown
16308,Mercedes-Benz,GLA,2015.0,SUV,Petrol,2.0,96510.0,4.0,Automatic,AWD,White
42717,Hyundai,Santa Fe,2017.0,SUV,Diesel,2.0,44764.0,4.0,Automatic,FWD,Blue
8311,Nissan,Tiida,2005.0,Hatchback,Petrol,1.5,85750.0,4.0,Automatic,FWD,Silver
50178,Toyota,Camry,2018.0,Sedan,Petrol,2.5,37283.0,6.0,Automatic,FWD,Black
24462,Toyota,Camry,2013.0,Sedan,Hybrid,2.5,104391.0,4.0,Automatic,FWD,Gray
11917,Chevrolet,Captiva,2010.0,SUV,Diesel,2.0,38617.0,4.0,Automatic,FWD,Black
37066,Hyundai,H1,2016.0,Van,Diesel,2.5,57045.0,4.0,Automatic,FWD,Silver
4391,Volkswagen,Jetta,2012.0,Sedan,Diesel,2.0,123189.0,4.0,Automatic,FWD,Black
9408,Chevrolet,Cruze,2011.0,Sedan,Petrol,1.8,17399.0,4.0,Manual,FWD,Silver
11447,Lexus,CT 200h,2014.0,Hatchback,Hybrid,1.8,82371.0,4.0,Automatic,FWD,Red
65040,Hyundai,H1,2018.0,Wagon,Diesel,2.5,16467.0,4.0,Automatic,FWD,Gold
6899,Subaru,Forester,2015.0,SUV,Petrol,2.5,56167.0,4.0,Automatic,AWD,White
14269,other,other,2019.0,Sedan,Petrol,2.0,22306.0,4.0,Automatic,FWD,Black
48610,Toyota,RAV4,2018.0,SUV,Petrol,2.5,24855.0,4.0,Automatic,AWD,White
28617,Hyundai,Tucson,2014.0,SUV,Diesel,2.0,74734.0,4.0,Automatic,FWD,White
37000,Hyundai,H1,2014.0,Van,Diesel,2.5,75065.0,4.0,Automatic,FWD,Silver
44247,Hyundai,H1,2016.0,Wagon,Diesel,2.5,32207.0,4.0,Automatic,FWD,Gray
11133,Mercedes-Benz,GLA,2015.0,SUV,Petrol,2.0,61853.0,4.0,Automatic,AWD,White
13000,Mercedes-Benz,Vito,1997.0,Van,Petrol,2.0,105634.0,6.0,Manual,FWD,Red
36834,Hyundai,H1,2016.0,Van,Diesel,2.5,84435.0,4.0,Automatic,FWD,Silver
9095,Nissan,Tiida,2006.0,Hatchback,Petrol,1.5,111847.0,4.0,Automatic,FWD,Silver
50341,Hyundai,Sonata,2016.0,Sedan,Petrol,2.0,22503.0,4.0,Automatic,FWD,Blue
26030,Hyundai,Tucson,2011.0,SUV,Petrol,2.0,64623.0,4.0,Automatic,AWD,Brown
39891,Hyundai,Tucson,2015.0,SUV,Diesel,2.0,50137.0,4.0,Automatic,FWD,White
7370,Chevrolet,Cruze,2009.0,Sedan,Diesel,2.0,41402.0,4.0,Automatic,FWD,Black
21012,Toyota,Prius C,2013.0,Hatchback,Hybrid,1.5,31815.0,4.0,Automatic,FWD,Silver
54167,Hyundai,Sonata,2017.0,Sedan,Petrol,2.0,21686.0,4.0,Automatic,FWD,Black
4391,Toyota,Corolla,2014.0,Sedan,Petrol,1.8,105100.0,4.0,Automatic,FWD,Silver
40092,Ford,Taurus,2015.0,Sedan,Petrol,2.0,54497.0,4.0,Automatic,FWD,Black
16358,Hyundai,Genesis,2009.0,Coupe,Petrol,2.0,77889.0,4.0,Automatic,FWD,Gray
20385,Toyota,Prius C,2015.0,Hatchback,Hybrid,1.5,89478.0,4.0,Automatic,FWD,Black
16308,Ford,Focus,2015.0,Sedan,Petrol,2.0,102909.0,4.0,Automatic,FWD,Black
23521,Toyota,Prius,2013.0,Sedan,Hybrid,1.8,71458.0,4.0,Automatic,FWD,Blue
7683,Chevrolet,Captiva,2007.0,SUV,Diesel,2.0,38734.0,4.0,Automatic,FWD,White
7997,Toyota,RAV4,2016.0,SUV,Petrol,2.5,59504.0,4.0,Automatic,AWD,Black
15210,Hyundai,Elantra,2020.0,Sedan,Petrol,2.0,15558.0,4.0,Automatic,FWD,Gray
12000,Subaru,Forester,2003.0,SUV,Petrol,2.0,96313.0,4.0,Automatic,AWD,Green
11133,Toyota,Aqua,2014.0,Hatchback,Hybrid,1.5,64747.0,4.0,Automatic,FWD,Purple
9722,Toyota,Camry,2018.0,Sedan,Hybrid,2.5,79235.0,4.0,Automatic,FWD,Black
40556,Hyundai,Tucson,2014.0,SUV,Diesel,2.0,46966.0,4.0,Automatic,FWD,Gray
11447,Lexus,CT 200h,2014.0,Hatchback,Hybrid,1.8,82371.0,4.0,Automatic,FWD,Red
20385,Ford,Fusion,2015.0,Sedan,Petrol,2.0,79536.0,4.0,Automatic,FWD,White
19000,Hyundai,Elantra,2013.0,Hatchback,Petrol,1.8,59963.0,4.0,Automatic,FWD,Gray
9408,Hyundai,Genesis,2010.0,Sedan,Petrol,2.0,82783.0,4.0,Automatic,FWD,Black
34673,Hyundai,H1,2014.0,Van,Diesel,2.5,72990.0,4.0,Automatic,FWD,Gray
37062,Chevrolet,Captiva,2015.0,SUV,Diesel,2.0,54925.0,4.0,Automatic,FWD,White
10036,Toyota,Prius,2007.0,Hatchback,Hybrid,1.5,48329.0,4.0,Automatic,FWD,Red
4704,Volkswagen,Jetta,1999.0,Sedan,Petrol,2.0,114954.0,4.0,Manual,FWD,Silver
17876,Hyundai,Tucson,2019.0,Sedan,Petrol,2.0,19387.0,4.0,Automatic,AWD,Blue
27755,Hyundai,Genesis,2010.0,Coupe,Petrol,2.0,67718.0,4.0,Automatic,FWD,Gold
5488,Toyota,Camry,2014.0,Sedan,Hybrid,2.5,68226.0,4.0,Automatic,FWD,White
10036,Toyota,Aqua,2012.0,Hatchback,Hybrid,1.5,87614.0,4.0,Automatic,FWD,Silver
16756,Hyundai,Genesis,2010.0,Coupe,Petrol,2.0,118846.0,4.0,Automatic,FWD,White
20385,Ford,Fusion,2014.0,Sedan,Petrol,2.5,92461.0,4.0,Automatic,FWD,Black
706,Toyota,Camry,2014.0,Sedan,Hybrid,2.5,71652.0,4.0,Automatic,FWD,Gray
1568,Honda,Fit,2013.0,Hatchback,Petrol,1.5,73466.0,4.0,Automatic,FWD,Silver
24775,Toyota,Camry,2012.0,Sedan,Petrol,2.5,62138.0,4.0,Automatic,FWD,Silver
18422,Toyota,Aqua,2012.0,Hatchback,Petrol,1.5,66487.0,4.0,Automatic,FWD,Blue
18503,Toyota,Prius,2012.0,Sedan,Hybrid,1.8,55303.0,4.0,Automatic,FWD,Black
3450,Toyota,Camry,2019.0,Sedan,Hybrid,2.5,5982.0,4.0,Automatic,FWD,Black
15273,Toyota,Aqua,2017.0,Hatchback,Hybrid,1.5,53847.0,4.0,Automatic,FWD,White
18189,Toyota,RAV4,2017.0,SUV,Petrol,2.5,34401.0,4.0,Automatic,AWD,Blue
21103,Hyundai,Tucson,2012.0,SUV,Diesel,2.0,74136.0,4.0,Automatic,FWD,Silver
17249,Toyota,Prius C,2013.0,Hatchback,Hybrid,1.5,49089.0,4.0,Automatic,FWD,Gray
1254,Audi,A4,2014.0,Sedan,Petrol,2.0,26344.0,4.0,Automatic,AWD,Gray
21796,Chevrolet,Orlando,2017.0,SUV,Petrol,2.0,17394.0,4.0,Automatic,FWD,Silver
20385,Toyota,Prius C,2014.0,Hatchback,Hybrid,1.5,37283.0,4.0,Automatic,FWD,Gray
7527,Hyundai,Sonata,2010.0,Sedan,Petrol,2.0,55415.0,4.0,Automatic,FWD,Silver
22580,Mercedes-Benz,E-Class,2017.0,Sedan,Petrol,2.0,31647.0,4.0,Automatic,RWD,Black
8467,Nissan,Tiida,2006.0,Sedan,Petrol,1.5,114333.0,4.0,Automatic,FWD,Silver
862,Ford,Escape,2010.0,SUV,Hybrid,2.5,108694.0,4.0,Automatic,FWD,Gray
18189,Ford,Focus,2015.0,Hatchback,Petrol,2.0,13049.0,4.0,Manual,FWD,Red
18817,Toyota,Camry,2018.0,Sedan,Hybrid,2.5,21785.0,4.0,Automatic,FWD,White
2352,Volkswagen,Golf,2011.0,Hatchback,Diesel,2.0,80562.0,4.0,Automatic,FWD,Black
22433,Hyundai,H1,2013.0,Van,Diesel,2.5,43071.0,4.0,Automatic,FWD,Black
1176,Ford,Fusion,2012.0,Sedan,Petrol,2.5,68063.0,4.0,Automatic,FWD,Gray
25716,Ford,Fusion,2012.0,Sedan,Hybrid,2.0,90605.0,4.0,Automatic,FWD,White
11917,Toyota,Prius,2008.0,Sedan,Hybrid,1.5,124275.0,4.0,Automatic,FWD,White
52696,Hyundai,H1,2017.0,Wagon,Diesel,2.5,57788.0,4.0,Automatic,FWD,Silver
12231,Toyota,Prius,2007.0,Hatchback,Hybrid,1.5,87614.0,4.0,Automatic,FWD,Silver
56509,Honda,Civic,2018.0,Sedan,Petrol,2.0,16239.0,4.0,Automatic,FWD,Black
3450,Volkswagen,Golf,1992.0,Hatchback,Petrol,2.0,69042.0,4.0,Manual,FWD,Black
59087,Hyundai,Santa Fe,2017.0,SUV,Diesel,2.0,63079.0,4.0,Automatic,FWD,White
15681,Volkswagen,Passat,2012.0,Sedan,Petrol,2.5,95692.0,5.0,Automatic,FWD,Blue
66815,Hyundai,Sonata,2018.0,Sedan,Petrol,2.0,25357.0,4.0,Automatic,FWD,Black
64463,Hyundai,Sonata,2018.0,Sedan,Petrol,2.0,15693.0,4.0,Automatic,FWD,White
6272,Ford,Transit,1994.0,Van,Diesel,2.5,68973.0,4.0,Manual,RWD,White
66482,Honda,Civic,2017.0,Sedan,Petrol,1.5,12141.0,4.0,Automatic,FWD,Black
23207,Nissan,Altima,2015.0,Sedan,Petrol,2.5,9010.0,4.0,Automatic,RWD,Black
862,Nissan,Altima,2012.0,Sedan,Petrol,2.5,60663.0,4.0,Automatic,FWD,Black
27598,Toyota,Camry,2014.0,Sedan,Petrol,2.5,120099.0,4.0,Automatic,FWD,Black
43655,Hyundai,H1,2016.0,Wagon,Diesel,2.5,82652.0,4.0,Automatic,FWD,Silver
20542,Chevrolet,Malibu,2012.0,Sedan,Petrol,2.0,95155.0,4.0,Automatic,FWD,Black
14113,Toyota,Prius,2009.0,Sedan,Hybrid,1.5,99420.0,6.0,Automatic,FWD,Gray
1725,Lexus,CT 200h,2013.0,Hatchback,Hybrid,1.8,116939.0,4.0,Automatic,FWD,Black
49858,Hyundai,Santa Fe,2014.0,SUV,Diesel,2.0,49567.0,4.0,Automatic,FWD,Gray
9565,Hyundai,Sonata,2015.0,Sedan,Petrol,2.0,19884.0,4.0,Automatic,FWD,Orange
20817,Hyundai,Santa Fe,2010.0,SUV,Diesel,2.0,114103.0,4.0,Automatic,FWD,White
46728,Toyota,C-HR,2018.0,SUV,Petrol,2.0,28584.0,4.0,Automatic,FWD,Gray
24738,Lexus,CT 200h,2012.0,Sedan,Hybrid,1.8,29383.0,4.0,Automatic,FWD,Gray
7500,Mitsubishi,other,2002.0,Sedan,Petrol,1.8,99420.0,4.0,Automatic,FWD,White
15681,Toyota,Prius,2014.0,Hatchback,Hybrid,1.5,34080.0,4.0,Automatic,FWD,Gray
10036,Toyota,Prius,2008.0,Sedan,Hybrid,1.5,111847.0,4.0,Automatic,FWD,Black
15950,Toyota,Prius C,2013.0,Hatchback,Hybrid,1.5,56670.0,2.0,Automatic,FWD,Gray
18826,Hyundai,Sonata,2010.0,Sedan,Petrol,2.0,77712.0,4.0,Automatic,FWD,Silver
6899,Subaru,Forester,2015.0,SUV,Petrol,2.5,56167.0,4.0,Automatic,AWD,White
40443,Hyundai,Santa Fe,2014.0,SUV,Diesel,2.0,81829.0,4.0,Automatic,FWD,Gray
38737,Hyundai,H1,2016.0,Wagon,Diesel,2.5,74287.0,4.0,Automatic,FWD,Silver
18503,Ford,Fusion,2013.0,Sedan,Petrol,2.0,55303.0,6.0,Automatic,RWD,Black
2352,Toyota,Camry,2013.0,Sedan,Petrol,2.5,115388.0,4.0,Automatic,FWD,White
15289,Hyundai,Genesis,2010.0,Coupe,Petrol,2.0,71684.0,4.0,Automatic,FWD,Red
549,Volkswagen,Tiguan,2010.0,SUV,Petrol,2.0,115262.0,4.0,Automatic,FWD,White
15994,Volkswagen,Passat,2014.0,Sedan,Petrol,1.8,67109.0,4.0,Automatic,FWD,Black
27284,Toyota,Camry,2015.0,Sedan,Petrol,2.5,46603.0,6.0,Automatic,FWD,Black
2117,Hyundai,Elantra,2016.0,Sedan,Petrol,1.8,64791.0,4.0,Automatic,FWD,White
10349,Honda,CR-V,2002.0,SUV,Petrol,2.0,124275.0,4.0,Automatic,AWD,Red
50018,Hyundai,Sonata,2017.0,Sedan,Petrol,2.0,38277.0,4.0,Automatic,FWD,Black
16621,Toyota,Prius,2010.0,Hatchback,Hybrid,1.8,74565.0,4.0,Automatic,FWD,Silver
549,Toyota,Prius C,2015.0,Hatchback,Hybrid,1.5,50121.0,4.0,Automatic,FWD,White
14897,Toyota,Prius,2009.0,Hatchback,Hybrid,1.8,100678.0,4.0,Automatic,FWD,Red
36235,Hyundai,H1,2016.0,Van,Diesel,2.5,68121.0,4.0,Automatic,FWD,Silver
19002,Toyota,Aqua,2013.0,Hatchback,Petrol,1.5,30448.0,4.0,Automatic,FWD,Blue
3450,Toyota,Camry,2019.0,Sedan,Hybrid,2.5,5982.0,4.0,Automatic,FWD,Black
21953,Lexus,ES 300,2014.0,Sedan,Hybrid,2.5,81400.0,4.0,Automatic,FWD,Black
3763,Toyota,Camry,2013.0,Sedan,Hybrid,2.5,77617.0,4.0,Automatic,FWD,White
15524,Hyundai,H1,2008.0,Van,Diesel,2.5,32417.0,4.0,Automatic,FWD,Blue
15681,Hyundai,Elantra,2017.0,Sedan,Petrol,2.0,37692.0,4.0,Automatic,FWD,Black
18189,Volkswagen,Passat,2011.0,Sedan,Petrol,2.5,73944.0,4.0,Automatic,FWD,Black
46621,Hyundai,Santa Fe,2015.0,SUV,Diesel,2.0,55924.0,4.0,Automatic,FWD,White
17923,Hyundai,H1,2011.0,Wagon,Diesel,2.5,117655.0,4.0,Automatic,FWD,Gray
22502,Honda,Fit,2014.0,Hatchback,Petrol,1.5,69221.0,4.0,Automatic,FWD,Silver
14385,Hyundai,Tucson,2010.0,SUV,Diesel,2.0,31151.0,4.0,Automatic,FWD,Black
17249,Toyota,Prius,2010.0,Hatchback,Petrol,1.8,114778.0,4.0,Automatic,FWD,Silver
784,Hyundai,Tucson,2016.0,Sedan,Petrol,2.0,109307.0,4.0,Automatic,FWD,White
10349,Toyota,C-HR,2018.0,SUV,Petrol,2.0,24055.0,4.0,Automatic,FWD,White
51746,Mazda,CX-5,2018.0,SUV,Petrol,2.5,12428.0,4.0,Automatic,AWD,Black
48202,Honda,Civic,2016.0,Sedan,Petrol,2.0,21127.0,4.0,Automatic,FWD,Black
47042,Toyota,RAV4,2016.0,SUV,Petrol,2.0,56545.0,4.0,Automatic,FWD,Black
36137,Hyundai,Santa Fe,2014.0,SUV,Diesel,2.0,108281.0,4.0,Automatic,FWD,Silver
10349,Hyundai,Sonata,2015.0,Sedan,Petrol,2.0,53612.0,4.0,Automatic,FWD,Silver
706,Toyota,Prius,2013.0,Hatchback,Hybrid,1.8,65448.0,4.0,Automatic,FWD,White
12858,Volkswagen,Golf,2007.0,Hatchback,Petrol,2.5,9321.0,4.0,Manual,FWD,Black
19613,Hyundai,Genesis,2010.0,Coupe,Petrol,2.0,64637.0,4.0,Automatic,FWD,White
21012,Lexus,CT 200h,2012.0,Hatchback,Hybrid,1.5,98177.0,4.0,Automatic,FWD,White
15677,Toyota,Aqua,2013.0,Hatchback,Hybrid,1.5,71458.0,4.0,Automatic,FWD,Silver
42845,Chevrolet,Captiva,2015.0,SUV,Diesel,2.0,10120.0,4.0,Automatic,FWD,White
17249,Volkswagen,Jetta,2015.0,Sedan,Petrol,1.8,43496.0,4.0,Automatic,FWD,Silver
18817,Subaru,Forester,2013.0,SUV,Petrol,2.5,105634.0,4.0,Automatic,AWD,Black
16879,Chevrolet,Cruze,2014.0,Sedan,Petrol,1.8,50840.0,4.0,Automatic,FWD,White
22947,Hyundai,Tucson,2012.0,SUV,Diesel,2.0,91048.0,4.0,Automatic,FWD,White
22840,Chevrolet,Captiva,2015.0,SUV,Diesel,2.0,57012.0,4.0,Automatic,FWD,Silver
1646,Mercedes-Benz,C-Class,2017.0,Coupe,Petrol,2.0,39760.0,4.0,Automatic,AWD,Black
1725,Mitsubishi,Outlander,2018.0,SUV,Hybrid,2.0,49265.0,4.0,Automatic,AWD,Black
6899,Kia,Sportage,2009.0,SUV,Diesel,2.0,29528.0,4.0,Automatic,FWD,Silver
25591,Hyundai,Tucson,2011.0,SUV,Diesel,2.0,93917.0,4.0,Automatic,FWD,White
1333,Hyundai,Elantra,2015.0,Sedan,Petrol,1.8,40217.0,4.0,Automatic,FWD,Red
10976,Dodge,Caliber,2011.0,Hatchback,Petrol,2.0,124275.0,4.0,Automatic,FWD,Black
42171,Hyundai,H1,2016.0,Wagon,Diesel,2.5,63590.0,4.0,Automatic,FWD,Silver
13485,Toyota,Aqua,2013.0,Hatchback,Hybrid,1.5,62269.0,4.0,Automatic,FWD,Gold
21326,Toyota,Prius,2012.0,Hatchback,Hybrid,1.8,118807.0,4.0,Automatic,FWD,White
27093,Chevrolet,Captiva,2015.0,SUV,Diesel,2.0,63725.0,4.0,Automatic,FWD,White
4704,Mazda,MPV,2001.0,Van,Petrol,2.5,11807.0,4.0,Automatic,FWD,White
33908,Hyundai,Tucson,2014.0,SUV,Diesel,2.0,75304.0,4.0,Automatic,FWD,Black
27770,Chevrolet,Malibu,2015.0,Sedan,Diesel,2.0,83257.0,4.0,Automatic,FWD,White
15053,Toyota,Prius,2009.0,Sedan,Hybrid,1.8,121168.0,4.0,Automatic,FWD,White
14269,Lexus,ES 350,2017.0,Sedan,Hybrid,2.5,54890.0,4.0,Automatic,FWD,White
9722,Subaru,Forester,2015.0,SUV,Petrol,2.5,57894.0,4.0,Automatic,AWD,Red
16500,Audi,other,2011.0,Coupe,Petrol,2.0,622.0,4.0,Automatic,AWD,Black
8311,Honda,Civic,2013.0,Sedan,Hybrid,1.5,90020.0,4.0,Automatic,FWD,White
3607,Toyota,Prius V,2013.0,Van,Hybrid,1.8,110800.0,4.0,Automatic,FWD,White
15367,Toyota,Prius,2010.0,Hatchback,Hybrid,1.8,70837.0,4.0,Automatic,FWD,Silver
13642,Hyundai,Sonata,2015.0,Sedan,Petrol,2.0,26719.0,4.0,Automatic,FWD,Silver
49751,Hyundai,Sonata,2016.0,Sedan,Petrol,2.0,16138.0,4.0,Automatic,FWD,Gray
64290,Toyota,Camry,2018.0,Sedan,Petrol,2.5,7457.0,4.0,Automatic,FWD,Black
44542,Hyundai,H1,2017.0,Wagon,Diesel,2.5,62669.0,4.0,Automatic,FWD,Silver
21796,Lexus,CT 200h,2012.0,Hatchback,Hybrid,1.8,65244.0,8.0,Automatic,FWD,White
784,Toyota,Camry,2014.0,Sedan,Hybrid,2.5,63627.0,4.0,Automatic,FWD,Black
36834,Hyundai,H1,2016.0,Van,Diesel,2.5,84435.0,4.0,Automatic,FWD,Silver
24775,Toyota,RAV4,2010.0,SUV,Petrol,2.5,68706.0,4.0,Automatic,FWD,Black
51517,Hyundai,Santa Fe,2016.0,SUV,Diesel,2.0,76987.0,4.0,Automatic,FWD,White
1411,Volkswagen,Jetta,2013.0,Sedan,Diesel,2.0,105012.0,4.0,Automatic,FWD,White
16788,Hyundai,Tucson,2011.0,SUV,Diesel,2.0,115393.0,4.0,Automatic,FWD,White
9879,Hyundai,Sonata,2015.0,Sedan,Petrol,2.0,32312.0,4.0,Automatic,FWD,Silver
22693,Hyundai,Santa Fe,2010.0,SUV,Diesel,2.0,95690.0,4.0,Automatic,FWD,Silver
20385,Toyota,Camry,2013.0,Sedan,Petrol,2.5,6214.0,6.0,Automatic,FWD,White
21326,Toyota,Camry,2012.0,Sedan,Petrol,2.5,55924.0,4.0,Automatic,FWD,Silver
4234,Toyota,Camry,2018.0,Sedan,Petrol,2.5,65390.0,4.0,Automatic,FWD,Blue
1725,Ford,Focus,2017.0,Sedan,Petrol,2.0,65342.0,4.0,Automatic,FWD,White
11760,Toyota,Prius,2007.0,Hatchback,Hybrid,1.5,49107.0,4.0,Automatic,FWD,Gray
37238,Honda,Fit,2015.0,Hatchback,Petrol,1.5,23368.0,4.0,Automatic,FWD,Black
7840,Toyota,Prius,2011.0,Hatchback,Hybrid,1.8,113339.0,4.0,Automatic,FWD,Red
15681,Nissan,Serena,2010.0,Van,Petrol,2.0,74565.0,4.0,Automatic,FWD,Black
20385,Ford,Fusion,2014.0,Sedan,Petrol,2.5,117440.0,4.0,Automatic,FWD,White
16935,Toyota,Prius C,2013.0,Hatchback,Hybrid,1.5,104391.0,4.0,Automatic,FWD,Gray
5018,Toyota,Camry,2013.0,Sedan,Hybrid,2.5,118402.0,4.0,Automatic,FWD,Black
2038,Toyota,Prius,2015.0,SUV,Hybrid,1.8,65117.0,4.0,Automatic,FWD,White
28852,Mercedes-Benz,C-Class,2015.0,Sedan,Petrol,2.0,34014.0,4.0,Automatic,RWD,White
862,Toyota,Camry,2014.0,Sedan,Hybrid,2.5,81076.0,4.0,Automatic,FWD,White
1568,Toyota,Camry,2015.0,Sedan,Petrol,2.5,107560.0,4.0,Automatic,FWD,Silver
549,Audi,A6,2016.0,Sedan,Petrol,2.0,60787.0,4.0,Automatic,AWD,Gray
16383,Toyota,Aqua,2012.0,Hatchback,Petrol,2.0,57415.0,4.0,Automatic,FWD,Red
27065,Hyundai,Tucson,2010.0,SUV,Diesel,2.0,49784.0,4.0,Automatic,FWD,White
36564,Hyundai,Tucson,2016.0,SUV,Diesel,2.0,29261.0,4.0,Automatic,FWD,White
9722,Subaru,Forester,2015.0,SUV,Petrol,2.5,57894.0,4.0,Automatic,AWD,Red
13172,Toyota,Prius,2012.0,Hatchback,Hybrid,1.8,93455.0,4.0,Automatic,FWD,White
15681,Chevrolet,Cruze,2016.0,Sedan,Petrol,1.8,32933.0,4.0,Automatic,FWD,White
17719,Chevrolet,Malibu,2014.0,Sedan,Diesel,2.0,24054.0,4.0,Automatic,FWD,Brown
23602,Lexus,IS 250,2009.0,Sedan,Petrol,2.5,78738.0,4.0,Automatic,FWD,White
11917,Toyota,Prius,2012.0,Hatchback,Hybrid,1.8,63380.0,4.0,Automatic,FWD,Black
27755,Hyundai,H1,2010.0,Van,Diesel,2.5,44965.0,4.0,Automatic,FWD,Black
80074,Hyundai,Santa Fe,2019.0,SUV,Diesel,2.0,34797.0,4.0,Automatic,FWD,Gray
28225,Toyota,Camry,2012.0,Sedan,Hybrid,2.5,97441.0,4.0,Automatic,FWD,Blue
6899,Mitsubishi,Colt,2003.0,Hatchback,Petrol,1.5,99420.0,4.0,Automatic,AWD,Silver
862,Toyota,Camry,2014.0,Sedan,Hybrid,2.5,81076.0,4.0,Automatic,FWD,White
13172,Nissan,X-Trail,2004.0,SUV,Petrol,2.0,118061.0,4.0,Automatic,AWD,Silver
25089,Toyota,Prius C,2017.0,Hatchback,Hybrid,1.5,89478.0,4.0,Automatic,FWD,White
10663,Subaru,Forester,2018.0,Sedan,Petrol,2.5,20155.0,4.0,Automatic,AWD,Black
19823,Toyota,Aqua,2012.0,Hatchback,Petrol,1.5,39147.0,4.0,Automatic,FWD,Black
7683,BMW,3 Series,2002.0,Sedan,Petrol,2.5,78293.0,6.0,Automatic,RWD,Silver
16091,Hyundai,Genesis,2010.0,Coupe,Petrol,2.0,62138.0,4.0,Automatic,FWD,Gray
11447,Ford,Fusion,2015.0,Sedan,Petrol,2.5,59652.0,4.0,Automatic,FWD,Silver
627,Toyota,Camry,2012.0,Sedan,Hybrid,2.5,93949.0,4.0,Automatic,FWD,Gray
33556,Toyota,Prius,2017.0,Sedan,Hybrid,1.8,56329.0,4.0,Automatic,FWD,Silver
6272,Nissan,Note,2005.0,Hatchback,Petrol,1.5,118061.0,4.0,Automatic,FWD,Beige
23521,Toyota,RAV4,2011.0,SUV,Petrol,2.5,107373.0,4.0,Automatic,FWD,Black
17449,Chevrolet,Orlando,2012.0,SUV,Diesel,2.0,94819.0,4.0,Automatic,FWD,Gray
22580,Toyota,Camry,2013.0,Sedan,Petrol,2.5,77672.0,4.0,Automatic,FWD,Black
10349,Toyota,C-HR,2018.0,SUV,Petrol,2.0,24055.0,4.0,Automatic,FWD,White
7997,Honda,CR-V,2002.0,SUV,Petrol,2.0,98177.0,4.0,Automatic,AWD,Silver
6429,Toyota,Camry,2019.0,Sedan,Petrol,2.5,2837.0,4.0,Automatic,FWD,Gray
7119,Hyundai,Sonata,2010.0,Sedan,Petrol,2.0,50486.0,4.0,Automatic,FWD,White
18817,Toyota,Prius C,2012.0,Hatchback,Hybrid,1.5,69594.0,4.0,Automatic,FWD,Black
39226,Hyundai,Santa Fe,2013.0,SUV,Diesel,2.0,86674.0,4.0,Automatic,FWD,Black
15527,Lexus,CT 200h,2016.0,Hatchback,Hybrid,1.8,53016.0,4.0,Automatic,FWD,Red
37564,Hyundai,Santa Fe,2016.0,SUV,Diesel,2.0,93947.0,4.0,Automatic,FWD,Gray
7884,Ford,Escape,2012.0,SUV,Hybrid,2.5,59248.0,4.0,Automatic,FWD,Blue
12074,Subaru,XV,2014.0,SUV,Hybrid,2.0,81942.0,4.0,Automatic,AWD,White
10192,Ford,Fusion,2018.0,Sedan,Hybrid,2.0,17904.0,4.0,Automatic,FWD,Blue
14426,Mazda,Mazda6,2013.0,Sedan,Petrol,2.5,57664.0,4.0,Automatic,FWD,Silver
862,Toyota,Camry,2014.0,Sedan,Hybrid,2.5,81076.0,4.0,Automatic,FWD,White
17562,Toyota,Camry,2013.0,Sedan,Hybrid,2.5,46603.0,4.0,Automatic,FWD,Gray
45473,Toyota,RAV4,2016.0,SUV,Petrol,2.5,37780.0,4.0,Automatic,AWD,Black
65052,Hyundai,Sonata,2018.0,Sedan,Petrol,2.0,17056.0,4.0,Automatic,FWD,Black
49143,Hyundai,Genesis,2016.0,Coupe,Petrol,2.0,69614.0,4.0,Automatic,FWD,White
24148,Toyota,Prius,2012.0,Hatchback,Hybrid,1.8,49710.0,4.0,Automatic,FWD,Silver
15053,Toyota,Corolla,2014.0,Sedan,Petrol,1.8,53128.0,4.0,Automatic,FWD,Red
5018,Honda,Civic,2015.0,Sedan,Petrol,1.8,40093.0,4.0,Automatic,FWD,Gray
17948,Hyundai,Tucson,2011.0,SUV,Diesel,2.0,118987.0,4.0,Automatic,FWD,Gray
21482,Ford,Fusion,2017.0,Sedan,Petrol,2.5,60895.0,4.0,Automatic,FWD,Black
16621,Kia,Optima,2014.0,Sedan,Petrol,2.0,27818.0,4.0,Automatic,FWD,Silver
6272,Honda,CR-V,1998.0,SUV,Petrol,2.0,12428.0,4.0,Automatic,AWD,Silver
35005,Hyundai,H1,2016.0,Van,Diesel,2.5,70397.0,4.0,Automatic,FWD,White
10036,Nissan,Serena,2005.0,Van,Petrol,2.0,68973.0,4.0,Automatic,FWD,Gray
24148,Toyota,Camry,2012.0,Sedan,Petrol,2.5,99917.0,6.0,Automatic,FWD,Black
6899,Toyota,Corolla,2020.0,Sedan,Hybrid,1.8,4640.0,4.0,Automatic,FWD,Blue
10349,Nissan,Serena,2011.0,Van,Petrol,2.0,65244.0,4.0,Automatic,FWD,Silver
21953,Hyundai,Elantra,2013.0,Hatchback,Petrol,1.8,73571.0,4.0,Automatic,FWD,White
45160,Hyundai,Santa Fe,2014.0,SUV,Diesel,2.0,42875.0,4.0,Automatic,AWD,Silver
10663,Toyota,Prius,2012.0,Hatchback,Hybrid,1.8,54060.0,4.0,Automatic,FWD,Blue
5018,Toyota,Camry,2013.0,Sedan,Hybrid,2.5,118402.0,4.0,Automatic,FWD,Black
9095,Lexus,IS 250,2015.0,Sedan,Petrol,2.5,62933.0,6.0,Automatic,RWD,White
21950,Audi,other,2018.0,Sedan,Petrol,2.0,11361.0,4.0,Automatic,AWD,Black
10036,Toyota,Prius,2005.0,Sedan,Hybrid,1.5,13202.0,4.0,Automatic,FWD,Gold
5018,Toyota,Camry,2013.0,Sedan,Hybrid,2.5,118402.0,4.0,Automatic,FWD,Black
7213,Mercedes-Benz,C-Class,2016.0,Sedan,Petrol,2.0,47360.0,4.0,Automatic,AWD,Black
78829,Honda,Civic,2018.0,Hatchback,Petrol,1.5,1243.0,4.0,Automatic,FWD,Black
13015,Toyota,Camry,2012.0,Sedan,Hybrid,2.5,73870.0,4.0,Automatic,FWD,Red
2352,Honda,Civic,2012.0,SUV,Hybrid,1.5,90971.0,4.0,Automatic,FWD,White
22894,Toyota,Prius,2013.0,Sedan,Hybrid,1.8,90099.0,4.0,Automatic,FWD,White
7527,Nissan,Tiida,2005.0,Hatchback,Petrol,1.5,93206.0,4.0,Automatic,FWD,Beige
16621,Ford,Focus,2015.0,Sedan,Petrol,2.0,49089.0,4.0,Automatic,FWD,Gold
21326,Toyota,Prius C,2012.0,Hatchback,Petrol,1.5,100663.0,4.0,Automatic,FWD,Silver
37066,Hyundai,H1,2016.0,Van,Diesel,2.5,57045.0,4.0,Automatic,FWD,Silver
36567,Hyundai,H1,2016.0,Van,Diesel,2.5,64693.0,4.0,Automatic,FWD,White
5018,Toyota,Camry,2013.0,Sedan,Hybrid,2.5,118402.0,4.0,Automatic,FWD,Black
21953,Toyota,Camry,2012.0,Sedan,Petrol,2.5,68351.0,4.0,Automatic,FWD,Red
27911,Toyota,Camry,2012.0,Sedan,Hybrid,2.5,75808.0,6.0,Automatic,FWD,Gray
8154,Toyota,Camry,2014.0,Sedan,Petrol,2.5,33126.0,4.0,Automatic,FWD,Black
15524,Toyota,Camry,2010.0,Sedan,Hybrid,2.5,114333.0,6.0,Automatic,FWD,Gray
25089,Nissan,Altima,2015.0,Sedan,Petrol,2.5,67109.0,4.0,Automatic,FWD,Silver
17092,Toyota,Prius,2010.0,Hatchback,Hybrid,1.8,101905.0,4.0,Automatic,FWD,Gold
13877,Toyota,Camry,2013.0,Sedan,Petrol,2.5,109362.0,4.0,Automatic,FWD,Gray
11227,Hyundai,Elantra,2013.0,Hatchback,Petrol,1.8,46603.0,4.0,Automatic,FWD,White
8467,Nissan,Tiida,2005.0,Hatchback,Petrol,1.5,691.0,4.0,Automatic,FWD,Green
13485,Toyota,Prius,2008.0,Hatchback,Hybrid,1.5,57167.0,4.0,Automatic,FWD,Gray
16400,Toyota,Prius,2011.0,Hatchback,Hybrid,1.8,77051.0,4.0,Automatic,FWD,Gray
36068,Hyundai,H1,2014.0,Van,Diesel,2.5,53397.0,4.0,Automatic,FWD,Silver
5018,Toyota,Camry,2013.0,Sedan,Hybrid,2.5,118402.0,4.0,Automatic,FWD,Black
44047,Honda,Civic,2015.0,Sedan,Petrol,1.8,38611.0,4.0,Automatic,FWD,Silver
20382,Hyundai,Sonata,2015.0,Sedan,Petrol,2.0,22508.0,4.0,Automatic,FWD,Silver
42717,Hyundai,Santa Fe,2016.0,SUV,Diesel,2.0,76062.0,4.0,Automatic,FWD,Blue
5645,Kia,Sorento,2007.0,SUV,Diesel,2.5,45281.0,4.0,Automatic,FWD,Black
15423,Hyundai,Tucson,2010.0,SUV,Diesel,2.0,85871.0,4.0,Automatic,FWD,Silver
26927,Hyundai,Tucson,2012.0,SUV,Diesel,2.0,55086.0,4.0,Automatic,FWD,White
13172,Volkswagen,Golf,2010.0,Hatchback,Petrol,2.5,65244.0,5.0,Automatic,FWD,Red
6272,Chevrolet,Cruze,2012.0,Sedan,Petrol,1.8,80172.0,4.0,Automatic,FWD,White
47042,Toyota,RAV4,2019.0,SUV,Petrol,2.5,1594.0,4.0,Automatic,AWD,White
14583,Toyota,Camry,2017.0,Sedan,Petrol,2.5,46000.0,4.0,Automatic,FWD,Blue
13642,Chevrolet,Orlando,2015.0,SUV,Petrol,2.0,19817.0,4.0,Automatic,FWD,Black
24415,Hyundai,Tucson,2011.0,SUV,Diesel,2.0,108310.0,4.0,Automatic,FWD,Gray
40769,Toyota,RAV4,2014.0,SUV,Petrol,2.5,12925.0,4.0,Automatic,AWD,White
10663,Subaru,Forester,2015.0,SUV,Petrol,2.5,50368.0,4.0,Automatic,AWD,Silver
5018,Toyota,Camry,2013.0,Sedan,Hybrid,2.5,77165.0,4.0,Automatic,FWD,Silver
6115,Chevrolet,Captiva,2007.0,SUV,Diesel,2.0,46960.0,4.0,Automatic,FWD,Silver
5488,BMW,3 Series,2015.0,Sedan,Petrol,2.0,54282.0,4.0,Automatic,RWD,White
9879,other,other,2018.0,Sedan,Petrol,1.5,31721.0,4.0,Automatic,FWD,Blue
14426,Toyota,Prius,2010.0,Sedan,Hybrid,1.8,105634.0,4.0,Automatic,FWD,Blue
35902,Hyundai,H1,2014.0,Van,Diesel,2.5,73271.0,4.0,Automatic,FWD,Silver
15850,Hyundai,Sonata,2010.0,Sedan,Petrol,2.0,96669.0,4.0,Automatic,FWD,Silver
706,Toyota,Camry,2014.0,Sedan,Hybrid,2.5,71652.0,4.0,Automatic,FWD,Gray
2500,Volkswagen,Golf,1989.0,Hatchback,Petrol,1.8,76713.0,4.0,Manual,FWD,Blue
25763,Chevrolet,Captiva,2014.0,SUV,Diesel,2.0,60915.0,4.0,Automatic,FWD,Gray
8781,Ford,Fusion,2016.0,Sedan,Hybrid,2.0,121152.0,4.0,Automatic,FWD,Black
22580,Toyota,Prius,2014.0,Sedan,Hybrid,1.8,49089.0,4.0,Automatic,FWD,Silver
21639,Kia,Optima,2017.0,Sedan,Petrol,2.0,20509.0,4.0,Automatic,FWD,Black
18503,Volkswagen,Passat,2013.0,Sedan,Petrol,2.5,38463.0,5.0,Automatic,FWD,Gray
28909,Hyundai,Santa Fe,2012.0,SUV,Diesel,2.0,74565.0,4.0,Automatic,FWD,White
12388,Toyota,Prius,2010.0,Hatchback,Hybrid,1.8,87614.0,4.0,Automatic,FWD,Black
16935,Ford,Fusion,2015.0,Sedan,Petrol,2.0,44400.0,4.0,Automatic,FWD,Black
2822,Volkswagen,Golf,1996.0,Hatchback,Petrol,2.0,69042.0,4.0,Manual,FWD,Black
20347,Chevrolet,Captiva,2013.0,SUV,Diesel,2.0,105634.0,4.0,Automatic,FWD,Black
10663,Subaru,Forester,2018.0,Sedan,Petrol,2.5,20155.0,4.0,Automatic,AWD,Black
38737,Hyundai,Genesis,2015.0,Coupe,Petrol,2.0,57788.0,4.0,Automatic,FWD,White
24183,Hyundai,Tucson,2014.0,SUV,Diesel,2.0,26534.0,4.0,Automatic,FWD,White
26306,Hyundai,H1,2016.0,Wagon,Diesel,2.5,124024.0,4.0,Automatic,FWD,Silver
15367,Hyundai,Sonata,2013.0,Sedan,Petrol,2.0,19500.0,4.0,Automatic,FWD,White
10976,Mercedes-Benz,C-Class,2001.0,Sedan,Petrol,2.0,12428.0,4.0,Manual,RWD,Blue
1490,Hyundai,Elantra,2015.0,Sedan,Petrol,1.8,111031.0,4.0,Automatic,FWD,Silver
49751,Hyundai,Sonata,2016.0,Sedan,Petrol,2.0,11183.0,4.0,Automatic,FWD,White
18660,Kia,Optima,2015.0,Sedan,Petrol,2.0,21118.0,4.0,Automatic,FWD,White
1646,Toyota,Camry,2014.0,Sedan,Petrol,2.5,57720.0,4.0,Automatic,FWD,White
6272,Chevrolet,Cruze,2010.0,Sedan,Petrol,2.0,41869.0,4.0,Automatic,FWD,Silver
20698,Honda,CR-V,2018.0,Sedan,Petrol,1.5,34959.0,4.0,Automatic,AWD,Blue
12544,Hyundai,H1,2010.0,Van,Diesel,2.5,40565.0,4.0,Automatic,FWD,Silver
3450,Hyundai,Elantra,2015.0,Sedan,Petrol,2.0,78225.0,4.0,Automatic,FWD,Brown
22580,Toyota,Camry,2014.0,Sedan,Petrol,2.5,59031.0,4.0,Automatic,FWD,Black
53000,Toyota,Camry,2018.0,Sedan,Petrol,2.5,4350.0,4.0,Automatic,FWD,Silver
41547,Hyundai,Santa Fe,2014.0,SUV,Diesel,2.0,82748.0,4.0,Automatic,FWD,White
16549,Hyundai,Genesis,2011.0,Coupe,Petrol,2.0,66490.0,4.0,Automatic,FWD,Gray
18814,Toyota,Prius,2012.0,Sedan,Hybrid,1.8,119925.0,4.0,Automatic,FWD,Gray
32412,Hyundai,Santa Fe,2013.0,SUV,Diesel,2.0,89478.0,4.0,Automatic,FWD,Silver
6800,BMW,5 Series,2000.0,Sedan,Petrol,2.5,97556.0,6.0,Manual,RWD,Blue
23521,Toyota,Camry,2012.0,Sedan,Hybrid,2.5,32312.0,4.0,Automatic,FWD,Silver
27654,Hyundai,Tucson,2010.0,SUV,Diesel,2.0,62487.0,4.0,Automatic,FWD,Silver
8938,Toyota,Prius,2008.0,Sedan,Hybrid,1.5,82653.0,4.0,Automatic,FWD,Beige
13485,Toyota,Prius,2007.0,Sedan,Hybrid,1.5,82021.0,4.0,Automatic,FWD,Gray
25889,Hyundai,Tucson,2010.0,SUV,Diesel,2.0,78980.0,4.0,Automatic,FWD,Silver
18519,Chevrolet,Cruze,2013.0,Sedan,Petrol,1.8,38260.0,4.0,Automatic,FWD,White
28539,Mazda,CX-5,2014.0,SUV,Petrol,2.0,5531.0,4.0,Automatic,FWD,Blue
16308,Hyundai,Elantra,2014.0,Sedan,Petrol,1.8,68351.0,4.0,Automatic,FWD,Red
10036,Toyota,Prius,2007.0,Sedan,Hybrid,1.5,105634.0,4.0,Automatic,FWD,Red
862,Toyota,Camry,2017.0,Sedan,Hybrid,2.5,108693.0,4.0,Automatic,FWD,Black
24775,Toyota,RAV4,2011.0,SUV,Petrol,2.5,65617.0,4.0,Automatic,AWD,White
40769,Toyota,Camry,2018.0,Sedan,Petrol,2.5,19263.0,6.0,Automatic,RWD,Gray
12544,Ford,Focus,2015.0,Sedan,Petrol,2.0,73944.0,4.0,Manual,FWD,Silver
26017,Chevrolet,Captiva,2013.0,SUV,Diesel,2.0,61583.0,4.0,Automatic,FWD,Gray
57698,Hyundai,Sonata,2015.0,Sedan,Petrol,2.0,19990.0,4.0,Automatic,FWD,Gray
706,Toyota,Camry,2014.0,Sedan,Hybrid,2.5,71652.0,4.0,Automatic,FWD,Gray
28592,Honda,Fit,2014.0,Hatchback,Petrol,1.5,74024.0,4.0,Automatic,FWD,Black
5018,Toyota,Camry,2013.0,Sedan,Hybrid,2.5,118402.0,4.0,Automatic,FWD,Black
32973,Chevrolet,Captiva,2013.0,SUV,Diesel,2.0,38965.0,4.0,Automatic,FWD,White
46101,Toyota,Camry,2019.0,Sedan,Petrol,2.5,16042.0,4.0,Automatic,FWD,Black
44134,Hyundai,Sonata,2016.0,Sedan,Petrol,2.0,38911.0,4.0,Automatic,FWD,Black
13485,Volkswagen,Jetta,2012.0,Sedan,Petrol,2.5,65866.0,5.0,Automatic,FWD,Black
26657,Hyundai,Elantra,2017.0,Sedan,Petrol,2.0,43496.0,4.0,Automatic,FWD,Black
3763,Toyota,Camry,2016.0,SUV,Hybrid,2.5,24694.0,4.0,Automatic,FWD,Black
10976,Volkswagen,Jetta,2005.0,Sedan,Petrol,2.5,115576.0,5.0,Automatic,FWD,Blue
39201,Toyota,RAV4,2015.0,SUV,Petrol,2.5,54681.0,4.0,Automatic,AWD,Purple
20071,Toyota,Prius,2012.0,Hatchback,Hybrid,1.8,106379.0,4.0,Automatic,FWD,Silver
20633,Lexus,IS 250,2015.0,Sedan,Petrol,2.5,55924.0,4.0,Automatic,RWD,Silver
6272,Honda,Fit,2012.0,Hatchback,Hybrid,1.5,87801.0,4.0,Automatic,FWD,Blue
784,Ford,Escape,2012.0,SUV,Hybrid,2.5,59248.0,4.0,Automatic,FWD,Blue
627,Volkswagen,Jetta,2014.0,Sedan,Diesel,2.0,61922.0,4.0,Automatic,FWD,Gray
3450,Toyota,Camry,2019.0,Sedan,Hybrid,2.5,5982.0,4.0,Automatic,FWD,Black
15681,Toyota,Camry,2014.0,Sedan,Petrol,2.5,71458.0,4.0,Automatic,FWD,Gray
32245,Hyundai,Tucson,2014.0,SUV,Diesel,2.0,71089.0,4.0,Automatic,FWD,Black
17876,Hyundai,Elantra,2012.0,Sedan,Petrol,1.8,49710.0,4.0,Automatic,FWD,White
34419,Hyundai,H1,2017.0,Wagon,Diesel,2.5,114450.0,4.0,Automatic,FWD,Silver
25716,Hyundai,Sonata,2016.0,Sedan,Petrol,2.0,35724.0,4.0,Automatic,FWD,Red
5645,Kia,Sorento,2007.0,SUV,Diesel,2.5,48127.0,4.0,Automatic,FWD,Silver
34108,Hyundai,H1,2014.0,Van,Diesel,2.5,60280.0,4.0,Automatic,FWD,Gray
3450,Ford,Transit,1986.0,Van,Diesel,2.5,62137.0,4.0,Manual,RWD,Blue
2822,Mitsubishi,Pajero,1999.0,SUV,Petrol,1.8,622.0,4.0,Automatic,AWD,Blue
21953,Toyota,Prius,2014.0,Sedan,Hybrid,1.8,68973.0,4.0,Automatic,FWD,Red
20228,Hyundai,Elantra,2016.0,Sedan,Petrol,2.0,15583.0,4.0,Automatic,FWD,Red
2195,Toyota,Camry,2016.0,Sedan,Petrol,2.5,71079.0,4.0,Automatic,FWD,Blue
69502,Hyundai,Sonata,2018.0,Sedan,Petrol,2.0,17865.0,4.0,Automatic,FWD,Gray
15994,Hyundai,Elantra,2013.0,Sedan,Petrol,1.8,27962.0,4.0,Automatic,FWD,Silver
13796,Hyundai,Genesis,2010.0,Coupe,Petrol,2.0,105634.0,4.0,Automatic,FWD,Black
53154,Hyundai,Santa Fe,2016.0,SUV,Diesel,2.0,63575.0,4.0,Automatic,FWD,White
40183,Hyundai,H1,2016.0,Wagon,Diesel,2.5,57168.0,4.0,Automatic,FWD,Black
4391,Toyota,Prius,2014.0,Hatchback,Hybrid,1.8,94401.0,4.0,Automatic,FWD,White
40000,Toyota,RAV4,2016.0,SUV,Petrol,2.5,43745.0,4.0,Automatic,AWD,Black
10349,Hyundai,Genesis,2010.0,Coupe,Petrol,2.0,77750.0,4.0,Automatic,FWD,Black
12544,Toyota,Prius,2008.0,Sedan,Petrol,1.5,124275.0,4.0,Automatic,FWD,Silver
10100,Toyota,Aqua,2014.0,Hatchback,Hybrid,1.5,31069.0,4.0,Automatic,FWD,White
12544,Hyundai,Elantra,2011.0,Sedan,Petrol,1.8,101408.0,4.0,Automatic,FWD,Red
4500,Ford,Transit,1996.0,Van,Diesel,2.5,6836.0,4.0,Manual,RWD,Blue
59827,Honda,Civic,2019.0,Sedan,Petrol,2.0,5043.0,4.0,Automatic,FWD,Gray
13799,Toyota,Prius,2010.0,Hatchback,Hybrid,1.8,113624.0,4.0,Automatic,FWD,Red
21012,Audi,A4,2013.0,Sedan,Petrol,2.0,97919.0,4.0,Automatic,AWD,Black
22580,Mercedes-Benz,E-Class,2017.0,Sedan,Petrol,2.0,31647.0,4.0,Automatic,RWD,Black
12231,Toyota,Aqua,2015.0,Wagon,Hybrid,1.5,622.0,4.0,Automatic,FWD,Silver
11627,Lexus,CT 200h,2012.0,Hatchback,Hybrid,1.8,88480.0,4.0,Automatic,FWD,White
23414,Hyundai,Tucson,2010.0,SUV,Diesel,2.0,73402.0,4.0,Automatic,FWD,Gray
31988,Toyota,Camry,2012.0,Sedan,Hybrid,2.5,52817.0,4.0,Automatic,FWD,Black
23772,Hyundai,H1,2012.0,Van,Diesel,2.5,33924.0,4.0,Automatic,FWD,Gray
15053,Toyota,Camry,2012.0,Sedan,Hybrid,2.5,88692.0,4.0,Automatic,FWD,Black
706,Toyota,Camry,2014.0,Sedan,Hybrid,2.5,71652.0,4.0,Automatic,FWD,Gray
12701,Kia,Optima,2013.0,Sedan,Petrol,2.0,34162.0,4.0,Automatic,FWD,White
24123,Hyundai,Tucson,2010.0,SUV,Diesel,2.0,84333.0,4.0,Automatic,FWD,Black
4000,Volkswagen,Golf,1997.0,Sedan,Petrol,1.8,69042.0,4.0,Manual,FWD,Blue
14113,Toyota,Prius,2011.0,Hatchback,Petrol,1.8,108672.0,4.0,Automatic,FWD,Gray
31819,Toyota,Aqua,2015.0,Wagon,Hybrid,1.5,27510.0,4.0,Automatic,FWD,Green
21169,Toyota,Prius,2012.0,Sedan,Hybrid,1.8,59031.0,4.0,Automatic,FWD,Silver
16621,Kia,Optima,2012.0,Sedan,Petrol,2.0,54754.0,4.0,Automatic,FWD,White
22947,Hyundai,Tucson,2011.0,SUV,Diesel,2.0,101289.0,4.0,Automatic,FWD,Gray
16935,Ford,Fusion,2015.0,Sedan,Petrol,2.0,44400.0,4.0,Automatic,FWD,Black
43216,Hyundai,Santa Fe,2016.0,SUV,Diesel,2.0,95070.0,4.0,Automatic,FWD,Black
7370,Kia,Optima,2011.0,Sedan,Petrol,2.0,46611.0,4.0,Automatic,FWD,White
19800,Toyota,Prius,2012.0,Hatchback,Hybrid,1.8,105634.0,4.0,Automatic,FWD,Silver
22580,Mercedes-Benz,E-Class,2017.0,Sedan,Petrol,2.0,31647.0,4.0,Automatic,RWD,Black
37633,Toyota,Camry,2016.0,Sedan,Petrol,2.5,10688.0,4.0,Automatic,FWD,Blue
41547,Hyundai,Santa Fe,2015.0,SUV,Diesel,2.0,42574.0,4.0,Automatic,FWD,Gray
20228,Kia,Optima,2016.0,Sedan,Petrol,2.0,16425.0,4.0,Automatic,FWD,Black
5488,Toyota,C-HR,2019.0,SUV,Petrol,2.0,48731.0,4.0,Automatic,FWD,Red
13485,Chevrolet,Cruze,2014.0,Sedan,Petrol,1.8,39837.0,4.0,Automatic,FWD,Black
18189,Ford,Focus,2015.0,Sedan,Petrol,2.0,36874.0,4.0,Automatic,FWD,White
19914,Hyundai,H1,2008.0,Van,Diesel,2.5,26373.0,4.0,Automatic,FWD,Silver
30085,Hyundai,H1,2014.0,Van,Diesel,2.5,122196.0,4.0,Automatic,FWD,White
706,Hyundai,Elantra,2016.0,Sedan,Petrol,1.8,57776.0,4.0,Automatic,FWD,White
15991,Hyundai,Genesis,2011.0,Coupe,Petrol,2.0,69835.0,4.0,Automatic,FWD,Gray
40688,Hyundai,H1,2016.0,Wagon,Diesel,2.5,84014.0,4.0,Automatic,FWD,White
21953,Subaru,Forester,2016.0,SUV,Petrol,2.5,39147.0,4.0,Automatic,AWD,Green
28225,Subaru,Forester,2015.0,SUV,Petrol,2.5,22991.0,4.0,Automatic,AWD,Brown
22894,Ford,Escape,2009.0,SUV,Hybrid,2.5,105012.0,4.0,Automatic,RWD,White
12334,Toyota,Aqua,2014.0,Hatchback,Petrol,1.5,75388.0,4.0,Automatic,FWD,White
23521,Toyota,Camry,2017.0,Sedan,Petrol,2.5,95070.0,4.0,Automatic,FWD,Black
14426,Honda,Fit,2011.0,Hatchback,Petrol,1.5,69594.0,4.0,Automatic,FWD,Black
42337,Hyundai,Santa Fe,2017.0,SUV,Diesel,2.0,18550.0,4.0,Automatic,FWD,White
12544,Dodge,Caliber,2010.0,Wagon,Petrol,2.0,83886.0,4.0,Automatic,FWD,Silver
15053,Hyundai,Sonata,2012.0,Sedan,Petrol,2.0,41643.0,4.0,Automatic,FWD,Silver
10036,Hyundai,H1,2010.0,Van,Diesel,2.5,37604.0,4.0,Automatic,FWD,Gold
20385,Toyota,Camry,2009.0,Sedan,Petrol,2.5,94449.0,4.0,Automatic,FWD,Black
18033,Kia,Optima,2015.0,Sedan,Petrol,2.0,24282.0,4.0,Automatic,FWD,Black
9722,Toyota,Ist,2002.0,Hatchback,Petrol,1.5,622.0,4.0,Automatic,FWD,Brown
20385,Honda,Civic,2013.0,Sedan,Petrol,1.8,74565.0,4.0,Automatic,FWD,White
20610,Lexus,IS 250,2010.0,Sedan,Petrol,2.5,92720.0,4.0,Automatic,FWD,Silver
15053,Ford,Focus,2014.0,Sedan,Petrol,2.0,20506.0,4.0,Automatic,FWD,Red
25089,Toyota,Camry,2014.0,Sedan,Petrol,2.5,103397.0,4.0,Automatic,FWD,Silver
2587,Hyundai,Santa Fe,2014.0,SUV,Petrol,2.0,108532.0,4.0,Automatic,FWD,White
15053,Volkswagen,Jetta,2015.0,Sedan,Petrol,2.0,37289.0,4.0,Automatic,FWD,White
63152,Honda,Civic,2017.0,Sedan,Petrol,1.5,4459.0,4.0,Automatic,FWD,Blue
18817,Volkswagen,Passat,2013.0,Sedan,Petrol,2.5,111847.0,5.0,Automatic,FWD,Gray
54186,Hyundai,Santa Fe,2016.0,SUV,Diesel,2.0,59112.0,4.0,Automatic,FWD,Black
21012,Toyota,Prius,2014.0,Hatchback,Hybrid,1.8,69594.0,4.0,Automatic,FWD,White
15060,Hyundai,Sonata,2015.0,Sedan,Petrol,2.0,99865.0,4.0,Automatic,FWD,Silver
17876,Kia,Optima,2014.0,Sedan,Petrol,2.0,28574.0,4.0,Automatic,FWD,White
18817,Toyota,Aqua,2014.0,Sedan,Hybrid,1.5,39768.0,4.0,Automatic,FWD,Orange
7527,Hyundai,Sonata,2010.0,Sedan,Petrol,2.0,55415.0,4.0,Automatic,FWD,Silver
862,Toyota,Camry,2014.0,Sedan,Hybrid,2.5,81076.0,4.0,Automatic,FWD,White
16443,Hyundai,Sonata,2013.0,Sedan,Petrol,2.0,100663.0,4.0,Automatic,FWD,Gray
54807,Hyundai,Santa Fe,2016.0,SUV,Diesel,2.0,36661.0,4.0,Automatic,FWD,Gray
16308,Hyundai,Elantra,2014.0,Sedan,Petrol,1.8,68351.0,4.0,Automatic,FWD,Gray
15681,Hyundai,Elantra,2013.0,Sedan,Petrol,1.8,63800.0,4.0,Automatic,FWD,Black
8781,Ford,Fusion,2016.0,Sedan,Hybrid,2.0,121152.0,4.0,Automatic,FWD,Black
30906,Honda,Fit,2014.0,Hatchback,Petrol,1.5,32809.0,4.0,Automatic,FWD,Orange
38060,Hyundai,Tucson,2016.0,SUV,Diesel,2.0,44631.0,4.0,Automatic,FWD,White
33494,Toyota,Aqua,2015.0,Hatchback,Petrol,1.5,18020.0,4.0,Automatic,FWD,Silver
10976,Nissan,X-Trail,2003.0,SUV,Petrol,2.0,88235.0,4.0,Manual,AWD,Blue
10976,Toyota,Prius,2008.0,Hatchback,Hybrid,1.5,91342.0,4.0,Automatic,FWD,Green
10976,Dodge,Caliber,2010.0,Hatchback,Petrol,2.0,76429.0,4.0,Automatic,FWD,Silver
67404,Hyundai,Sonata,2015.0,Sedan,Petrol,2.0,27110.0,4.0,Automatic,FWD,White
10349,Toyota,4Runner,2018.0,SUV,Petrol,2.0,48827.0,4.0,Automatic,FWD,Purple
33870,Mitsubishi,Outlander Sport,2018.0,SUV,Petrol,2.0,2685.0,4.0,Automatic,AWD,Gray
6272,Chevrolet,Captiva,2007.0,SUV,Diesel,2.0,49071.0,4.0,Automatic,FWD,Silver
21181,Chevrolet,Orlando,2013.0,SUV,Diesel,2.0,89412.0,4.0,Automatic,FWD,Gray
10349,Nissan,X-Trail,2004.0,SUV,Petrol,2.0,96934.0,4.0,Automatic,AWD,Black
23521,Subaru,Forester,2013.0,SUV,Petrol,2.5,49710.0,6.0,Automatic,AWD,Silver
706,Toyota,Prius,2010.0,Hatchback,Hybrid,1.8,45610.0,4.0,Automatic,FWD,White
30085,Hyundai,H1,2014.0,Van,Diesel,2.5,122196.0,4.0,Automatic,FWD,White
15681,Hyundai,Elantra,2012.0,Sedan,Petrol,1.8,79055.0,4.0,Automatic,FWD,Blue
15053,Hyundai,Elantra,2016.0,Sedan,Petrol,1.8,49710.0,4.0,Automatic,FWD,Gray
13172,Toyota,Prius,2007.0,Sedan,Hybrid,1.5,124275.0,4.0,Automatic,FWD,White
68223,Hyundai,H1,2018.0,Wagon,Diesel,2.5,17030.0,4.0,Automatic,FWD,Gold
53154,Hyundai,Santa Fe,2016.0,SUV,Diesel,2.0,74093.0,4.0,Automatic,FWD,Blue
18189,Kia,Optima,2014.0,Sedan,Petrol,2.0,25353.0,4.0,Automatic,FWD,Black
38182,Honda,Fit,2015.0,Hatchback,Petrol,1.5,37618.0,4.0,Automatic,FWD,Black
18189,Toyota,Camry,2014.0,Sedan,Petrol,2.5,7457.0,4.0,Automatic,FWD,White
32973,Chevrolet,Orlando,2013.0,SUV,Diesel,2.0,23057.0,4.0,Automatic,FWD,Gray
34692,Hyundai,H1,2017.0,Wagon,Diesel,2.5,116818.0,4.0,Automatic,FWD,Silver
10400,Toyota,Aqua,2013.0,Hatchback,Hybrid,1.5,83886.0,4.0,Automatic,FWD,Gray
4704,Toyota,Avalon,2016.0,Sedan,Hybrid,2.5,19503.0,4.0,Automatic,FWD,Silver
23521,Toyota,RAV4,2012.0,SUV,Petrol,2.5,60895.0,4.0,Automatic,FWD,Black
13799,Hyundai,Elantra,2013.0,Sedan,Petrol,1.8,80779.0,6.0,Automatic,FWD,White
71647,Hyundai,Santa Fe,2019.0,SUV,Diesel,2.0,29688.0,4.0,Automatic,FWD,Gray
12858,Hyundai,Sonata,2013.0,Sedan,Petrol,2.0,32727.0,4.0,Automatic,FWD,Black
34406,Hyundai,H1,2014.0,Van,Diesel,2.5,71717.0,4.0,Automatic,FWD,Silver
9400,Toyota,Prius,2007.0,Hatchback,Hybrid,1.5,124275.0,4.0,Automatic,FWD,Silver
35269,Hyundai,Tucson,2017.0,SUV,Diesel,2.0,93556.0,4.0,Automatic,FWD,Black
18669,Hyundai,H1,2011.0,Van,Diesel,2.5,40740.0,4.0,Automatic,FWD,Silver
19306,Toyota,Aqua,2014.0,Hatchback,Petrol,1.5,44118.0,4.0,Automatic,FWD,Black
17876,Lexus,ES 300,2014.0,Sedan,Hybrid,2.5,70217.0,4.0,Automatic,FWD,Black
27284,Toyota,Camry,2014.0,Sedan,Petrol,2.5,70588.0,4.0,Automatic,FWD,Silver
41547,Hyundai,Santa Fe,2014.0,SUV,Diesel,2.0,82748.0,4.0,Automatic,FWD,White
34657,Hyundai,H1,2014.0,Van,Diesel,2.5,96109.0,4.0,Automatic,FWD,Silver
40954,Toyota,Aqua,2017.0,Wagon,Hybrid,1.5,4095.0,4.0,Automatic,FWD,Green
16308,Toyota,Prius,2010.0,Hatchback,Hybrid,1.8,114954.0,4.0,Automatic,FWD,Silver
22894,Hyundai,Elantra,2014.0,Sedan,Petrol,1.8,69594.0,4.0,Automatic,FWD,Gray
20071,Toyota,Prius,2012.0,Hatchback,Hybrid,1.8,93206.0,4.0,Automatic,FWD,Silver
54822,Honda,Civic,2017.0,Sedan,Petrol,2.0,17958.0,4.0,Automatic,FWD,Black
13360,Hyundai,Santa Fe,2011.0,SUV,Diesel,2.0,32856.0,4.0,Automatic,FWD,Silver
28423,Hyundai,H1,2014.0,Van,Diesel,2.5,118061.0,4.0,Automatic,FWD,White
18817,Toyota,Prius,2011.0,Hatchback,Petrol,1.8,86557.0,4.0,Automatic,FWD,White
31653,Hyundai,Tucson,2016.0,SUV,Diesel,2.0,25896.0,4.0,Automatic,FWD,Gray
20165,Hyundai,Sonata,2015.0,Sedan,Petrol,2.0,8928.0,4.0,Automatic,FWD,Black
27924,Chevrolet,Orlando,2016.0,SUV,Petrol,2.0,70873.0,4.0,Automatic,FWD,White
21639,Kia,Optima,2017.0,Sedan,Petrol,2.0,20509.0,4.0,Automatic,FWD,Black
15681,Toyota,Prius V,2012.0,Hatchback,Hybrid,1.8,80283.0,4.0,Automatic,FWD,Blue
20385,Toyota,Prius C,2012.0,Hatchback,Hybrid,1.5,110058.0,4.0,Automatic,FWD,Red
17249,Toyota,Prius C,2014.0,Hatchback,Hybrid,1.5,74565.0,6.0,Automatic,FWD,White
36065,Toyota,Camry,2016.0,Sedan,Hybrid,2.5,27962.0,5.0,Automatic,FWD,Blue
706,Subaru,XV,2015.0,Sedan,Petrol,2.0,69150.0,4.0,Automatic,AWD,Black
26491,Toyota,Aqua,2015.0,Hatchback,Petrol,1.5,42236.0,4.0,Automatic,FWD,White
10663,Toyota,Aqua,2012.0,Hatchback,Hybrid,1.5,79536.0,4.0,Automatic,FWD,Black
10569,Honda,Fit,2014.0,Hatchback,Hybrid,1.5,60592.0,4.0,Automatic,FWD,Blue
38894,Hyundai,Tucson,2016.0,SUV,Diesel,2.0,72631.0,4.0,Automatic,FWD,Black
7840,Chevrolet,Captiva,2009.0,SUV,Diesel,2.0,47572.0,4.0,Automatic,FWD,Black
13015,Ford,Fusion,2013.0,Sedan,Petrol,2.0,57029.0,4.0,Automatic,FWD,Silver
41161,Hyundai,Sonata,2016.0,Sedan,Petrol,2.0,48133.0,4.0,Automatic,FWD,Black
8467,Toyota,Aqua,2015.0,Hatchback,Hybrid,1.5,86068.0,4.0,Automatic,FWD,White
23207,Hyundai,Tucson,2012.0,SUV,Diesel,2.0,76182.0,4.0,Automatic,FWD,Gray
6272,Chevrolet,Cruze,2010.0,Sedan,Petrol,1.8,46483.0,4.0,Automatic,FWD,Black
11133,Mercedes-Benz,GLA,2015.0,SUV,Petrol,2.0,61853.0,4.0,Automatic,AWD,White
18817,Ford,Fusion,2014.0,Sedan,Petrol,2.0,94353.0,4.0,Automatic,FWD,Gray
14062,Hyundai,Genesis,2009.0,Coupe,Petrol,2.0,73957.0,4.0,Automatic,FWD,Gray
13172,Hyundai,Elantra,2011.0,Sedan,Petrol,1.8,93206.0,4.0,Automatic,FWD,Blue
47694,Hyundai,Sonata,2015.0,Sedan,Petrol,2.0,31762.0,4.0,Automatic,FWD,Gray
15210,Toyota,Prius,2012.0,Hatchback,Hybrid,1.8,44918.0,4.0,Automatic,FWD,Red
43592,Chevrolet,Volt,2016.0,Hatchback,Hybrid,1.5,52196.0,4.0,Automatic,FWD,Silver
6586,Toyota,Prius,2009.0,Hatchback,Hybrid,1.5,107630.0,4.0,Automatic,FWD,White
13297,Hyundai,Sonata,2011.0,Sedan,Petrol,2.0,92585.0,4.0,Automatic,FWD,Silver
12544,Hyundai,Elantra,2011.0,Sedan,Petrol,1.8,94449.0,4.0,Automatic,FWD,Silver
21953,Toyota,Camry,2012.0,Sedan,Petrol,2.5,63435.0,4.0,Automatic,FWD,Gray
941,Hyundai,Elantra,2014.0,Sedan,Petrol,2.0,76159.0,4.0,Automatic,FWD,Silver
42218,Hyundai,H1,2016.0,Van,Diesel,2.5,30323.0,4.0,Automatic,FWD,Silver
7213,Subaru,other,2019.0,Sedan,Petrol,2.0,3967.0,4.0,Automatic,AWD,Blue
17876,Toyota,C-HR,2019.0,SUV,Petrol,2.0,18356.0,4.0,Automatic,FWD,Blue
28830,Hyundai,Tucson,2011.0,SUV,Diesel,2.0,89581.0,4.0,Automatic,FWD,Black
32929,Toyota,Camry,2016.0,Sedan,Hybrid,2.5,86992.0,4.0,Automatic,FWD,Blue
10349,Toyota,Aqua,2013.0,Hatchback,Hybrid,1.5,80157.0,4.0,Automatic,FWD,White
30420,Toyota,Corolla,2017.0,Sedan,Petrol,1.8,7994.0,4.0,Automatic,FWD,Beige
549,Toyota,C-HR,2019.0,SUV,Petrol,2.0,15124.0,4.0,Automatic,FWD,Blue
41055,Hyundai,Santa Fe,2016.0,SUV,Diesel,2.0,76540.0,4.0,Automatic,FWD,Blue
11604,Toyota,Prius,2008.0,Hatchback,Hybrid,1.5,123032.0,4.0,Automatic,FWD,Black
2666,Ford,Fusion,2015.0,Sedan,Hybrid,2.0,62602.0,4.0,Automatic,FWD,Green
15994,Mercedes-Benz,E-Class,2005.0,Sedan,Petrol,1.8,116398.0,4.0,Automatic,RWD,Silver
23521,Toyota,RAV4,2010.0,SUV,Petrol,2.5,68062.0,4.0,Automatic,AWD,White
5018,Toyota,Camry,2013.0,Sedan,Hybrid,2.5,118402.0,4.0,Automatic,FWD,Black
14269,Kia,Optima,2011.0,Sedan,Petrol,2.0,25653.0,4.0,Automatic,FWD,Black
23521,Toyota,Prius,2013.0,Hatchback,Hybrid,1.8,100414.0,4.0,Automatic,FWD,Red
44843,Hyundai,H1,2016.0,Wagon,Diesel,2.5,83070.0,4.0,Automatic,FWD,Gray
43815,Hyundai,Santa Fe,2013.0,SUV,Diesel,2.0,96934.0,4.0,Automatic,FWD,Brown
25396,Toyota,Aqua,2015.0,Hatchback,Petrol,1.5,32908.0,4.0,Automatic,FWD,Gold
24123,Hyundai,Tucson,2010.0,SUV,Diesel,2.0,102264.0,4.0,Automatic,FWD,Gray
17562,Toyota,Prius,2010.0,Hatchback,Petrol,1.8,69042.0,4.0,Automatic,FWD,Black
6586,Nissan,Tiida,2010.0,Hatchback,Petrol,1.5,24234.0,4.0,Automatic,FWD,Beige
17876,Toyota,Corolla,2014.0,Sedan,Petrol,1.8,41159.0,4.0,Automatic,FWD,White
15681,Toyota,C-HR,2019.0,SUV,Petrol,2.0,11775.0,4.0,Automatic,FWD,Black
4704,Honda,Civic,2000.0,Hatchback,Petrol,1.5,114954.0,4.0,Automatic,FWD,Purple
22580,Ford,Escape,2010.0,SUV,Hybrid,2.5,93206.0,4.0,Automatic,AWD,White
18817,Toyota,Camry,2018.0,Sedan,Hybrid,2.5,21785.0,4.0,Automatic,FWD,White
17559,Hyundai,Elantra,2017.0,Sedan,Petrol,2.0,41011.0,4.0,Automatic,FWD,Silver
10976,Toyota,RAV4,2002.0,SUV,Petrol,2.0,124275.0,4.0,Automatic,AWD,White
5645,Volkswagen,other,1994.0,Hatchback,Petrol,2.0,78293.0,4.0,Manual,FWD,Gray
3136,Ford,Fusion,2017.0,Sedan,Petrol,1.5,48075.0,4.0,Automatic,FWD,Gold
13350,Toyota,Aqua,2013.0,Sedan,Hybrid,1.5,622.0,4.0,Automatic,FWD,White
11290,Toyota,Prius,2006.0,Sedan,Hybrid,1.5,104391.0,4.0,Automatic,FWD,Black
12522,Hyundai,H1,2010.0,Van,Diesel,2.5,83879.0,4.0,Automatic,FWD,Gold
13172,Toyota,Prius,2008.0,Hatchback,Hybrid,1.5,96934.0,4.0,Automatic,FWD,White
5488,Chevrolet,Captiva,2007.0,SUV,Diesel,2.0,42513.0,4.0,Automatic,FWD,Silver
55343,Hyundai,Sonata,2016.0,Sedan,Petrol,2.0,26030.0,4.0,Automatic,FWD,Gray
16621,Toyota,Camry,2012.0,Sedan,Hybrid,2.5,109983.0,4.0,Automatic,FWD,Black
21012,Toyota,Prius,2013.0,Hatchback,Hybrid,1.8,34176.0,4.0,Automatic,FWD,Gray
3607,Toyota,Camry,2012.0,Sedan,Hybrid,2.5,97256.0,4.0,Automatic,FWD,White
9408,Nissan,X-Trail,2002.0,SUV,Petrol,2.0,121789.0,4.0,Automatic,AWD,White
19444,Hyundai,Elantra,2016.0,Sedan,Petrol,2.0,27523.0,8.0,Automatic,FWD,Silver
10036,Toyota,Prius,2010.0,Hatchback,Hybrid,1.8,73944.0,4.0,Automatic,FWD,Red
24239,Toyota,Aqua,2013.0,Hatchback,Petrol,1.5,39147.0,4.0,Automatic,FWD,Blue
17876,Kia,Optima,2015.0,Sedan,Petrol,2.0,22271.0,4.0,Automatic,FWD,Black
16621,Kia,Sportage,2011.0,SUV,Diesel,2.0,61293.0,4.0,Automatic,FWD,Silver
16088,Hyundai,Genesis,2010.0,Coupe,Petrol,2.0,62138.0,4.0,Automatic,FWD,Gray
18817,Toyota,Camry,2013.0,Sedan,Petrol,2.5,109362.0,6.0,Automatic,FWD,Black
21326,Toyota,Prius,2014.0,Sedan,Hybrid,1.8,45982.0,4.0,Automatic,FWD,Gray
6272,Honda,CR-V,1998.0,SUV,Petrol,2.0,69042.0,4.0,Automatic,AWD,Green
706,Toyota,Prius,2013.0,Hatchback,Hybrid,1.8,65448.0,4.0,Automatic,FWD,White
16621,Subaru,Forester,2011.0,SUV,Petrol,2.5,90099.0,4.0,Automatic,AWD,Red
34497,Mazda,CX-5,2014.0,SUV,Petrol,2.5,58409.0,4.0,Automatic,AWD,Black
7840,Honda,Civic,2020.0,Sedan,Petrol,1.5,2793.0,4.0,Automatic,FWD,Gray
17249,Honda,Fit,2012.0,Hatchback,Petrol,1.5,77672.0,4.0,Automatic,FWD,Black
13172,Toyota,Prius,2007.0,Sedan,Hybrid,1.5,67109.0,4.0,Automatic,FWD,Red
8781,Nissan,Tiida,2005.0,Sedan,Petrol,1.5,7457.0,4.0,Automatic,FWD,Silver
24302,Chevrolet,Captiva,2013.0,SUV,Diesel,2.0,73386.0,4.0,Automatic,FWD,Gray
1725,Ford,Fusion,2016.0,Sedan,Petrol,2.5,43710.0,4.0,Automatic,FWD,White
9408,Honda,CR-V,1999.0,SUV,Petrol,2.0,1057.0,4.0,Automatic,AWD,White
5018,Hyundai,Sonata,2016.0,Sedan,Hybrid,2.0,44253.0,4.0,Automatic,FWD,Black
6272,Subaru,Forester,1999.0,SUV,Petrol,2.5,16156.0,4.0,Automatic,AWD,Gray
7840,Volkswagen,Golf,1992.0,Hatchback,Petrol,1.8,62138.0,4.0,Manual,FWD,Black
862,Ford,Fusion,2014.0,Sedan,Hybrid,2.0,115605.0,4.0,Automatic,FWD,Black
21012,Toyota,Prius C,2015.0,Hatchback,Hybrid,1.5,70837.0,4.0,Automatic,FWD,White
37476,Hyundai,Santa Fe,2016.0,SUV,Diesel,2.0,114961.0,4.0,Automatic,FWD,White
2195,Hyundai,Elantra,2013.0,Sedan,Petrol,1.8,87988.0,4.0,Automatic,FWD,Blue
21953,Toyota,Camry,2012.0,Sedan,Petrol,2.5,70837.0,4.0,Automatic,FWD,Silver
9408,Volkswagen,Jetta,2014.0,Sedan,Petrol,2.0,114954.0,4.0,Automatic,FWD,Gray
10036,Toyota,Prius,2008.0,Hatchback,Hybrid,1.5,41632.0,4.0,Automatic,FWD,Silver
549,Audi,A4,2014.0,Sedan,Petrol,2.0,100682.0,4.0,Automatic,FWD,Black
10349,Hyundai,Sonata,2010.0,Sedan,Petrol,2.0,55924.0,4.0,Automatic,FWD,Gray
6429,Kia,Optima,2012.0,Sedan,Petrol,2.0,31835.0,4.0,Automatic,FWD,Black
6115,Toyota,Camry,2017.0,Sedan,Petrol,2.5,55342.0,4.0,Automatic,FWD,White
29586,Hyundai,Tucson,2014.0,SUV,Diesel,2.0,95651.0,4.0,Automatic,FWD,Black
6899,Toyota,RAV4,2004.0,SUV,Petrol,1.5,124275.0,4.0,Automatic,AWD,Gold
48108,Hyundai,Santa Fe,2015.0,SUV,Diesel,2.0,73967.0,4.0,Automatic,FWD,Gray
12544,Honda,Insight,2012.0,Sedan,Hybrid,1.5,27962.0,4.0,Automatic,FWD,Black
31248,Hyundai,Tucson,2013.0,SUV,Diesel,2.0,55589.0,4.0,Automatic,FWD,Gray
24176,Toyota,Aqua,2014.0,Hatchback,Petrol,1.5,17399.0,4.0,Automatic,FWD,Blue
21326,Toyota,Camry,2013.0,Sedan,Petrol,2.5,75559.0,4.0,Automatic,FWD,Blue
9095,Nissan,Tiida,2005.0,Hatchback,Petrol,1.5,86992.0,4.0,Automatic,AWD,Black
15500,Toyota,Aqua,2018.0,Hatchback,Hybrid,1.5,4350.0,4.0,Automatic,FWD,White
1019,Mercedes-Benz,CLA,2015.0,Sedan,Petrol,2.0,46565.0,4.0,Automatic,FWD,Gray
18817,Toyota,Prius,2010.0,Hatchback,Hybrid,1.8,96934.0,4.0,Automatic,FWD,Gray
53580,Hyundai,Sonata,2017.0,Sedan,Petrol,2.0,19220.0,4.0,Automatic,FWD,White
14426,Toyota,Aqua,2012.0,Hatchback,Petrol,1.5,86992.0,4.0,Automatic,FWD,Blue
15063,Hyundai,Santa Fe,2010.0,SUV,Diesel,2.0,35854.0,4.0,Automatic,FWD,White
65817,Honda,Civic,2018.0,Coupe,Petrol,1.5,7962.0,4.0,Automatic,FWD,White
29445,Toyota,Aqua,2013.0,Hatchback,Petrol,1.5,69718.0,4.0,Automatic,FWD,White
10036,Toyota,Aqua,2012.0,Hatchback,Hybrid,1.5,99420.0,4.0,Automatic,FWD,Orange
22580,Toyota,Camry,2013.0,Sedan,Petrol,2.5,67109.0,4.0,Automatic,FWD,Silver
784,Toyota,C-HR,2018.0,SUV,Petrol,2.0,16063.0,4.0,Automatic,FWD,Gray
8624,Mercedes-Benz,C-Class,2002.0,Sedan,Petrol,2.0,124275.0,4.0,Manual,RWD,Blue
11447,Lexus,CT 200h,2014.0,Hatchback,Hybrid,1.8,82371.0,4.0,Automatic,FWD,Red
1568,Toyota,Camry,2015.0,Sedan,Petrol,2.5,107560.0,4.0,Automatic,FWD,Silver
3400,Subaru,Forester,2000.0,Van,Petrol,2.0,622.0,4.0,Manual,AWD,Silver
25816,Nissan,Altima,2015.0,Sedan,Petrol,2.5,90099.0,4.0,Automatic,FWD,Black
16465,Toyota,Prius C,2012.0,Hatchback,Hybrid,1.5,80647.0,4.0,Automatic,FWD,Gray
28241,Hyundai,Tucson,2012.0,SUV,Diesel,2.0,100849.0,4.0,Automatic,FWD,Black
13438,Chevrolet,Cruze,2014.0,Sedan,Petrol,1.8,92971.0,4.0,Automatic,FWD,Silver
28328,Hyundai,Tucson,2014.0,SUV,Diesel,2.0,86030.0,4.0,Automatic,FWD,White
24462,Toyota,Camry,2014.0,Sedan,Petrol,2.5,45982.0,4.0,Automatic,FWD,Gray
20071,Toyota,Prius C,2016.0,Hatchback,Hybrid,1.5,81524.0,4.0,Automatic,FWD,Silver
23935,Hyundai,Tucson,2013.0,SUV,Diesel,2.0,105672.0,4.0,Automatic,FWD,Black
10976,Ford,Focus,2014.0,Sedan,Petrol,2.0,33555.0,4.0,Automatic,FWD,Gray
9408,Honda,Fit,2006.0,Hatchback,Petrol,1.5,86992.0,4.0,Automatic,FWD,Black
25387,Honda,Fit,2015.0,Hatchback,Petrol,1.5,54416.0,4.0,Automatic,FWD,Black
1960,Honda,Accord,2017.0,Sedan,Hybrid,2.0,28441.0,4.0,Automatic,FWD,Black
627,Honda,Civic,2017.0,Sedan,Petrol,2.0,42930.0,4.0,Automatic,FWD,Blue
71983,Hyundai,Santa Fe,2019.0,SUV,Diesel,2.0,6289.0,4.0,Automatic,FWD,Gray
9095,Honda,Fit,2005.0,Sedan,Petrol,1.5,91963.0,4.0,Automatic,FWD,Green
11920,Honda,Fit,2008.0,Hatchback,Petrol,1.5,91522.0,4.0,Automatic,FWD,Silver
30420,Toyota,Camry,2012.0,Sedan,Petrol,2.5,46603.0,4.0,Automatic,FWD,White
1176,Volkswagen,Passat,2013.0,Sedan,Petrol,2.5,105791.0,5.0,Automatic,FWD,Black
24462,Toyota,Camry,2014.0,Sedan,Petrol,2.5,67109.0,4.0,Automatic,FWD,Black
17562,Toyota,Camry,2013.0,Sedan,Petrol,2.5,55924.0,4.0,Automatic,FWD,Red
12544,BMW,5 Series,2003.0,Sedan,Petrol,2.5,15535.0,6.0,Automatic,RWD,Gray
9400,Ford,Transit,2008.0,Wagon,Petrol,2.0,64002.0,4.0,Automatic,RWD,White
10036,BMW,3 Series,2001.0,Coupe,Petrol,2.0,101905.0,4.0,Automatic,RWD,Silver
34108,Hyundai,H1,2014.0,Van,Diesel,2.5,60280.0,4.0,Automatic,FWD,Gray
12720,Chevrolet,Cruze,2012.0,Sedan,Petrol,1.8,101323.0,4.0,Automatic,FWD,White
23521,Ford,Transit,1996.0,Van,Diesel,2.5,76429.0,4.0,Manual,RWD,White
16894,Chevrolet,Orlando,2012.0,SUV,Diesel,2.0,97433.0,4.0,Automatic,FWD,Gold
5488,Toyota,Camry,2014.0,Sedan,Hybrid,2.5,68226.0,4.0,Automatic,FWD,White
549,Audi,A6,2016.0,Sedan,Petrol,2.0,60787.0,4.0,Automatic,AWD,Gray
15994,Toyota,Prius C,2012.0,Hatchback,Hybrid,1.5,1243.0,4.0,Automatic,FWD,Black
784,Toyota,C-HR,2018.0,SUV,Petrol,2.0,16063.0,4.0,Automatic,FWD,Gray
35344,Hyundai,Santa Fe,2014.0,SUV,Diesel,2.0,80733.0,4.0,Automatic,FWD,Black
32377,Hyundai,Santa Fe,2013.0,SUV,Diesel,2.0,121559.0,4.0,Automatic,FWD,Gray
20786,Hyundai,Tucson,2012.0,SUV,Diesel,2.0,86371.0,4.0,Automatic,FWD,White
12607,Toyota,Aqua,2014.0,Hatchback,Petrol,1.5,76429.0,4.0,Automatic,FWD,White
1882,Toyota,Prius,2017.0,Sedan,Hybrid,1.8,29622.0,4.0,Automatic,FWD,White
12074,Honda,Fit,2008.0,Hatchback,Petrol,1.5,124275.0,4.0,Automatic,FWD,Orange
17876,Toyota,Prius,2010.0,Sedan,Hybrid,1.8,87614.0,4.0,Automatic,FWD,Gold
38894,Hyundai,Santa Fe,2014.0,SUV,Diesel,2.0,91555.0,4.0,Automatic,FWD,Gray
13627,Lexus,CT 200h,2012.0,Hatchback,Hybrid,1.8,88480.0,4.0,Automatic,FWD,White
16935,Lexus,CT 200h,2015.0,Hatchback,Hybrid,1.8,58999.0,4.0,Automatic,FWD,White
11917,Chevrolet,Cruze,2010.0,Sedan,Petrol,1.8,74565.0,4.0,Automatic,FWD,Black
2587,Subaru,XV,2014.0,SUV,Hybrid,2.0,76722.0,4.0,Automatic,AWD,White
14740,Toyota,Aqua,2012.0,Hatchback,Hybrid,1.5,89478.0,4.0,Automatic,FWD,White
19444,Volkswagen,Golf,2011.0,Hatchback,Diesel,2.0,93828.0,4.0,Automatic,FWD,Black
16308,Toyota,Prius C,2012.0,Hatchback,Hybrid,1.5,81524.0,4.0,Automatic,FWD,Red
21181,Hyundai,Sonata,2012.0,Sedan,Petrol,2.0,73722.0,4.0,Automatic,FWD,Silver
15060,Hyundai,Sonata,2015.0,Sedan,Petrol,2.0,89181.0,4.0,Automatic,FWD,Silver
20385,Toyota,RAV4,2013.0,SUV,Petrol,2.5,58409.0,4.0,Automatic,AWD,White
27000,Ford,Fusion,2014.0,Sedan,Hybrid,2.0,42689.0,4.0,Automatic,FWD,Gray
15681,Hyundai,Elantra,2017.0,Sedan,Petrol,2.0,23613.0,4.0,Automatic,FWD,White
6241,Chevrolet,Captiva,2007.0,SUV,Diesel,2.0,37457.0,4.0,Automatic,FWD,Silver
20814,Hyundai,Tucson,2012.0,SUV,Diesel,2.0,104678.0,4.0,Automatic,FWD,Black
47989,Hyundai,Sonata,2016.0,Sedan,Petrol,2.0,26719.0,4.0,Automatic,FWD,Black
3293,Hyundai,Elantra,2018.0,Sedan,Petrol,2.0,29329.0,4.0,Automatic,FWD,Gray
3920,Toyota,Prius,2015.0,Hatchback,Hybrid,1.8,83912.0,4.0,Automatic,FWD,Black
21012,Toyota,Camry,2013.0,Sedan,Petrol,2.5,69117.0,4.0,Automatic,FWD,White
16308,Subaru,Forester,2011.0,SUV,Petrol,2.5,75808.0,4.0,Automatic,AWD,Silver
10349,Toyota,Aqua,2012.0,Hatchback,Hybrid,1.5,100166.0,4.0,Automatic,FWD,Silver
15825,Hyundai,Genesis,2010.0,Coupe,Petrol,2.0,50570.0,4.0,Automatic,FWD,White
7997,Hyundai,Sonata,2013.0,Sedan,Petrol,2.0,51148.0,4.0,Automatic,FWD,Silver
34419,Hyundai,H1,2017.0,Wagon,Diesel,2.5,114450.0,4.0,Automatic,FWD,Silver
24123,Hyundai,Tucson,2012.0,SUV,Diesel,2.0,113090.0,4.0,Automatic,FWD,Gray
15681,Hyundai,Elantra,2013.0,Sedan,Petrol,1.8,114876.0,4.0,Automatic,FWD,Black
17117,Hyundai,Tucson,2011.0,SUV,Diesel,2.0,118682.0,4.0,Automatic,FWD,White
17719,Hyundai,H1,2012.0,Van,Diesel,2.5,32685.0,4.0,Automatic,FWD,White
24148,Ford,Escape,2010.0,SUV,Hybrid,2.5,99420.0,4.0,Automatic,AWD,Black
1646,Hyundai,Elantra,2012.0,Sedan,Petrol,1.8,123922.0,4.0,Automatic,FWD,Red
19565,Lexus,CT 200h,2016.0,Hatchback,Hybrid,1.8,44680.0,4.0,Automatic,FWD,White
20385,Mitsubishi,Outlander,2011.0,SUV,Petrol,2.0,64002.0,4.0,Automatic,AWD,Blue
3607,Toyota,Camry,2012.0,Sedan,Hybrid,2.5,97256.0,4.0,Automatic,FWD,White
54458,Ford,Explorer,2015.0,SUV,Petrol,2.0,75780.0,4.0,Automatic,FWD,White
9095,Mitsubishi,Colt,2006.0,Hatchback,Petrol,1.5,36661.0,4.0,Automatic,FWD,Red
39559,Honda,Civic,2014.0,Sedan,Petrol,1.8,49710.0,4.0,Automatic,FWD,White
17249,Hyundai,Elantra,2012.0,Sedan,Petrol,1.8,80779.0,4.0,Automatic,FWD,Black
36401,Hyundai,Santa Fe,2016.0,SUV,Diesel,2.0,90943.0,4.0,Automatic,FWD,Gray
15367,Kia,Sportage,2012.0,SUV,Diesel,2.0,60895.0,4.0,Automatic,FWD,Silver
21639,Mitsubishi,Outlander,2014.0,SUV,Petrol,2.0,50953.0,4.0,Automatic,AWD,White
27541,Hyundai,Santa Fe,2014.0,SUV,Diesel,2.0,5457.0,4.0,Automatic,FWD,White
7213,Toyota,VOXY,2003.0,Van,Petrol,2.0,95875.0,4.0,Automatic,FWD,Silver
11917,Toyota,Prius,2008.0,Hatchback,Hybrid,1.5,113711.0,4.0,Automatic,FWD,White
10349,Hyundai,Sonata,2015.0,Sedan,Petrol,2.0,48106.0,4.0,Automatic,FWD,Silver
8000,Honda,CR-V,2000.0,SUV,Petrol,2.0,105634.0,4.0,Manual,AWD,Silver
14542,Hyundai,Sonata,2010.0,Sedan,Petrol,2.0,64784.0,4.0,Automatic,FWD,Black
13485,Ford,Focus,2013.0,Sedan,Petrol,2.0,90099.0,4.0,Automatic,FWD,White
8781,Toyota,Prius,2015.0,Hatchback,Hybrid,1.8,123032.0,4.0,Automatic,FWD,Black
23207,Hyundai,Tucson,2010.0,SUV,Diesel,2.0,61338.0,4.0,Automatic,FWD,Gray
44865,Chevrolet,Captiva,2016.0,SUV,Diesel,2.0,44069.0,4.0,Automatic,FWD,White
18817,Toyota,Prius C,2012.0,Hatchback,Hybrid,1.5,67109.0,4.0,Automatic,FWD,Red
1568,BMW,3 Series,2014.0,Sedan,Diesel,2.0,48588.0,4.0,Automatic,AWD,Black
17092,Toyota,Prius C,2012.0,Sedan,Hybrid,1.5,67407.0,4.0,Automatic,FWD,White
26306,Hyundai,H1,2016.0,Wagon,Diesel,2.5,124024.0,4.0,Automatic,FWD,Silver
11133,Kia,Optima,2011.0,Sedan,Petrol,2.0,31955.0,4.0,Automatic,FWD,Black
17249,Hyundai,Elantra,2015.0,Hatchback,Petrol,2.0,45569.0,4.0,Automatic,FWD,Gray
25089,Toyota,Prius V,2013.0,Hatchback,Hybrid,1.8,40793.0,4.0,Automatic,FWD,Blue
60840,Toyota,RAV4,2016.0,SUV,Hybrid,2.5,22409.0,4.0,Automatic,AWD,Black
627,Mazda,CX-9,2019.0,SUV,Petrol,2.5,8815.0,4.0,Automatic,FWD,White
18500,Hyundai,Genesis,2011.0,Coupe,Petrol,2.0,104587.0,4.0,Automatic,FWD,Black
23364,Chevrolet,Malibu,2017.0,Sedan,Hybrid,1.8,24350.0,4.0,Automatic,FWD,Gray
862,Chevrolet,Malibu,2013.0,Sedan,Petrol,2.0,70903.0,4.0,Automatic,FWD,Blue
14740,Toyota,Prius,2010.0,Sedan,Petrol,1.8,102527.0,4.0,Automatic,FWD,White
23408,Hyundai,Santa Fe,2010.0,SUV,Diesel,2.0,110430.0,4.0,Automatic,FWD,Silver
11290,Toyota,Prius,2006.0,Hatchback,Hybrid,1.5,124175.0,4.0,Automatic,FWD,Silver
12231,Honda,CR-V,2002.0,SUV,Petrol,2.0,93206.0,4.0,Automatic,AWD,Silver
42171,Hyundai,Santa Fe,2014.0,SUV,Diesel,2.0,110308.0,4.0,Automatic,FWD,White
13956,Toyota,Camry,2018.0,Sedan,Petrol,2.5,34905.0,4.0,Automatic,FWD,Silver
18817,Toyota,Prius,2013.0,Sedan,Hybrid,1.8,84507.0,4.0,Automatic,RWD,Black
16621,Toyota,Prius,2010.0,Hatchback,Petrol,1.8,101905.0,4.0,Automatic,FWD,Red
15060,Hyundai,Sonata,2015.0,Sedan,Petrol,2.0,90562.0,4.0,Automatic,FWD,Red
17500,Mercedes-Benz,C-Class,2013.0,Sedan,Petrol,1.8,29826.0,4.0,Automatic,RWD,White
50529,Hyundai,Santa Fe,2016.0,SUV,Diesel,2.0,72558.0,4.0,Automatic,FWD,Black
36068,Hyundai,H1,2016.0,Van,Diesel,2.5,69714.0,4.0,Automatic,FWD,Silver
32929,Toyota,Avalon,2013.0,Sedan,Hybrid,2.5,77672.0,4.0,Automatic,FWD,White
11541,Kia,Optima,2012.0,Sedan,Petrol,2.0,40709.0,4.0,Automatic,FWD,Silver
16308,Toyota,Prius,2010.0,Hatchback,Hybrid,1.8,622.0,4.0,Automatic,FWD,Silver
64171,Hyundai,Sonata,2018.0,Sedan,Petrol,2.0,13125.0,4.0,Automatic,FWD,White
24283,Hyundai,Tucson,2012.0,SUV,Diesel,2.0,87344.0,4.0,Automatic,FWD,White
45160,Toyota,C-HR,2017.0,SUV,Petrol,2.0,24483.0,4.0,Automatic,FWD,Black
38229,Hyundai,H1,2016.0,Van,Diesel,2.5,85212.0,4.0,Automatic,FWD,White
16621,Kia,Optima,2014.0,Sedan,Petrol,2.0,22393.0,4.0,Automatic,FWD,Silver
13172,Toyota,Aqua,2014.0,Sedan,Hybrid,1.5,9942.0,4.0,Automatic,FWD,White
25716,Mitsubishi,Outlander,2016.0,SUV,Petrol,2.0,40390.0,4.0,Automatic,FWD,Gray
14740,Toyota,Aqua,2012.0,Hatchback,Hybrid,1.5,92585.0,4.0,Automatic,FWD,Silver
19130,Toyota,Prius,2013.0,Sedan,Hybrid,1.8,44118.0,4.0,Automatic,FWD,Gray
41701,Hyundai,Santa Fe,2013.0,SUV,Diesel,2.0,91634.0,4.0,Automatic,FWD,Black
16508,Hyundai,Sonata,2010.0,Sedan,Petrol,2.0,82886.0,4.0,Automatic,FWD,White
57698,Hyundai,Sonata,2018.0,Sedan,Petrol,2.0,22559.0,4.0,Automatic,FWD,Gray
15681,Hyundai,Elantra,2014.0,Sedan,Petrol,1.8,74565.0,4.0,Automatic,FWD,Silver
4701,Kia,Sportage,2007.0,SUV,Diesel,2.0,33963.0,4.0,Automatic,FWD,Silver
10036,Nissan,Tiida,2005.0,Hatchback,Petrol,1.5,77672.0,4.0,Automatic,FWD,Red
3136,Toyota,Camry,2012.0,Sedan,Hybrid,2.5,99034.0,4.0,Automatic,FWD,White
8467,Nissan,Tiida,2007.0,Sedan,Petrol,1.5,82643.0,4.0,Automatic,FWD,Gray
12231,Toyota,Prius,2010.0,Hatchback,Hybrid,1.8,123032.0,4.0,Automatic,FWD,Black
39559,Hyundai,Santa Fe,2016.0,SUV,Diesel,2.0,80154.0,4.0,Automatic,FWD,White
17876,Hyundai,Elantra,2016.0,Sedan,Petrol,1.8,82021.0,4.0,Automatic,FWD,White
32302,Toyota,Camry,2015.0,Sedan,Petrol,2.5,31069.0,4.0,Automatic,FWD,White
36567,Hyundai,H1,2016.0,Van,Diesel,2.5,74565.0,4.0,Automatic,FWD,Black
16960,Toyota,Aqua,2013.0,Hatchback,Petrol,1.5,53688.0,4.0,Automatic,FWD,Silver
2038,Toyota,Prius,2015.0,SUV,Hybrid,1.8,65117.0,4.0,Automatic,FWD,White
15524,Hyundai,Tucson,2011.0,SUV,Diesel,2.0,32467.0,4.0,Automatic,FWD,Gray
17884,Toyota,Camry,2014.0,Sedan,Hybrid,2.5,63627.0,4.0,Automatic,FWD,Black
25089,Lexus,HS 250h,2011.0,Sedan,Hybrid,2.5,53438.0,4.0,Automatic,FWD,Blue
20900,Mitsubishi,Outlander,2012.0,SUV,Petrol,2.0,995.0,4.0,Automatic,AWD,Black
39226,Hyundai,Santa Fe,2015.0,SUV,Diesel,2.0,73898.0,4.0,Automatic,FWD,White
26343,Toyota,Camry,2013.0,Sedan,Petrol,2.5,94449.0,4.0,Automatic,FWD,Black
69810,Hyundai,Santa Fe,2019.0,SUV,Diesel,2.0,1697.0,4.0,Automatic,FWD,Gray
13485,Toyota,Aqua,2012.0,Sedan,Hybrid,1.5,93828.0,4.0,Automatic,FWD,White
9418,Hyundai,Sonata,2015.0,Sedan,Petrol,2.0,26642.0,4.0,Automatic,FWD,White
8781,Toyota,Aqua,2012.0,Hatchback,Hybrid,1.5,65244.0,4.0,Automatic,FWD,Silver
24148,Toyota,Prius,2015.0,Hatchback,Hybrid,1.5,99420.0,4.0,Automatic,FWD,White
23521,Mercedes-Benz,C-Class,2014.0,Sedan,Petrol,1.8,39936.0,4.0,Automatic,RWD,Gray
12544,Subaru,Forester,2009.0,SUV,Petrol,2.5,71458.0,6.0,Automatic,AWD,Black
3450,Toyota,Camry,2019.0,Sedan,Hybrid,2.5,5982.0,4.0,Automatic,FWD,Black
1019,Toyota,Camry,2011.0,Sedan,Petrol,2.5,108610.0,4.0,Automatic,FWD,Black
14113,Toyota,Prius,2010.0,Hatchback,Hybrid,1.8,59567.0,4.0,Automatic,FWD,White
3136,Toyota,Camry,2012.0,Sedan,Hybrid,2.5,99034.0,4.0,Automatic,FWD,White
1333,Toyota,Corolla,2010.0,Sedan,Petrol,1.8,72696.0,4.0,Automatic,FWD,Silver
12231,Toyota,Camry,2011.0,Sedan,Petrol,2.5,93206.0,4.0,Automatic,FWD,Blue
40026,Hyundai,Santa Fe,2016.0,SUV,Diesel,2.0,72306.0,4.0,Automatic,FWD,Black
22580,Toyota,Camry,2013.0,Sedan,Hybrid,2.5,78304.0,4.0,Automatic,FWD,Black
31581,Hyundai,H1,2014.0,Van,Diesel,2.5,108953.0,4.0,Automatic,FWD,Gray
24775,Toyota,Camry,2013.0,Sedan,Hybrid,2.5,73944.0,4.0,Automatic,FWD,Blue
31988,Mercedes-Benz,E-Class,2012.0,Sedan,Petrol,2.0,74565.0,4.0,Automatic,RWD,Blue
13799,BMW,3 Series,2012.0,Sedan,Petrol,2.0,78293.0,4.0,Automatic,RWD,Blue
51526,Honda,Civic,2016.0,Sedan,Petrol,2.0,35419.0,4.0,Automatic,FWD,White
37476,Hyundai,Santa Fe,2016.0,SUV,Diesel,2.0,15240.0,4.0,Automatic,FWD,White
56848,Hyundai,Santa Fe,2015.0,SUV,Diesel,2.0,51907.0,4.0,Automatic,FWD,Blue
11290,Toyota,Prius,2008.0,Sedan,Hybrid,1.5,105634.0,4.0,Automatic,FWD,Black
9095,Toyota,Prius,2008.0,Hatchback,Hybrid,1.5,63380.0,4.0,Automatic,FWD,Silver
3450,Toyota,Prius,2013.0,Hatchback,Hybrid,1.8,46503.0,4.0,Automatic,FWD,White
7527,Mazda,Demio,2004.0,Hatchback,Petrol,1.5,101908.0,4.0,Manual,FWD,Blue
24462,Lexus,IS 250,2017.0,Sedan,Petrol,2.0,22370.0,4.0,Automatic,RWD,White
36366,Hyundai,Tucson,2017.0,SUV,Diesel,2.0,92280.0,4.0,Automatic,FWD,White
7683,Nissan,Tiida,2006.0,Hatchback,Petrol,1.5,83264.0,4.0,Automatic,FWD,Silver
17249,Toyota,Prius,2010.0,Hatchback,Hybrid,1.8,81524.0,4.0,Automatic,FWD,Black
22000,Toyota,Camry,2014.0,Sedan,Petrol,2.5,66487.0,4.0,Automatic,FWD,Gray
9700,Kia,Optima,2013.0,Sedan,Petrol,2.0,32431.0,4.0,Automatic,FWD,Gray
15994,Hyundai,Elantra,2014.0,Sedan,Petrol,1.8,48467.0,4.0,Automatic,FWD,Gray
13013,Toyota,Aqua,2012.0,Hatchback,Hybrid,1.5,91342.0,4.0,Automatic,FWD,White
17813,Hyundai,Santa Fe,2010.0,SUV,Diesel,2.0,25554.0,4.0,Automatic,FWD,White
42337,Hyundai,Santa Fe,2017.0,SUV,Diesel,2.0,17059.0,4.0,Automatic,FWD,White
5018,Toyota,Camry,2013.0,Sedan,Hybrid,2.5,118402.0,4.0,Automatic,FWD,Black
16323,Hyundai,Genesis,2010.0,Coupe,Petrol,2.0,59348.0,4.0,Automatic,FWD,Silver
5331,Chevrolet,Captiva,2007.0,SUV,Diesel,2.0,31851.0,4.0,Automatic,FWD,Black
26343,Subaru,Forester,2014.0,SUV,Petrol,2.5,59031.0,4.0,Automatic,AWD,White
16621,Toyota,Prius C,2013.0,Sedan,Hybrid,1.5,65244.0,4.0,Automatic,FWD,Blue
17562,Volkswagen,Jetta,2015.0,Sedan,Petrol,1.8,45982.0,4.0,Automatic,FWD,Red
8985,Toyota,Aqua,2015.0,Hatchback,Hybrid,1.5,96027.0,4.0,Automatic,FWD,Silver
7213,Toyota,Prius,2005.0,Sedan,Petrol,1.5,78293.0,4.0,Automatic,FWD,Silver
12121,Toyota,Aqua,2013.0,Hatchback,Hybrid,1.5,65804.0,4.0,Automatic,FWD,White
18817,Toyota,Prius,2013.0,Hatchback,Hybrid,1.8,77672.0,4.0,Automatic,FWD,White
32615,Toyota,Camry,2015.0,Sedan,Petrol,2.5,37283.0,4.0,Automatic,FWD,Black
7370,Nissan,Note,2005.0,Hatchback,Petrol,1.5,93828.0,4.0,Automatic,FWD,Black
16327,Hyundai,Genesis,2010.0,Coupe,Petrol,2.0,59348.0,4.0,Automatic,FWD,Silver
8467,Nissan,other,2014.0,Sedan,Petrol,2.5,53565.0,4.0,Automatic,RWD,Gray
37633,Hyundai,Santa Fe,2016.0,SUV,Diesel,2.0,120588.0,4.0,Automatic,FWD,Black
49459,Hyundai,Sonata,2016.0,Sedan,Petrol,2.0,30963.0,4.0,Automatic,FWD,White
26657,Toyota,Camry,2013.0,Sedan,Hybrid,2.5,94449.0,4.0,Automatic,FWD,White
15053,Toyota,Aqua,2013.0,Hatchback,Hybrid,1.5,88857.0,4.0,Automatic,FWD,Blue
25089,Toyota,Camry,2014.0,Sedan,Petrol,2.5,46603.0,4.0,Automatic,FWD,Black
12858,Mercedes-Benz,GLA,2015.0,SUV,Petrol,2.0,99375.0,4.0,Automatic,FWD,Black
44862,Honda,Civic,2016.0,Sedan,Petrol,2.0,22872.0,4.0,Automatic,FWD,Black
33230,Hyundai,Tucson,2014.0,SUV,Diesel,2.0,85420.0,4.0,Automatic,FWD,Black
3450,Mercedes-Benz,C-Class,1995.0,Sedan,Petrol,1.8,12428.0,4.0,Manual,RWD,Blue
32979,Hyundai,H1,2014.0,Van,Diesel,2.5,76189.0,4.0,Automatic,FWD,Gray
21040,Toyota,Aqua,2015.0,Hatchback,Petrol,1.5,42245.0,4.0,Automatic,FWD,White
28423,Hyundai,H1,2014.0,Van,Diesel,2.5,118061.0,4.0,Automatic,FWD,White
706,Toyota,Camry,2014.0,Sedan,Hybrid,2.5,71652.0,4.0,Automatic,FWD,Gray
15053,Toyota,Camry,2014.0,Sedan,Petrol,2.5,66487.0,4.0,Automatic,FWD,Black
14426,Chevrolet,Cruze,2014.0,Sedan,Petrol,1.8,42254.0,4.0,Manual,FWD,Black
21639,Subaru,Forester,2013.0,SUV,Petrol,2.5,46603.0,4.0,Automatic,AWD,Gray
2274,Toyota,Camry,2014.0,Sedan,Hybrid,2.5,79995.0,4.0,Automatic,FWD,Green
17562,Hyundai,Elantra,2012.0,Sedan,Petrol,1.8,8389.0,4.0,Automatic,FWD,Black
18826,Hyundai,Sonata,2011.0,Sedan,Petrol,2.0,73038.0,4.0,Automatic,FWD,Silver
11290,Toyota,Prius C,2012.0,Hatchback,Hybrid,1.5,86374.0,4.0,Automatic,FWD,Blue
17923,Hyundai,Tucson,2010.0,SUV,Diesel,2.0,107603.0,4.0,Automatic,FWD,Gray
20071,Hyundai,Elantra,2013.0,Sedan,Petrol,1.8,69594.0,4.0,Automatic,FWD,Gray
28852,Hyundai,Elantra,2017.0,Sedan,Petrol,2.0,12428.0,4.0,Automatic,FWD,Black
48998,Hyundai,Santa Fe,2015.0,SUV,Diesel,2.0,65038.0,4.0,Automatic,FWD,Gray
35962,Hyundai,Santa Fe,2013.0,SUV,Diesel,2.0,118061.0,4.0,Automatic,FWD,Gray
33575,Hyundai,Tucson,2014.0,SUV,Diesel,2.0,54507.0,4.0,Automatic,FWD,Brown
31747,Hyundai,Santa Fe,2014.0,SUV,Diesel,2.0,12987.0,4.0,Automatic,FWD,Black
23521,Toyota,Camry,2012.0,Sedan,Hybrid,2.5,96313.0,4.0,Automatic,FWD,Black
11133,Honda,Fit,2012.0,Sedan,Hybrid,1.5,55924.0,4.0,Automatic,FWD,White
59834,Honda,Civic,2016.0,Sedan,Petrol,1.5,2352.0,4.0,Automatic,FWD,Gray
36865,Hyundai,Santa Fe,2014.0,SUV,Diesel,2.0,89484.0,4.0,Automatic,FWD,Silver
36231,Hyundai,H1,2016.0,Wagon,Diesel,2.5,113426.0,4.0,Automatic,FWD,Silver
29793,Toyota,C-HR,2019.0,SUV,Petrol,2.0,2691.0,4.0,Automatic,FWD,White
60502,Honda,Fit,2018.0,Hatchback,Petrol,1.5,4971.0,4.0,Automatic,FWD,Black
46490,Hyundai,Santa Fe,2013.0,SUV,Diesel,2.0,56061.0,4.0,Automatic,FWD,Black
5959,Kia,Sportage,2007.0,SUV,Diesel,2.0,44222.0,4.0,Automatic,FWD,Black
14122,Hyundai,Tucson,2011.0,SUV,Diesel,2.0,42024.0,4.0,Automatic,FWD,Silver
12490,Lexus,CT 200h,2012.0,Hatchback,Hybrid,1.8,108185.0,4.0,Automatic,FWD,White
24148,Toyota,Prius C,2015.0,Sedan,Petrol,1.5,29516.0,4.0,Automatic,FWD,Black
21953,Toyota,RAV4,2012.0,SUV,Petrol,2.5,68041.0,4.0,Automatic,FWD,White
7213,Hyundai,Sonata,2017.0,Sedan,Hybrid,2.0,86035.0,4.0,Automatic,FWD,Silver
21012,Toyota,Prius,2013.0,Sedan,Hybrid,1.8,90472.0,4.0,Automatic,FWD,Black
51373,Hyundai,Santa Fe,2015.0,SUV,Diesel,2.0,39348.0,4.0,Automatic,FWD,Black
28391,Hyundai,Santa Fe,2013.0,SUV,Diesel,2.0,28510.0,4.0,Automatic,FWD,White
5331,Honda,CR-V,1996.0,SUV,Petrol,2.0,18642.0,4.0,Automatic,FWD,Blue
13799,Hyundai,Sonata,2014.0,Sedan,Petrol,2.0,115142.0,4.0,Automatic,FWD,White
62493,Honda,Civic,2018.0,Coupe,Petrol,1.5,5295.0,4.0,Automatic,FWD,Red
21326,Lexus,CT 200h,2012.0,Hatchback,Hybrid,1.8,59031.0,4.0,Automatic,FWD,Red
1882,Toyota,Prius,2009.0,Sedan,Hybrid,1.5,88500.0,4.0,Automatic,FWD,White
54954,Chevrolet,Impala,2016.0,Sedan,Petrol,2.5,39147.0,4.0,Automatic,FWD,White
22433,Hyundai,H1,2013.0,Van,Diesel,2.5,43071.0,4.0,Automatic,FWD,Black
549,Hyundai,Elantra,2017.0,Sedan,Petrol,2.0,13202.0,4.0,Automatic,FWD,White
54349,Honda,Civic,2017.0,Sedan,Petrol,2.0,9942.0,4.0,Automatic,FWD,Gray
12858,Ford,Fusion,2013.0,Sedan,Petrol,2.5,52020.0,4.0,Automatic,FWD,White
15367,Toyota,Prius C,2012.0,Hatchback,Hybrid,1.5,82309.0,4.0,Automatic,FWD,White
9261,Chevrolet,Cruze,2011.0,Sedan,Diesel,2.0,32756.0,4.0,Automatic,FWD,Gray
39829,Ford,Fusion,2018.0,Sedan,Hybrid,2.0,24234.0,4.0,Automatic,FWD,Silver
10000,Nissan,Tiida,2007.0,Hatchback,Petrol,1.5,90099.0,5.0,Automatic,FWD,Silver
31248,Hyundai,Tucson,2015.0,SUV,Diesel,2.0,67422.0,4.0,Automatic,FWD,Gray
14113,Kia,Optima,2012.0,Sedan,Petrol,2.0,34500.0,4.0,Automatic,FWD,White
11133,Toyota,Prius,2007.0,Sedan,Hybrid,1.5,66641.0,4.0,Automatic,FWD,Silver
18817,Toyota,Camry,2018.0,Sedan,Hybrid,2.5,21785.0,4.0,Automatic,FWD,White
18503,Ford,Fusion,2012.0,Sedan,Petrol,2.5,85192.0,4.0,Automatic,FWD,Silver
19601,Toyota,Prius,2011.0,Hatchback,Petrol,1.8,85128.0,4.0,Automatic,FWD,White
549,Toyota,C-HR,2018.0,SUV,Petrol,2.0,29039.0,4.0,Automatic,FWD,Silver
17562,Ford,Escape,2009.0,SUV,Hybrid,2.5,88857.0,4.0,Automatic,AWD,Black
17876,Toyota,Corolla,2010.0,Sedan,Petrol,1.8,73944.0,4.0,Automatic,FWD,Silver
31361,Toyota,Prius,2016.0,Hatchback,Hybrid,1.8,80779.0,4.0,Automatic,FWD,White
16935,Hyundai,Elantra,2014.0,Sedan,Petrol,1.8,65617.0,4.0,Automatic,FWD,Beige
11604,Toyota,Prius,2008.0,Hatchback,Hybrid,1.5,59341.0,4.0,Automatic,FWD,Silver
19579,Toyota,Aqua,2015.0,Hatchback,Petrol,1.5,42875.0,4.0,Automatic,FWD,White
22825,Chevrolet,Malibu,2012.0,Sedan,Petrol,2.0,71414.0,4.0,Automatic,FWD,Black
27591,Hyundai,Tucson,2011.0,SUV,Diesel,2.0,42283.0,4.0,Automatic,FWD,Black
35902,Hyundai,H1,2014.0,Van,Diesel,2.5,105080.0,4.0,Automatic,FWD,Gold
34406,Hyundai,Santa Fe,2016.0,SUV,Diesel,2.0,114961.0,4.0,Automatic,FWD,White
19384,Chevrolet,Malibu,2012.0,Sedan,Petrol,2.0,100705.0,4.0,Automatic,FWD,Silver
32145,Toyota,Camry,2015.0,Sedan,Petrol,2.5,67109.0,8.0,Automatic,RWD,White
10036,Toyota,Aqua,2012.0,Hatchback,Hybrid,1.5,76429.0,4.0,Automatic,FWD,Black
3293,Toyota,Prius,2010.0,Hatchback,Hybrid,1.8,99036.0,4.0,Automatic,FWD,White
28225,Hyundai,Santa Fe,2014.0,SUV,Diesel,2.0,24320.0,4.0,Automatic,FWD,White
10349,Honda,Fit,2014.0,Hatchback,Hybrid,1.5,84507.0,4.0,Automatic,FWD,Silver
49798,Hyundai,Santa Fe,2015.0,SUV,Diesel,2.0,58133.0,4.0,Automatic,FWD,White
51965,Hyundai,Santa Fe,2016.0,SUV,Diesel,2.0,30768.0,4.0,Automatic,FWD,White
13172,Toyota,Prius,2008.0,Hatchback,Hybrid,1.5,103645.0,4.0,Automatic,FWD,Silver
24004,Hyundai,H1,2011.0,Van,Diesel,2.5,44927.0,4.0,Automatic,FWD,Silver
11490,Lexus,CT 200h,2012.0,Hatchback,Hybrid,1.8,108185.0,4.0,Automatic,FWD,White
12544,Ford,Focus,2014.0,Hatchback,Petrol,2.0,96961.0,4.0,Automatic,FWD,Black
30891,Honda,Civic,2015.0,Sedan,Petrol,1.8,62546.0,4.0,Automatic,FWD,Silver
38574,BMW,5 Series,2014.0,Sedan,Petrol,2.0,77051.0,4.0,Automatic,RWD,Silver
18503,Volkswagen,Passat,2012.0,Sedan,Petrol,2.5,111847.0,4.0,Automatic,FWD,Silver
50341,Hyundai,Sonata,2017.0,Sedan,Petrol,2.0,42259.0,4.0,Automatic,FWD,Black
49864,Hyundai,Tucson,2019.0,SUV,Diesel,2.0,41322.0,4.0,Automatic,FWD,Gray
39559,Hyundai,H1,2016.0,Van,Diesel,2.5,58409.0,4.0,Automatic,FWD,Gray
21012,Toyota,C-HR,2019.0,SUV,Petrol,2.0,12325.0,4.0,Automatic,FWD,Silver
32744,Hyundai,H1,2014.0,Van,Diesel,2.5,66787.0,4.0,Automatic,FWD,Silver
43278,Toyota,RAV4,2016.0,SUV,Petrol,2.5,48467.0,4.0,Automatic,AWD,Red
44752,Chevrolet,Impala,2016.0,Sedan,Petrol,2.5,74831.0,4.0,Automatic,FWD,Black
29793,Mazda,Mazda6,2015.0,Sedan,Petrol,2.5,80530.0,4.0,Automatic,FWD,Gray
29166,Toyota,Prius,2017.0,Hatchback,Hybrid,1.8,59248.0,4.0,Automatic,FWD,Silver
706,Audi,A4,2014.0,Sedan,Petrol,2.0,100682.0,4.0,Automatic,FWD,Black
23436,Hyundai,Sonata,2016.0,Sedan,Petrol,2.0,55240.0,4.0,Automatic,FWD,White
20385,Toyota,Camry,2012.0,Sedan,Petrol,2.5,97431.0,4.0,Automatic,FWD,Green
1333,Nissan,Altima,2014.0,Sedan,Petrol,2.5,17185.0,4.0,Automatic,FWD,Silver
18189,Toyota,Prius,2012.0,Sedan,Hybrid,1.8,69594.0,4.0,Automatic,FWD,Gray
15053,Hyundai,Elantra,2014.0,Hatchback,Petrol,2.0,28584.0,4.0,Automatic,FWD,Black
862,Ford,Fusion,2016.0,Sedan,Petrol,2.0,90665.0,4.0,Automatic,FWD,Gray
21012,Toyota,Prius,2015.0,Hatchback,Petrol,1.5,77672.0,4.0,Automatic,FWD,White
27284,Nissan,Altima,2017.0,Sedan,Petrol,2.5,17896.0,4.0,Automatic,FWD,White
23521,Toyota,Camry,2014.0,Sedan,Petrol,2.5,60273.0,4.0,Automatic,FWD,Gray
1882,Toyota,Prius,2017.0,Sedan,Hybrid,1.8,29622.0,4.0,Automatic,FWD,White
9095,Honda,CR-V,2000.0,SUV,Petrol,2.0,1381.0,4.0,Automatic,AWD,Silver
862,Ford,Escape,2010.0,SUV,Hybrid,2.5,108694.0,4.0,Automatic,FWD,Gray
10036,BMW,5 Series,2001.0,Sedan,Petrol,2.5,121168.0,6.0,Automatic,RWD,Silver
14113,Volkswagen,Jetta,2013.0,Sedan,Petrol,2.5,55675.0,4.0,Automatic,FWD,Gray
5645,Ford,Fusion,2015.0,Sedan,Hybrid,2.0,91892.0,4.0,Automatic,FWD,Gray
5018,Subaru,Impreza,2002.0,Hatchback,Petrol,1.5,91342.0,4.0,Automatic,FWD,Blue
45872,Honda,Fit,2016.0,Hatchback,Petrol,1.5,22329.0,4.0,Automatic,FWD,Black
21953,Hyundai,Santa Fe,2011.0,SUV,Diesel,2.0,103397.0,4.0,Automatic,FWD,Gray
9722,Toyota,Camry,2018.0,Sedan,Hybrid,2.5,79235.0,4.0,Automatic,FWD,Black
15053,Chevrolet,Cruze,2011.0,Sedan,Petrol,1.8,67109.0,4.0,Automatic,FWD,White
6115,Chevrolet,Captiva,2008.0,SUV,Diesel,2.0,30410.0,4.0,Automatic,FWD,Black
862,Ford,Escape,2010.0,SUV,Hybrid,2.5,108694.0,4.0,Automatic,FWD,Gray
25889,Hyundai,Tucson,2012.0,SUV,Diesel,2.0,77672.0,4.0,Automatic,FWD,Silver
19757,Ford,Focus,2016.0,Sedan,Petrol,2.0,20481.0,4.0,Automatic,FWD,Silver
21326,Toyota,Prius,2013.0,Sedan,Hybrid,1.8,55303.0,4.0,Automatic,FWD,White
8467,Nissan,Serena,2003.0,Van,Petrol,2.0,69042.0,4.0,Automatic,FWD,White
18189,Honda,Fit,2012.0,Hatchback,Hybrid,1.5,73322.0,4.0,Automatic,FWD,White
40926,Hyundai,Sonata,2015.0,Sedan,Petrol,2.0,16024.0,4.0,Automatic,FWD,White
8467,Chevrolet,Cruze,2013.0,Sedan,Petrol,1.8,90099.0,4.0,Manual,FWD,Blue
12858,Toyota,Prius,2010.0,Sedan,Petrol,1.8,81400.0,4.0,Automatic,FWD,Gold
19757,Toyota,Prius,2012.0,Hatchback,Hybrid,1.8,112469.0,4.0,Automatic,FWD,White
50037,Hyundai,Santa Fe,2016.0,SUV,Diesel,2.0,75747.0,4.0,Automatic,FWD,Black
23207,Toyota,Camry,2013.0,Sedan,Petrol,2.5,78293.0,4.0,Automatic,FWD,Silver
16935,Lexus,CT 200h,2015.0,Hatchback,Hybrid,1.8,58999.0,4.0,Automatic,FWD,White
29323,Hyundai,Elantra,2015.0,Sedan,Petrol,1.8,46603.0,4.0,Automatic,FWD,Red
627,Toyota,Camry,2015.0,Sedan,Petrol,2.5,76279.0,4.0,Automatic,FWD,Gray
3136,Toyota,Camry,2012.0,Sedan,Hybrid,2.5,99034.0,4.0,Automatic,FWD,White
9095,Nissan,Tiida,2008.0,Hatchback,Petrol,1.8,78293.0,4.0,Automatic,FWD,Silver
45210,Hyundai,Tucson,2017.0,SUV,Diesel,2.0,56842.0,4.0,Automatic,FWD,Gray
9408,Subaru,Forester,2002.0,Wagon,Petrol,2.0,118061.0,4.0,Automatic,AWD,White
6586,Toyota,Prius,2009.0,Hatchback,Hybrid,1.5,107630.0,4.0,Automatic,FWD,White
10349,Toyota,Aqua,2014.0,Hatchback,Hybrid,1.5,84942.0,4.0,Automatic,FWD,Silver
39201,Toyota,Camry,2017.0,Sedan,Petrol,2.5,32312.0,4.0,Automatic,FWD,Black
9095,Nissan,Versa,2011.0,Hatchback,Petrol,1.8,112470.0,4.0,Automatic,FWD,Gray
12388,Toyota,Camry,2012.0,Sedan,Hybrid,2.5,92585.0,4.0,Automatic,FWD,Silver
37633,Toyota,RAV4,2013.0,SUV,Petrol,2.5,42254.0,6.0,Automatic,AWD,Gray
15994,Toyota,Prius,2010.0,Sedan,Hybrid,1.8,52817.0,4.0,Automatic,FWD,Silver
21639,Subaru,Outback,2010.0,SUV,Petrol,2.5,99420.0,4.0,Automatic,AWD,Gray
28225,Volkswagen,Tiguan,2015.0,SUV,Petrol,2.0,28584.0,4.0,Automatic,AWD,White
13700,Hyundai,Elantra,2014.0,Sedan,Petrol,1.8,93206.0,4.0,Automatic,FWD,White
3763,Toyota,Camry,2013.0,Sedan,Hybrid,2.5,77617.0,4.0,Automatic,FWD,White
40976,Hyundai,Santa Fe,2014.0,SUV,Diesel,2.0,93828.0,4.0,Automatic,FWD,Black
15681,Subaru,Legacy,2011.0,Sedan,Petrol,2.5,111226.0,6.0,Automatic,AWD,Silver
10032,Chevrolet,Orlando,2013.0,SUV,Diesel,2.0,44329.0,4.0,Automatic,FWD,Black
55230,Hyundai,Santa Fe,2018.0,SUV,Diesel,2.0,30694.0,4.0,Automatic,FWD,White
1333,Toyota,Camry,2011.0,Sedan,Petrol,2.5,95325.0,4.0,Automatic,FWD,White
4077,Chevrolet,Volt,2017.0,Hatchback,Hybrid,1.5,76557.0,4.0,Automatic,FWD,White
23207,Toyota,Camry,2015.0,Sedan,Petrol,2.5,28267.0,4.0,Automatic,FWD,Black
14426,Chevrolet,Cruze,2014.0,Sedan,Diesel,2.0,41151.0,4.0,Automatic,FWD,Blue
19130,Toyota,Camry,2012.0,Sedan,Hybrid,2.5,85750.0,4.0,Automatic,FWD,Gold
43880,Hyundai,Tucson,2017.0,SUV,Diesel,2.0,61421.0,4.0,Automatic,FWD,White
10349,Toyota,Aqua,2014.0,Hatchback,Petrol,1.5,70837.0,4.0,Automatic,FWD,Black
14113,Kia,Optima,2012.0,Sedan,Hybrid,2.0,72656.0,4.0,Automatic,FWD,Black
3763,Hyundai,Elantra,2014.0,Sedan,Petrol,1.8,68777.0,4.0,Automatic,FWD,White
10506,Toyota,Aqua,2012.0,Sedan,Hybrid,1.5,48467.0,4.0,Automatic,FWD,Silver
19601,Chevrolet,Malibu,2017.0,Sedan,Petrol,1.5,16215.0,4.0,Automatic,FWD,Blue
17249,Toyota,Prius,2011.0,Hatchback,Hybrid,1.8,108740.0,4.0,Automatic,FWD,Red
15994,Toyota,Prius,2010.0,Sedan,Hybrid,1.8,118682.0,6.0,Automatic,FWD,Black
24327,Hyundai,Santa Fe,2011.0,SUV,Diesel,2.0,110104.0,4.0,Automatic,FWD,White
941,Hyundai,Elantra,2012.0,Sedan,Petrol,1.8,119526.0,4.0,Automatic,FWD,Black
23521,Toyota,Prius,2014.0,Sedan,Petrol,1.8,93206.0,4.0,Automatic,FWD,White
45436,Hyundai,Santa Fe,2014.0,SUV,Diesel,2.0,76369.0,4.0,Automatic,FWD,Blue
5802,Subaru,Outback,2002.0,Hatchback,Petrol,2.5,93206.0,4.0,Automatic,AWD,Green
48697,Hyundai,Santa Fe,2015.0,SUV,Diesel,2.0,96808.0,4.0,Automatic,FWD,White
18817,Toyota,Prius,2010.0,Sedan,Petrol,1.8,118061.0,4.0,Automatic,FWD,Gray
51965,Hyundai,Santa Fe,2016.0,SUV,Diesel,2.0,36981.0,4.0,Automatic,FWD,Blue
12074,Subaru,XV,2014.0,SUV,Hybrid,2.0,81942.0,4.0,Automatic,AWD,White
3763,Toyota,Camry,2013.0,Sedan,Hybrid,2.5,77617.0,4.0,Automatic,FWD,White
5018,Toyota,Camry,2013.0,Sedan,Hybrid,2.5,118402.0,4.0,Automatic,FWD,Black
20385,Subaru,XV,2013.0,SUV,Hybrid,2.0,87594.0,4.0,Automatic,AWD,Green
40142,Toyota,RAV4,2016.0,SUV,Petrol,2.5,16778.0,4.0,Automatic,FWD,Gray
4234,Hyundai,Elantra,2013.0,Sedan,Petrol,1.8,88724.0,4.0,Automatic,FWD,White
13799,Subaru,Forester,2010.0,SUV,Petrol,2.5,86992.0,4.0,Automatic,AWD,Gray
42218,Hyundai,H1,2016.0,Van,Diesel,2.5,30323.0,4.0,Automatic,FWD,Silver
12858,Nissan,Versa,2012.0,Hatchback,Petrol,1.8,99420.0,4.0,Automatic,FWD,Black
11447,Lexus,CT 200h,2014.0,Hatchback,Hybrid,1.8,82371.0,4.0,Automatic,FWD,Red
73131,Honda,Civic,2018.0,Sedan,Petrol,1.5,644.0,4.0,Automatic,FWD,Silver
627,Hyundai,Elantra,2011.0,SUV,Petrol,1.8,107188.0,4.0,Automatic,FWD,Black
19130,Toyota,Prius,2015.0,Hatchback,Hybrid,1.8,14118.0,4.0,Automatic,FWD,Black
706,Toyota,Prius,2013.0,Hatchback,Hybrid,1.8,65448.0,4.0,Automatic,FWD,White
15000,Ford,Fusion,2010.0,Sedan,Petrol,2.5,14019.0,8.0,Automatic,FWD,White
17249,Toyota,Prius,2011.0,Sedan,Hybrid,1.8,80779.0,4.0,Automatic,FWD,White
10976,Toyota,Prius,2006.0,Hatchback,Hybrid,1.5,83886.0,4.0,Automatic,FWD,Silver
25274,Toyota,Aqua,2012.0,Hatchback,Hybrid,1.5,36786.0,4.0,Automatic,FWD,White
33575,Hyundai,Tucson,2016.0,SUV,Diesel,2.0,72993.0,4.0,Automatic,FWD,Silver
14426,Volkswagen,Passat,2014.0,Sedan,Petrol,1.8,41632.0,4.0,Automatic,FWD,Black
10976,Toyota,Prius,2008.0,Sedan,Hybrid,1.5,114333.0,4.0,Automatic,FWD,White
49723,Hyundai,Santa Fe,2016.0,SUV,Diesel,2.0,88258.0,4.0,Automatic,FWD,Black
19444,Ford,Escape,2010.0,SUV,Hybrid,2.5,52817.0,4.0,Automatic,AWD,Black
12100,Toyota,Camry,2012.0,Sedan,Hybrid,2.5,111039.0,4.0,Automatic,FWD,White
4077,Hyundai,Elantra,2015.0,Sedan,Petrol,1.8,71773.0,4.0,Automatic,FWD,Black
12544,Toyota,Camry,2014.0,Sedan,Petrol,2.5,66487.0,4.0,Automatic,FWD,Gray
7056,Hyundai,Sonata,2011.0,Sedan,Petrol,2.0,51157.0,4.0,Automatic,FWD,Silver
58018,Toyota,RAV4,2016.0,SUV,Hybrid,2.5,32933.0,4.0,Automatic,AWD,Blue
21326,Toyota,Prius,2013.0,Sedan,Hybrid,1.8,105634.0,4.0,Automatic,FWD,White
11760,Hyundai,H1,2009.0,Van,Diesel,2.5,35140.0,4.0,Automatic,FWD,Gold
11290,Toyota,Prius,2007.0,Sedan,Hybrid,1.5,74565.0,4.0,Automatic,FWD,Gray
26657,Toyota,Camry,2014.0,Sedan,Hybrid,2.5,16715.0,4.0,Automatic,FWD,Blue
1019,Mercedes-Benz,GLA,2015.0,SUV,Petrol,2.0,23480.0,4.0,Automatic,AWD,White
20385,Toyota,Prius,2015.0,Hatchback,Hybrid,1.8,115576.0,6.0,Automatic,FWD,White
66197,Hyundai,H1,2018.0,Wagon,Petrol,2.5,13006.0,4.0,Automatic,FWD,Gold
15060,Hyundai,Sonata,2015.0,Sedan,Petrol,2.0,90562.0,4.0,Automatic,FWD,Red
2509,Mercedes-Benz,GLA,2017.0,SUV,Petrol,2.0,27637.0,4.0,Automatic,FWD,Blue
11133,Toyota,Camry,2014.0,Sedan,Hybrid,2.5,111463.0,4.0,Automatic,FWD,Black
15210,Toyota,Prius,2018.0,Sedan,Hybrid,1.8,7715.0,4.0,Automatic,FWD,White
43655,Hyundai,H1,2016.0,Wagon,Diesel,2.5,90491.0,4.0,Automatic,FWD,Black
5018,Toyota,Camry,2013.0,Sedan,Hybrid,2.5,118402.0,4.0,Automatic,FWD,Black
17245,Toyota,Prius C,2012.0,Hatchback,Hybrid,1.5,46603.0,4.0,Automatic,FWD,Red
14113,Toyota,Prius C,2013.0,Hatchback,Hybrid,1.5,83886.0,4.0,Automatic,FWD,White
17562,Volkswagen,Jetta,2019.0,Sedan,Petrol,2.0,4080.0,4.0,Automatic,FWD,Silver
10663,Toyota,Aqua,2012.0,Hatchback,Hybrid,1.5,622.0,4.0,Automatic,FWD,White
1646,Ford,Fusion,2013.0,Sedan,Hybrid,2.0,108504.0,4.0,Automatic,FWD,Gray
13626,Hyundai,Sonata,2010.0,Sedan,Petrol,2.0,120227.0,4.0,Automatic,FWD,Silver
15367,Hyundai,Elantra,2014.0,Sedan,Petrol,1.8,48605.0,4.0,Automatic,FWD,Beige
22580,Subaru,Forester,2016.0,SUV,Petrol,2.5,32933.0,4.0,Automatic,AWD,Black
23521,Ford,Fusion,2014.0,Sedan,Hybrid,2.0,75808.0,4.0,Automatic,FWD,Blue
24302,Chevrolet,Malibu,2012.0,Sedan,Petrol,2.0,56952.0,4.0,Automatic,FWD,Red
15053,Kia,Optima,2016.0,Sedan,Petrol,2.0,40445.0,4.0,Automatic,FWD,Silver
56136,Mercedes-Benz,E-Class,2017.0,Sedan,Petrol,2.0,31667.0,4.0,Automatic,RWD,Black
47531,Honda,Civic,2017.0,Sedan,Petrol,2.0,30007.0,4.0,Automatic,FWD,Gray
43548,Hyundai,Santa Fe,2016.0,SUV,Diesel,2.0,84050.0,4.0,Automatic,FWD,Black
16621,Toyota,Prius C,2014.0,Hatchback,Hybrid,1.5,59652.0,4.0,Automatic,FWD,Silver
18726,Toyota,Aqua,2012.0,Hatchback,Petrol,1.5,63256.0,4.0,Automatic,FWD,Gold
10976,BMW,3 Series,2005.0,Coupe,Petrol,1.8,34176.0,4.0,Manual,RWD,Red
16443,Hyundai,Sonata,2013.0,Sedan,Petrol,2.0,100663.0,4.0,Automatic,FWD,Gray
11604,Subaru,Forester,2004.0,Sedan,Petrol,2.0,85750.0,4.0,Automatic,AWD,Silver
7995,Nissan,Tiida,2004.0,Hatchback,Petrol,1.5,106255.0,4.0,Automatic,FWD,Blue
8467,Nissan,Tiida,2004.0,Hatchback,Petrol,1.5,85750.0,4.0,Automatic,FWD,Black
15035,Hyundai,Sonata,2011.0,Sedan,Petrol,2.0,85819.0,4.0,Automatic,FWD,Black
17249,Subaru,XV,2013.0,SUV,Petrol,2.0,69594.0,4.0,Automatic,AWD,Silver
45138,Hyundai,Santa Fe,2016.0,SUV,Diesel,2.0,87386.0,4.0,Automatic,FWD,Blue
43545,Hyundai,Sonata,2016.0,Sedan,Petrol,2.0,48589.0,4.0,Automatic,FWD,Black
17249,Honda,Fit,2012.0,Hatchback,Hybrid,1.5,99420.0,4.0,Automatic,FWD,White
16621,Toyota,Prius,2011.0,Hatchback,Hybrid,1.8,63380.0,4.0,Automatic,FWD,Gray
23521,Toyota,Camry,2013.0,Sedan,Hybrid,2.5,10539.0,4.0,Automatic,FWD,Gold
17562,Toyota,Prius,2015.0,Sedan,Petrol,1.8,82021.0,4.0,Automatic,FWD,White
29163,Hyundai,H1,2012.0,Van,Diesel,2.5,39338.0,4.0,Automatic,FWD,Silver
15577,Chevrolet,Cruze,2014.0,Sedan,Diesel,2.0,47965.0,4.0,Automatic,FWD,Silver
18189,Ford,Escape,2008.0,SUV,Hybrid,2.5,108740.0,4.0,Automatic,AWD,Green
4547,Toyota,Prius C,2014.0,Hatchback,Hybrid,1.5,122286.0,4.0,Automatic,FWD,Silver
16621,Kia,Optima,2014.0,Sedan,Petrol,2.0,23802.0,4.0,Automatic,FWD,White
23207,Toyota,Prius,2013.0,Sedan,Hybrid,1.8,43523.0,4.0,Automatic,FWD,Gray
25089,Toyota,Camry,2012.0,Sedan,Hybrid,2.5,78093.0,4.0,Automatic,FWD,White
18503,Toyota,Prius C,2012.0,Hatchback,Hybrid,1.5,57013.0,4.0,Automatic,FWD,White
47810,Hyundai,Tucson,2016.0,SUV,Diesel,2.0,35419.0,4.0,Automatic,FWD,White
12544,Ford,Focus,2012.0,Sedan,Petrol,2.0,86162.0,4.0,Automatic,FWD,Blue
16621,Toyota,Prius C,2014.0,Hatchback,Hybrid,1.5,70215.0,4.0,Automatic,FWD,White
16481,Toyota,Prius,2011.0,Hatchback,Hybrid,1.8,75186.0,4.0,Automatic,FWD,Silver
18422,Toyota,Aqua,2012.0,Sedan,Petrol,2.0,48592.0,4.0,Automatic,FWD,Blue
706,Toyota,Prius,2010.0,Hatchback,Hybrid,1.8,45610.0,4.0,Automatic,FWD,White
23521,Toyota,Prius,2014.0,Hatchback,Hybrid,1.8,94449.0,4.0,Automatic,FWD,Silver
24239,Toyota,Aqua,2013.0,Hatchback,Petrol,1.5,42875.0,4.0,Automatic,FWD,White
10976,Ford,Transit,1999.0,Van,Diesel,2.5,85128.0,4.0,Manual,RWD,Blue
19296,Hyundai,H1,2011.0,Pickup,Diesel,2.5,38404.0,4.0,Automatic,FWD,White
14113,Hyundai,Sonata,2017.0,Sedan,Petrol,2.0,19352.0,4.0,Automatic,FWD,White
16621,Volkswagen,Passat,2013.0,Sedan,Petrol,2.5,95070.0,5.0,Automatic,FWD,Silver
5645,Chevrolet,Captiva,2007.0,SUV,Diesel,2.0,30176.0,4.0,Automatic,FWD,White
46251,Hyundai,H1,2017.0,Wagon,Diesel,2.5,51660.0,4.0,Automatic,FWD,Gray
18503,Subaru,Forester,2014.0,SUV,Petrol,2.5,86992.0,4.0,Automatic,AWD,Black
31317,Hyundai,H1,2014.0,Van,Diesel,2.5,86575.0,4.0,Automatic,FWD,Silver
7200,Nissan,GL,2001.0,Sedan,Petrol,2.5,62138.0,6.0,Automatic,RWD,Silver
15367,Hyundai,H1,2010.0,Van,Diesel,2.5,30535.0,4.0,Automatic,FWD,Black
38894,Hyundai,Santa Fe,2013.0,SUV,Diesel,2.0,103444.0,4.0,Automatic,FWD,Gray
10976,Toyota,Prius,2008.0,Hatchback,Hybrid,1.5,62706.0,4.0,Automatic,FWD,Blue
21953,Toyota,Camry,2012.0,Sedan,Petrol,2.5,7643.0,4.0,Automatic,FWD,Black
23521,Subaru,other,2015.0,SUV,Petrol,2.0,71458.0,6.0,Automatic,FWD,Green
29793,Toyota,C-HR,2019.0,SUV,Petrol,2.0,2691.0,4.0,Automatic,FWD,White
7213,Volkswagen,Golf,2002.0,Hatchback,Petrol,2.0,118061.0,4.0,Manual,FWD,Silver
26999,Hyundai,Santa Fe,2011.0,SUV,Diesel,2.0,102310.0,4.0,Automatic,FWD,White
4547,Hyundai,Elantra,2017.0,Sedan,Petrol,2.0,72063.0,4.0,Automatic,FWD,White
2901,Chevrolet,Cruze,2012.0,Sedan,Petrol,1.8,112810.0,4.0,Automatic,FWD,Blue
18422,Toyota,Aqua,2012.0,Hatchback,Petrol,1.5,64002.0,4.0,Automatic,FWD,Gold
26030,Chevrolet,Volt,2017.0,Hatchback,Hybrid,1.5,32350.0,4.0,Automatic,FWD,Blue
40769,Toyota,Camry,2018.0,Sedan,Petrol,2.5,26719.0,4.0,Automatic,FWD,Blue
24462,Toyota,C-HR,2019.0,SUV,Petrol,2.0,6593.0,4.0,Automatic,FWD,Silver
10976,Toyota,Aqua,2012.0,Hatchback,Hybrid,1.5,41632.0,4.0,Automatic,FWD,Silver
6909,Chevrolet,Cruze,2009.0,Sedan,Petrol,1.8,74244.0,4.0,Automatic,FWD,Black
15530,Toyota,Aqua,2013.0,Hatchback,Petrol,1.5,111226.0,4.0,Automatic,FWD,White
40556,Hyundai,Tucson,2017.0,SUV,Diesel,2.0,29882.0,4.0,Automatic,FWD,White
6586,Honda,CR-V,1998.0,SUV,Petrol,2.0,62138.0,4.0,Automatic,AWD,Silver
16778,Chevrolet,Orlando,2015.0,SUV,Petrol,2.0,21331.0,4.0,Automatic,FWD,Gray
26657,Mazda,CX-5,2014.0,SUV,Petrol,2.5,63029.0,4.0,Automatic,FWD,Black
22357,Chevrolet,Orlando,2013.0,SUV,Diesel,2.0,75212.0,4.0,Automatic,FWD,White
1568,Ford,Fusion,2018.0,Sedan,Hybrid,2.0,58069.0,4.0,Automatic,FWD,Gray
20385,Volkswagen,Jetta,2014.0,Sedan,Petrol,1.8,43496.0,4.0,Automatic,FWD,Black
45872,Honda,Civic,2017.0,Coupe,Petrol,2.0,35975.0,4.0,Automatic,FWD,Silver
941,Volkswagen,Jetta,2011.0,Sedan,Diesel,2.5,108982.0,5.0,Automatic,FWD,Gray
39201,Subaru,Impreza,2013.0,Sedan,Petrol,2.5,71054.0,4.0,Automatic,AWD,Black
47107,Hyundai,Sonata,2015.0,Sedan,Petrol,2.0,36661.0,4.0,Automatic,FWD,White
3607,Toyota,Camry,2012.0,Sedan,Hybrid,2.5,97256.0,4.0,Automatic,FWD,White
706,Toyota,Prius,2010.0,Hatchback,Hybrid,1.8,45610.0,4.0,Automatic,FWD,White
11604,Ford,Fusion,2014.0,Sedan,Petrol,2.5,109362.0,4.0,Automatic,FWD,White
18817,Honda,Civic,2012.0,Sedan,Hybrid,1.5,111847.0,4.0,Automatic,FWD,Blue
9565,Volkswagen,Tiguan,2018.0,Sedan,Petrol,2.0,43557.0,4.0,Automatic,FWD,Black
706,Subaru,XV,2014.0,SUV,Petrol,2.0,40342.0,4.0,Automatic,AWD,Orange
3293,Toyota,Prius,2010.0,Hatchback,Hybrid,1.8,99036.0,4.0,Automatic,FWD,White
56177,Honda,Civic,2016.0,Coupe,Petrol,1.5,31378.0,4.0,Automatic,FWD,Black
12231,Nissan,X-Trail,2006.0,SUV,Petrol,2.0,99420.0,4.0,Automatic,AWD,Black
22580,Mercedes-Benz,E-Class,2017.0,Sedan,Petrol,2.0,31647.0,4.0,Automatic,RWD,Black
1568,Audi,other,2012.0,SUV,Diesel,2.0,104017.0,4.0,Automatic,FWD,White
5959,Ford,Fusion,2015.0,Sedan,Petrol,2.5,93263.0,4.0,Automatic,FWD,Silver
23239,Hyundai,Tucson,2010.0,SUV,Diesel,2.0,77230.0,4.0,Automatic,FWD,Gray
4861,Mitsubishi,Airtrek,2002.0,SUV,Petrol,2.0,111847.0,4.0,Automatic,AWD,Silver
9565,Lexus,CT 200h,2016.0,Hatchback,Hybrid,1.8,44680.0,4.0,Automatic,FWD,White
24775,Lexus,CT 200h,2011.0,Hatchback,Hybrid,1.8,49710.0,6.0,Automatic,FWD,Gray
6429,Hyundai,Elantra,2013.0,Sedan,Petrol,1.8,87988.0,4.0,Automatic,FWD,Blue
3136,Toyota,Camry,2012.0,Sedan,Hybrid,2.5,99034.0,4.0,Automatic,FWD,White
24462,Toyota,Prius,2013.0,Wagon,Hybrid,1.8,78293.0,4.0,Automatic,FWD,White
12544,Mitsubishi,Pajero iO,2003.0,SUV,Petrol,2.0,111847.0,4.0,Automatic,AWD,Silver
28592,Toyota,Aqua,2013.0,Hatchback,Petrol,1.5,23550.0,4.0,Automatic,FWD,Blue
24920,Hyundai,Santa Fe,2011.0,SUV,Diesel,2.0,72787.0,4.0,Automatic,FWD,Gray
8154,Nissan,Tiida,2004.0,Hatchback,Petrol,1.5,69042.0,4.0,Automatic,FWD,White
13642,Toyota,Aqua,2012.0,Hatchback,Hybrid,1.5,99420.0,4.0,Automatic,FWD,Red
16621,Kia,Optima,2014.0,Sedan,Petrol,2.0,20004.0,4.0,Automatic,FWD,Black
26030,Ford,Fusion,2013.0,Sedan,Hybrid,2.0,99420.0,4.0,Automatic,FWD,Red
12858,Toyota,Prius,2007.0,Hatchback,Hybrid,1.5,76429.0,4.0,Automatic,FWD,Black
12231,Toyota,Prius,2009.0,Sedan,Hybrid,1.5,79101.0,4.0,Automatic,FWD,Silver
20385,Ford,Fusion,2015.0,Sedan,Hybrid,2.0,73322.0,4.0,Automatic,FWD,Gray
29762,Honda,Civic,2013.0,Sedan,Petrol,1.8,96602.0,4.0,Automatic,FWD,Gray
31988,Toyota,Camry,2013.0,Sedan,Hybrid,2.5,39094.0,4.0,Automatic,FWD,White
17023,Honda,Fit,2014.0,Hatchback,Petrol,1.5,32529.0,4.0,Automatic,FWD,Silver
36231,Hyundai,Santa Fe,2012.0,SUV,Diesel,2.0,42477.0,4.0,Automatic,FWD,Silver
36539,Toyota,Aqua,2014.0,Hatchback,Hybrid,1.5,5373.0,4.0,Automatic,FWD,White
12758,Honda,Fit,2015.0,Hatchback,Hybrid,1.5,100298.0,4.0,Automatic,FWD,Silver
15060,Hyundai,Sonata,2015.0,Sedan,Petrol,2.0,89181.0,4.0,Automatic,FWD,Silver
2038,Toyota,Prius,2015.0,SUV,Hybrid,1.8,65117.0,4.0,Automatic,FWD,White
9408,Toyota,Aqua,2012.0,Hatchback,Hybrid,1.5,90099.0,4.0,Automatic,FWD,Gray
42218,Hyundai,Tucson,2014.0,SUV,Diesel,2.0,40926.0,4.0,Automatic,FWD,White
21639,Toyota,Camry,2015.0,Sedan,Petrol,2.5,110605.0,4.0,Automatic,FWD,Black
15681,Volkswagen,Passat,2013.0,Sedan,Petrol,2.5,96934.0,4.0,Automatic,FWD,Gray
59837,Hyundai,Santa Fe,2018.0,SUV,Diesel,2.0,25960.0,4.0,Automatic,FWD,Blue
3450,Toyota,Camry,2019.0,Sedan,Hybrid,2.5,5982.0,4.0,Automatic,FWD,Black
35557,Hyundai,Tucson,2016.0,SUV,Diesel,2.0,116365.0,4.0,Automatic,FWD,Silver
5175,Volkswagen,Golf,1997.0,Hatchback,Petrol,2.0,111852.0,4.0,Manual,FWD,Black
8467,Mitsubishi,Pajero iO,1999.0,SUV,Petrol,1.8,96313.0,4.0,Automatic,AWD,White
41629,Hyundai,H1,2017.0,Wagon,Diesel,2.5,80680.0,4.0,Automatic,FWD,Black
15681,Toyota,Prius,2014.0,Sedan,Hybrid,1.8,55924.0,4.0,Automatic,FWD,Blue
8000,Nissan,Tiida,2008.0,Hatchback,Petrol,1.5,870.0,4.0,Automatic,FWD,Silver
31988,Toyota,Camry,2013.0,Sedan,Hybrid,2.5,38526.0,4.0,Automatic,FWD,White
13485,Hyundai,Elantra,2011.0,Sedan,Petrol,1.8,94755.0,4.0,Automatic,FWD,Blue
12074,Toyota,Prius,2008.0,Hatchback,Hybrid,1.5,106938.0,4.0,Automatic,FWD,Brown
26657,Toyota,Camry,2016.0,Sedan,Petrol,2.5,32535.0,4.0,Automatic,FWD,Red
37000,Hyundai,H1,2014.0,Van,Diesel,2.5,75065.0,4.0,Automatic,FWD,Silver
5000,Nissan,Skyline,2003.0,Sedan,Petrol,2.5,72701.0,6.0,Automatic,RWD,Silver
21953,Toyota,RAV4,2014.0,SUV,Petrol,2.5,95264.0,4.0,Automatic,FWD,Black
18189,Toyota,Prius C,2014.0,Sedan,Hybrid,1.8,69594.0,4.0,Automatic,FWD,Orange
7840,Nissan,Tiida,2005.0,Hatchback,Petrol,1.5,82021.0,4.0,Automatic,FWD,Silver
16621,Hyundai,Elantra,2017.0,Sedan,Petrol,2.0,13671.0,4.0,Automatic,FWD,Gray
13172,Toyota,Aqua,2012.0,Hatchback,Hybrid,1.5,95692.0,4.0,Automatic,FWD,White
7213,Chevrolet,Captiva,2007.0,SUV,Diesel,2.0,35000.0,4.0,Automatic,FWD,White
15035,Hyundai,Sonata,2010.0,Sedan,Petrol,2.0,58325.0,4.0,Automatic,FWD,Gold
3763,Toyota,Camry,2013.0,Sedan,Hybrid,2.5,77617.0,4.0,Automatic,FWD,White
19613,Hyundai,Genesis,2010.0,Coupe,Petrol,2.0,64637.0,4.0,Automatic,FWD,White
18033,Toyota,Prius,2014.0,Sedan,Petrol,1.8,116321.0,4.0,Automatic,FWD,Blue
11917,Honda,Fit,2010.0,Hatchback,Petrol,1.5,80157.0,4.0,Automatic,FWD,Blue
31211,Honda,Fit,2018.0,Wagon,Hybrid,1.5,35921.0,4.0,Automatic,FWD,Black
9095,Toyota,Prius,2008.0,Hatchback,Hybrid,1.5,93206.0,4.0,Automatic,FWD,Green
9879,Volkswagen,Passat,2012.0,Sedan,Petrol,2.5,68973.0,4.0,Automatic,FWD,Gray
3607,Toyota,Camry,2012.0,Sedan,Hybrid,2.5,97256.0,4.0,Automatic,FWD,White
49751,Hyundai,Sonata,2018.0,Sedan,Petrol,2.0,47927.0,4.0,Automatic,FWD,Blue
13172,Toyota,Prius,2007.0,Sedan,Hybrid,1.5,89478.0,4.0,Automatic,FWD,Gray
27598,Hyundai,Tucson,2017.0,SUV,Petrol,2.0,37720.0,4.0,Automatic,FWD,Black
9408,Toyota,Prius,2018.0,Sedan,Hybrid,1.8,27412.0,4.0,Automatic,FWD,Silver
11290,Hyundai,Genesis,2009.0,Coupe,Petrol,2.0,113849.0,4.0,Automatic,FWD,White
9095,Chevrolet,Cruze,2011.0,Sedan,Petrol,1.8,48409.0,4.0,Automatic,FWD,Black
17249,Hyundai,Elantra,2014.0,Sedan,Petrol,1.8,61143.0,4.0,Automatic,FWD,Gray
40769,Toyota,Camry,2015.0,Sedan,Hybrid,2.5,83264.0,6.0,Automatic,RWD,Black
9198,Toyota,Aqua,2015.0,Hatchback,Hybrid,1.5,89401.0,4.0,Automatic,FWD,White
3293,Toyota,Prius,2010.0,Hatchback,Hybrid,1.8,78953.0,4.0,Automatic,FWD,Gray
24148,Toyota,RAV4,2013.0,SUV,Petrol,2.5,32312.0,4.0,Automatic,AWD,Black
19287,Kia,Optima,2016.0,Sedan,Petrol,2.0,16985.0,4.0,Automatic,FWD,Silver
41720,Hyundai,Santa Fe,2016.0,SUV,Diesel,2.0,80398.0,4.0,Automatic,FWD,Gray
23687,Hyundai,Tucson,2014.0,SUV,Diesel,2.0,37768.0,4.0,Automatic,FWD,White
15367,Toyota,Prius C,2012.0,Hatchback,Hybrid,1.5,101905.0,4.0,Automatic,FWD,White
34240,Hyundai,Tucson,2014.0,SUV,Diesel,2.0,74193.0,4.0,Automatic,FWD,White
20385,Toyota,Prius,2013.0,Sedan,Hybrid,1.8,93455.0,4.0,Automatic,FWD,Silver
37125,Hyundai,H1,2017.0,Wagon,Diesel,2.5,104792.0,4.0,Automatic,FWD,Silver
13485,Ford,Focus,2014.0,Sedan,Petrol,2.0,26719.0,4.0,Automatic,FWD,Black
30966,Honda,Civic,2014.0,Sedan,Petrol,1.8,47839.0,4.0,Automatic,FWD,White
49751,Hyundai,Sonata,2016.0,Sedan,Petrol,2.0,65866.0,4.0,Automatic,FWD,Black
13172,Toyota,Aqua,2013.0,Hatchback,Hybrid,1.5,114954.0,4.0,Automatic,FWD,White
627,Hyundai,Elantra,2011.0,SUV,Petrol,1.8,107188.0,4.0,Automatic,FWD,Black
11290,Hyundai,Genesis,2009.0,Coupe,Petrol,2.0,86649.0,4.0,Automatic,FWD,Silver
12432,Chevrolet,Cruze,2013.0,Sedan,Petrol,1.8,71045.0,4.0,Automatic,FWD,Silver
10976,Nissan,Tiida,2009.0,Hatchback,Petrol,1.5,65866.0,4.0,Automatic,FWD,White
25889,Hyundai,Tucson,2010.0,SUV,Diesel,2.0,58491.0,4.0,Automatic,FWD,Blue
3136,Toyota,Camry,2014.0,Sedan,Petrol,2.5,34680.0,4.0,Automatic,FWD,Black
10945,Hyundai,H1,2009.0,Van,Diesel,2.5,53238.0,4.0,Automatic,FWD,Silver
25089,Volkswagen,Tiguan,2012.0,SUV,Petrol,2.0,60895.0,4.0,Automatic,AWD,White
14113,Chevrolet,Orlando,2017.0,SUV,Petrol,2.0,17394.0,4.0,Automatic,FWD,Silver
6583,Chevrolet,Captiva,2009.0,SUV,Diesel,2.0,31989.0,4.0,Automatic,FWD,Black
10976,Toyota,Prius,2006.0,Hatchback,Hybrid,1.5,104391.0,4.0,Automatic,FWD,Red
627,Volkswagen,Jetta,2013.0,Sedan,Diesel,2.0,88555.0,4.0,Automatic,FWD,White
15681,Hyundai,Elantra,2013.0,Sedan,Petrol,1.8,81797.0,4.0,Automatic,FWD,Gold
15681,Hyundai,Sonata,2013.0,Sedan,Petrol,2.0,70215.0,4.0,Automatic,FWD,Silver
21482,Toyota,Prius,2013.0,Sedan,Hybrid,1.8,76429.0,4.0,Automatic,FWD,Black
16621,Toyota,Prius,2010.0,Hatchback,Hybrid,1.8,74565.0,4.0,Automatic,FWD,Silver
10349,Toyota,Aqua,2013.0,Hatchback,Hybrid,1.5,47846.0,4.0,Automatic,FWD,Black
21326,Toyota,Camry,2012.0,Sedan,Petrol,2.5,7643.0,4.0,Automatic,FWD,Black
5018,Chevrolet,Captiva,2007.0,SUV,Diesel,2.0,33957.0,4.0,Automatic,FWD,White
17634,Hyundai,Tucson,2010.0,SUV,Diesel,2.0,93082.0,4.0,Automatic,FWD,Blue
627,Mazda,CX-9,2019.0,SUV,Petrol,2.5,8815.0,4.0,Automatic,FWD,White
15706,Audi,A4,2014.0,Sedan,Petrol,2.0,100682.0,4.0,Automatic,FWD,Black
14990,Lexus,CT 200h,2012.0,Hatchback,Hybrid,1.8,108185.0,4.0,Automatic,FWD,White
20385,Toyota,Camry,2012.0,Sedan,Petrol,2.5,6214.0,6.0,Automatic,FWD,White
38445,Hyundai,Santa Fe,2016.0,SUV,Diesel,2.0,111847.0,4.0,Automatic,FWD,Silver
45044,Chevrolet,Captiva,2016.0,SUV,Diesel,2.0,39031.0,4.0,Automatic,FWD,Gray
24775,Honda,Fit,2017.0,Hatchback,Petrol,1.5,15535.0,4.0,Automatic,FWD,Purple
46919,Hyundai,H1,2018.0,Wagon,Diesel,2.5,44546.0,4.0,Automatic,FWD,Gray
33556,Toyota,Camry,2015.0,Sedan,Hybrid,2.5,76552.0,4.0,Automatic,FWD,Blue
18503,Hyundai,Elantra,2014.0,Sedan,Petrol,1.8,119304.0,4.0,Automatic,FWD,Gray
42692,Hyundai,Santa Fe,2013.0,SUV,Diesel,2.0,80891.0,4.0,Automatic,FWD,Silver
44849,Honda,Civic,2015.0,Coupe,Petrol,1.8,39070.0,4.0,Automatic,FWD,Red
41055,Chevrolet,Captiva,2016.0,SUV,Diesel,2.0,44069.0,4.0,Automatic,FWD,White
1019,Toyota,Prius,2013.0,Hatchback,Hybrid,1.8,108077.0,4.0,Automatic,FWD,Silver
8154,Nissan,Versa,2010.0,Hatchback,Petrol,1.8,622.0,4.0,Automatic,FWD,Gray
25873,Hyundai,Santa Fe,2013.0,SUV,Diesel,2.0,25603.0,4.0,Automatic,FWD,Silver
17249,Toyota,Prius,2009.0,Hatchback,Hybrid,1.8,115327.0,4.0,Automatic,FWD,Gold
22567,Chevrolet,Malibu,2012.0,Sedan,Petrol,2.0,37332.0,4.0,Automatic,FWD,Black
10349,Toyota,C-HR,2018.0,SUV,Petrol,2.0,24055.0,4.0,Automatic,FWD,White
20385,Toyota,Prius,2012.0,Sedan,Hybrid,1.8,111847.0,4.0,Automatic,FWD,Gray
3450,Toyota,Camry,2019.0,Sedan,Hybrid,2.5,5982.0,4.0,Automatic,FWD,Black
45204,Hyundai,Elantra,2017.0,Sedan,Petrol,2.0,19277.0,4.0,Automatic,FWD,Gray
59827,Honda,Civic,2019.0,Sedan,Petrol,2.0,5043.0,4.0,Automatic,FWD,Silver
18826,Lexus,CT 200h,2012.0,Hatchback,Hybrid,2.0,114333.0,4.0,Automatic,FWD,Black
6115,Lexus,ES 300,2013.0,Sedan,Hybrid,2.5,94697.0,4.0,Automatic,FWD,Silver
19444,Toyota,Camry,2010.0,Sedan,Petrol,2.5,52817.0,6.0,Automatic,FWD,Gray
11706,Lexus,CT 200h,2011.0,Hatchback,Hybrid,1.8,72620.0,4.0,Automatic,FWD,Black
18481,Hyundai,Tucson,2011.0,SUV,Diesel,2.0,74064.0,4.0,Automatic,FWD,Gray
17249,Toyota,Prius C,2014.0,Hatchback,Hybrid,1.5,39768.0,4.0,Automatic,FWD,White
18817,Toyota,Prius,2014.0,Hatchback,Hybrid,1.8,86949.0,4.0,Automatic,FWD,White
9377,Chevrolet,Captiva,2008.0,SUV,Diesel,2.0,38051.0,4.0,Automatic,FWD,Black
7840,Toyota,Prius,2002.0,Sedan,Hybrid,1.5,114333.0,4.0,Automatic,FWD,White
20385,Hyundai,Elantra,2013.0,Sedan,Petrol,1.8,69594.0,4.0,Automatic,FWD,Gray
7683,Hyundai,Sonata,2011.0,Sedan,Petrol,2.0,51145.0,4.0,Automatic,FWD,White
27356,Hyundai,Tucson,2012.0,SUV,Diesel,2.0,92924.0,4.0,Automatic,FWD,White
784,Ford,Escape,2012.0,SUV,Hybrid,2.5,59248.0,4.0,Automatic,FWD,Blue
35570,Hyundai,H1,2016.0,Van,Diesel,2.5,47987.0,4.0,Automatic,FWD,Gray
16778,Hyundai,H1,2011.0,Van,Diesel,2.5,28574.0,4.0,Automatic,FWD,White
14269,Toyota,Camry,2017.0,Sedan,Petrol,2.5,17125.0,4.0,Automatic,FWD,Gray
7527,Toyota,Vitz,2001.0,Hatchback,Petrol,1.5,96313.0,4.0,Automatic,FWD,Beige
22567,Chevrolet,Malibu,2014.0,Sedan,Diesel,2.0,99069.0,4.0,Automatic,FWD,Black
17405,Hyundai,Elantra,2016.0,Sedan,Petrol,2.0,50519.0,4.0,Automatic,FWD,Red
7840,Nissan,Note,2005.0,Hatchback,Petrol,1.5,67109.0,4.0,Automatic,FWD,Silver
15681,Ford,Escape,2009.0,SUV,Hybrid,2.5,61516.0,4.0,Automatic,FWD,White
3450,other,other,2019.0,Sedan,Petrol,1.5,5855.0,4.0,Automatic,FWD,Blue
19130,Toyota,Camry,2013.0,Sedan,Petrol,2.5,4909.0,4.0,Automatic,FWD,Black
39201,Hyundai,H1,2016.0,Wagon,Diesel,2.5,113600.0,4.0,Automatic,FWD,Silver
10349,Toyota,Aqua,2013.0,Hatchback,Hybrid,1.5,80157.0,4.0,Automatic,FWD,Silver
20228,Chevrolet,Orlando,2016.0,SUV,Petrol,2.0,18753.0,4.0,Automatic,FWD,White
19757,Toyota,Prius,2012.0,Sedan,Hybrid,1.8,114333.0,4.0,Automatic,FWD,Gray
9722,Chevrolet,Captiva,2009.0,SUV,Diesel,2.0,39699.0,4.0,Automatic,FWD,White
10663,Subaru,Forester,2015.0,SUV,Petrol,2.5,50368.0,4.0,Automatic,AWD,Silver
29793,Ford,Fusion,2014.0,Sedan,Hybrid,2.0,86992.0,4.0,Automatic,FWD,Black
23521,Toyota,Camry,2012.0,Sedan,Hybrid,2.5,85852.0,4.0,Automatic,FWD,Red
23521,Mercedes-Benz,C-Class,2013.0,Sedan,Petrol,1.8,75629.0,4.0,Automatic,RWD,White
5645,Kia,Sportage,2007.0,SUV,Petrol,2.0,31854.0,4.0,Automatic,FWD,Silver
24148,Toyota,Prius,2014.0,Hatchback,Hybrid,1.8,86495.0,4.0,Automatic,FWD,Silver
39559,Hyundai,Santa Fe,2015.0,SUV,Diesel,2.0,80779.0,4.0,Automatic,FWD,Silver
37633,Mercedes-Benz,GLA,2015.0,SUV,Petrol,2.0,29826.0,4.0,Automatic,AWD,Black
49858,Hyundai,Santa Fe,2014.0,SUV,Diesel,2.0,49567.0,4.0,Automatic,FWD,Gray
19757,Toyota,Prius,2015.0,Sedan,Hybrid,1.8,62138.0,4.0,Automatic,FWD,Blue
19823,Toyota,Aqua,2015.0,Hatchback,Petrol,1.5,41632.0,4.0,Automatic,FWD,Black
54405,Chevrolet,Impala,2016.0,Sedan,Petrol,2.5,30893.0,4.0,Automatic,FWD,Black
21953,Lexus,CT 200h,2011.0,Hatchback,Hybrid,1.8,118061.0,4.0,Automatic,FWD,Gold
706,Dodge,Caliber,2011.0,Hatchback,Petrol,2.0,119933.0,4.0,Automatic,FWD,White
20500,Ford,Fusion,2013.0,Sedan,Hybrid,2.0,81455.0,4.0,Automatic,FWD,White
19500,Toyota,Prius,2012.0,Sedan,Petrol,1.8,24234.0,4.0,Automatic,FWD,Gray
12544,Ford,Focus,2014.0,Sedan,Petrol,2.0,54060.0,4.0,Automatic,FWD,Gold
3136,Toyota,Camry,2012.0,Sedan,Hybrid,2.5,99034.0,4.0,Automatic,FWD,White
34240,Chevrolet,Captiva,2016.0,SUV,Diesel,2.0,92809.0,4.0,Automatic,FWD,Silver
10000,Nissan,Skyline,2007.0,Sedan,Petrol,2.5,746.0,6.0,Automatic,AWD,Silver
17562,Toyota,Prius C,2012.0,Hatchback,Petrol,1.5,55737.0,4.0,Automatic,FWD,Blue
7213,Kia,Sportage,2007.0,SUV,Diesel,2.0,58141.0,4.0,Automatic,FWD,Black
5802,Chevrolet,Cruze,2009.0,Sedan,Petrol,1.8,96954.0,4.0,Automatic,FWD,Black
20814,Chevrolet,Orlando,2015.0,SUV,Petrol,2.0,123554.0,4.0,Automatic,FWD,White
627,Volkswagen,Jetta,2013.0,Sedan,Diesel,2.0,88555.0,4.0,Automatic,FWD,White
9700,BMW,5 Series,1999.0,Sedan,Petrol,2.5,90721.0,6.0,Automatic,RWD,Silver
32929,Toyota,Camry,2016.0,Sedan,Petrol,2.5,26185.0,4.0,Automatic,FWD,White
14113,Toyota,Prius,2005.0,Sedan,Hybrid,1.5,69042.0,4.0,Automatic,FWD,Silver
3607,Ford,Escape,2011.0,SUV,Hybrid,2.5,104991.0,4.0,Automatic,AWD,White
38574,Ford,Fusion,2016.0,Sedan,Hybrid,2.0,36786.0,4.0,Automatic,FWD,White
27598,Mitsubishi,Outlander,2015.0,SUV,Petrol,2.0,40419.0,4.0,Automatic,AWD,White
17249,Toyota,Camry,2010.0,Sedan,Petrol,2.5,98798.0,4.0,Automatic,FWD,Silver
30367,Hyundai,Santa Fe,2014.0,SUV,Diesel,2.0,28149.0,4.0,Automatic,FWD,Blue
21297,Hyundai,H1,2011.0,Van,Diesel,2.5,45118.0,4.0,Automatic,FWD,Silver
39593,Hyundai,H1,2016.0,Van,Diesel,2.5,79334.0,4.0,Automatic,FWD,Silver
68144,Honda,Civic,2018.0,Sedan,Petrol,1.5,26631.0,4.0,Automatic,FWD,Gray
23518,Hyundai,H1,2015.0,Van,Diesel,2.5,32530.0,4.0,Automatic,FWD,Gold
14229,Hyundai,Genesis,2009.0,Coupe,Petrol,2.0,66068.0,4.0,Automatic,FWD,White
15289,Hyundai,Genesis,2010.0,Coupe,Petrol,2.0,91150.0,4.0,Automatic,FWD,Black
50030,Hyundai,Santa Fe,2017.0,SUV,Diesel,2.0,41222.0,4.0,Automatic,FWD,Blue
17249,Toyota,Prius,2011.0,Hatchback,Hybrid,1.8,90099.0,4.0,Automatic,FWD,White
8311,Hyundai,Sonata,2012.0,Sedan,Petrol,2.0,44315.0,4.0,Automatic,FWD,White
7213,Chevrolet,Cruze,2005.0,Hatchback,Petrol,1.5,62138.0,4.0,Automatic,FWD,Black
10976,Hyundai,Elantra,2015.0,Sedan,Petrol,1.8,52135.0,4.0,Automatic,FWD,Gray
6586,Hyundai,Elantra,2012.0,Sedan,Petrol,1.8,98227.0,4.0,Automatic,FWD,Black
43880,Hyundai,Tucson,2017.0,SUV,Diesel,2.0,49634.0,4.0,Automatic,FWD,Black
8311,Honda,Civic,2013.0,Sedan,Hybrid,1.5,90020.0,4.0,Automatic,FWD,White
2430,Nissan,Sentra,2018.0,Sedan,Petrol,1.8,41801.0,4.0,Automatic,FWD,Silver
19883,Toyota,Aqua,2013.0,Sedan,Petrol,1.5,43745.0,4.0,Automatic,FWD,Blue
2587,Ford,Fusion,2015.0,Sedan,Hybrid,2.0,55175.0,4.0,Automatic,FWD,Black
13015,Subaru,XV,2014.0,SUV,Petrol,2.0,101700.0,4.0,Automatic,AWD,White
5018,Toyota,RAV4,2013.0,SUV,Petrol,2.5,120522.0,4.0,Automatic,FWD,Gray
1882,Toyota,Prius,2009.0,Sedan,Hybrid,1.5,88500.0,4.0,Automatic,FWD,White
4391,Volkswagen,Golf,2000.0,Hatchback,Petrol,1.8,118061.0,4.0,Automatic,FWD,Black
11604,Mitsubishi,Outlander,2011.0,SUV,Petrol,2.0,68600.0,4.0,Automatic,FWD,White
18817,Toyota,Prius,2010.0,Hatchback,Hybrid,1.8,95692.0,4.0,Automatic,FWD,Gray
7370,Nissan,Tiida,2006.0,Hatchback,Petrol,1.5,124275.0,4.0,Automatic,FWD,Gold
26657,Hyundai,Elantra,2016.0,Sedan,Petrol,2.0,48246.0,4.0,Automatic,FWD,Red
13495,Hyundai,Santa Fe,2010.0,SUV,Diesel,2.0,34643.0,4.0,Automatic,FWD,Black
5018,Subaru,Forester,1998.0,SUV,Petrol,2.0,124275.0,4.0,Automatic,AWD,Silver
15681,Toyota,Prius,2011.0,Sedan,Hybrid,1.8,39458.0,4.0,Automatic,FWD,Silver
34400,Hyundai,Tucson,2016.0,SUV,Diesel,2.0,49089.0,4.0,Automatic,FWD,Silver
6272,Kia,Sorento,2007.0,SUV,Diesel,2.5,45295.0,4.0,Automatic,FWD,White
784,Toyota,Camry,2014.0,Sedan,Hybrid,2.5,63627.0,4.0,Automatic,FWD,Black
38229,Hyundai,H1,2016.0,Van,Diesel,2.5,57215.0,4.0,Automatic,FWD,Black
9722,Toyota,Camry,2018.0,Sedan,Hybrid,2.5,79235.0,4.0,Automatic,FWD,Black
11917,Toyota,Aqua,2013.0,Hatchback,Hybrid,1.5,11185.0,4.0,Automatic,FWD,White
23521,Toyota,Prius,2012.0,Sedan,Hybrid,1.8,52209.0,4.0,Automatic,FWD,Red
3450,Toyota,Camry,2019.0,Sedan,Hybrid,2.5,5982.0,4.0,Automatic,FWD,Black
20071,Toyota,Prius C,2015.0,Hatchback,Hybrid,1.5,37780.0,4.0,Automatic,FWD,Gray
10506,Toyota,Aqua,2014.0,Hatchback,Hybrid,1.5,75808.0,4.0,Automatic,FWD,Silver
34905,Hyundai,H1,2014.0,Van,Diesel,2.5,82036.0,4.0,Automatic,FWD,Gray
9722,Nissan,X-Trail,2003.0,SUV,Petrol,2.0,86992.0,4.0,Automatic,AWD,Silver
20800,Toyota,RAV4,2012.0,SUV,Petrol,2.5,47846.0,4.0,Automatic,FWD,White
38163,Hyundai,H1,2016.0,Van,Diesel,2.5,64623.0,4.0,Automatic,FWD,Blue
68148,Hyundai,Santa Fe,2019.0,SUV,Diesel,2.0,29688.0,4.0,Automatic,FWD,Gray
3607,Toyota,Camry,2012.0,Sedan,Hybrid,2.5,97256.0,4.0,Automatic,FWD,White
13500,Toyota,Prius,2010.0,Sedan,Hybrid,1.8,87614.0,4.0,Automatic,FWD,Red
6586,Toyota,C-HR,2019.0,Coupe,Petrol,2.0,3243.0,4.0,Automatic,FWD,White
6899,Mitsubishi,Airtrek,2002.0,SUV,Petrol,2.0,102527.0,4.0,Automatic,AWD,Black
18817,Hyundai,Elantra,2011.0,Sedan,Petrol,1.8,73944.0,4.0,Automatic,FWD,Gray
5018,Ford,Fusion,2016.0,Sedan,Petrol,2.0,58008.0,4.0,Automatic,FWD,White
25089,Toyota,RAV4,2011.0,SUV,Petrol,2.5,93455.0,4.0,Automatic,AWD,Brown
12272,Toyota,Aqua,2014.0,Hatchback,Petrol,1.5,87647.0,4.0,Automatic,FWD,White
8154,Nissan,Tiida,2005.0,Hatchback,Petrol,1.5,80779.0,4.0,Automatic,FWD,Silver
17305,Hyundai,Sonata,2011.0,Sedan,Petrol,2.0,97695.0,4.0,Automatic,FWD,Gray
3293,Toyota,Corolla,2019.0,Sedan,Petrol,1.8,33745.0,4.0,Automatic,FWD,Black
38809,Hyundai,Santa Fe,2014.0,SUV,Diesel,2.0,95017.0,4.0,Automatic,FWD,Gray
30405,Honda,Civic,2013.0,Sedan,Petrol,1.8,81886.0,4.0,Automatic,FWD,Red
19444,Ford,Fusion,2013.0,Sedan,Hybrid,2.0,53704.0,4.0,Automatic,FWD,Silver
18817,Chevrolet,Malibu,2017.0,Sedan,Hybrid,1.8,18642.0,4.0,Automatic,FWD,Black
40224,Hyundai,Tucson,2015.0,SUV,Diesel,2.0,62367.0,4.0,Automatic,FWD,White
1568,Volkswagen,Jetta,2014.0,Sedan,Diesel,2.0,74519.0,4.0,Automatic,FWD,White
16138,Toyota,Aqua,2012.0,Sedan,Hybrid,1.5,73322.0,4.0,Automatic,FWD,Gold
10349,Toyota,Prius,2007.0,Sedan,Hybrid,1.5,111847.0,4.0,Automatic,FWD,Silver
39750,Hyundai,H1,2017.0,Wagon,Diesel,2.5,45582.0,4.0,Automatic,FWD,White
18189,Toyota,Camry,2011.0,Sedan,Petrol,1.8,86992.0,4.0,Automatic,FWD,White
19444,Volkswagen,Passat,2015.0,Sedan,Petrol,1.8,21748.0,4.0,Automatic,FWD,White
11290,Subaru,Impreza,2015.0,Sedan,Petrol,2.0,34176.0,4.0,Automatic,FWD,White
17562,Nissan,Rogue,2015.0,SUV,Petrol,2.5,59031.0,4.0,Automatic,AWD,Silver
14113,Toyota,Aqua,2013.0,Hatchback,Petrol,1.5,86371.0,4.0,Automatic,FWD,Silver
8062,Subaru,Forester,2017.0,SUV,Petrol,2.5,46331.0,4.0,Automatic,AWD,Gray
13015,Ford,Escape,2019.0,Sedan,Petrol,1.5,2678.0,4.0,Automatic,FWD,White
56136,Mercedes-Benz,E-Class,2017.0,Sedan,Petrol,2.0,31667.0,4.0,Automatic,RWD,Black
21012,Toyota,Prius,2012.0,Hatchback,Hybrid,1.8,48467.0,4.0,Automatic,FWD,Red
11604,Honda,Fit,2013.0,Sedan,Petrol,1.5,29205.0,4.0,Automatic,FWD,Blue
19757,Toyota,Prius,2013.0,Hatchback,Hybrid,1.8,121168.0,4.0,Automatic,FWD,Black
8467,Honda,Fit,2012.0,Hatchback,Petrol,1.5,20506.0,4.0,Automatic,FWD,Black
17249,Ford,Focus,2013.0,Hatchback,Petrol,2.0,94449.0,4.0,Automatic,FWD,Black
23414,Hyundai,H1,2013.0,Wagon,Diesel,2.5,120473.0,4.0,Automatic,FWD,Silver
1411,Hyundai,Elantra,2016.0,Hatchback,Petrol,2.0,29251.0,4.0,Automatic,FWD,Silver
12858,Toyota,Camry,2016.0,Sedan,Hybrid,2.5,41899.0,4.0,Automatic,FWD,Gold
44517,Hyundai,Tucson,2017.0,SUV,Diesel,2.0,41053.0,4.0,Automatic,FWD,White
27654,Hyundai,Tucson,2013.0,SUV,Diesel,2.0,73576.0,4.0,Automatic,FWD,Red
3763,Toyota,Camry,2013.0,Sedan,Hybrid,2.5,77617.0,4.0,Automatic,FWD,White
16308,Hyundai,Sonata,2013.0,Sedan,Petrol,2.0,120677.0,4.0,Automatic,FWD,Black
22580,Kia,Optima,2016.0,Sedan,Petrol,2.0,39070.0,4.0,Automatic,FWD,White
16308,Toyota,Prius,2011.0,Sedan,Hybrid,1.8,98697.0,4.0,Automatic,FWD,Beige
13172,Dodge,Caliber,2011.0,Hatchback,Petrol,2.0,55303.0,4.0,Automatic,FWD,White
9408,Mitsubishi,Pajero iO,1998.0,SUV,Petrol,1.8,121789.0,4.0,Automatic,AWD,Green
9408,Toyota,Camry,2014.0,Sedan,Hybrid,2.5,80779.0,4.0,Automatic,FWD,Black
36231,Hyundai,H1,2016.0,Wagon,Diesel,2.5,113426.0,4.0,Automatic,FWD,Silver
32973,Chevrolet,Captiva,2014.0,SUV,Diesel,2.0,81270.0,4.0,Automatic,FWD,White
1490,Hyundai,Elantra,2016.0,Sedan,Petrol,1.8,57066.0,4.0,Automatic,FWD,Silver
39189,Honda,Fit,2018.0,Hatchback,Petrol,1.5,3861.0,4.0,Automatic,FWD,Blue
7683,Hyundai,Elantra,2016.0,Sedan,Petrol,1.8,75708.0,4.0,Automatic,FWD,Blue
24681,Hyundai,Tucson,2011.0,SUV,Diesel,2.0,84315.0,4.0,Automatic,FWD,Gray
26594,Hyundai,H1,2014.0,Van,Diesel,2.5,111796.0,4.0,Automatic,FWD,Silver
1019,BMW,3 Series,2015.0,Sedan,Petrol,2.0,69076.0,4.0,Automatic,RWD,Silver
9832,Chevrolet,Cruze,2011.0,Sedan,Diesel,2.0,105556.0,4.0,Automatic,FWD,White
18817,Hyundai,Elantra,2014.0,Sedan,Petrol,1.8,72577.0,4.0,Automatic,RWD,White
14897,Hyundai,H1,2011.0,Van,Diesel,2.5,34090.0,4.0,Automatic,FWD,Gold
16621,Toyota,Camry,2009.0,Sedan,Petrol,2.5,37438.0,4.0,Automatic,FWD,Red
37125,Hyundai,H1,2017.0,Wagon,Diesel,2.5,104792.0,4.0,Automatic,FWD,Silver
14740,Ford,Focus,2013.0,Hatchback,Petrol,1.5,122411.0,4.0,Manual,FWD,Black
43143,Hyundai,Elantra,2018.0,Sedan,Petrol,2.0,21853.0,4.0,Automatic,FWD,Gray
22580,Mercedes-Benz,E-Class,2017.0,Sedan,Petrol,2.0,31647.0,4.0,Automatic,RWD,Black
27190,Chevrolet,Malibu,2014.0,Sedan,Petrol,2.0,35959.0,4.0,Automatic,FWD,White
24415,Chevrolet,Orlando,2013.0,SUV,Diesel,2.0,25041.0,4.0,Automatic,FWD,Silver
42024,Toyota,Prius,2016.0,Hatchback,Petrol,1.8,51574.0,4.0,Automatic,FWD,Gray
8377,Toyota,Aqua,2015.0,Hatchback,Hybrid,1.5,110879.0,4.0,Automatic,FWD,Silver
15063,Hyundai,H1,2010.0,Van,Diesel,2.5,32757.0,4.0,Automatic,FWD,Black
51028,Hyundai,Santa Fe,2018.0,SUV,Diesel,2.0,63961.0,4.0,Automatic,FWD,White
11133,Toyota,Ist,2005.0,Hatchback,Petrol,1.5,85128.0,4.0,Automatic,FWD,Black
10349,Toyota,Aqua,2012.0,Hatchback,Hybrid,1.5,81400.0,4.0,Automatic,FWD,Black
73698,Toyota,Camry,2019.0,Sedan,Petrol,2.5,3988.0,4.0,Automatic,FWD,Brown
8467,Toyota,Ist,2002.0,Hatchback,Petrol,1.5,75186.0,4.0,Automatic,FWD,Silver
35570,Hyundai,H1,2014.0,Van,Diesel,2.5,19884.0,4.0,Automatic,FWD,Gray
3136,Toyota,Camry,2012.0,Sedan,Hybrid,2.5,99034.0,4.0,Automatic,FWD,White
15367,Honda,Fit,2011.0,Hatchback,Petrol,1.5,74565.0,4.0,Automatic,FWD,Gray
5645,Mitsubishi,Pajero iO,1998.0,SUV,Petrol,1.8,77672.0,4.0,Automatic,AWD,Green
15289,Hyundai,Genesis,2010.0,Coupe,Petrol,2.0,71684.0,4.0,Automatic,FWD,Red
16308,Toyota,Aqua,2014.0,Hatchback,Hybrid,1.5,7954.0,4.0,Automatic,FWD,White
17553,Hyundai,Genesis,2009.0,Coupe,Petrol,2.0,74701.0,4.0,Automatic,FWD,Gray
2038,Ford,Fusion,2014.0,Sedan,Hybrid,2.0,102801.0,4.0,Automatic,FWD,Black
7997,BMW,5 Series,2000.0,Sedan,Petrol,2.5,124275.0,6.0,Manual,RWD,Blue
21953,Toyota,Prius,2013.0,Sedan,Hybrid,1.8,65617.0,4.0,Automatic,FWD,Black
49174,Toyota,Aqua,2012.0,Hatchback,Hybrid,1.5,123933.0,4.0,Automatic,FWD,White
6586,Toyota,C-HR,2019.0,SUV,Petrol,2.0,12408.0,4.0,Automatic,FWD,White
30784,Hyundai,H1,2014.0,Van,Diesel,2.5,84949.0,4.0,Automatic,FWD,Silver
10663,Ford,Focus,2012.0,Hatchback,Petrol,2.0,99420.0,4.0,Automatic,FWD,Black
10873,Toyota,Aqua,2013.0,Hatchback,Petrol,1.5,95692.0,4.0,Automatic,FWD,Silver
18654,Hyundai,H1,2011.0,Van,Diesel,2.5,43263.0,4.0,Automatic,FWD,Black
53185,Honda,Civic,2017.0,Coupe,Petrol,2.0,16459.0,4.0,Automatic,FWD,White
14740,Toyota,Prius,2010.0,Hatchback,Petrol,1.8,74565.0,4.0,Automatic,FWD,Black
1254,Hyundai,Elantra,2018.0,Sedan,Petrol,2.0,29933.0,4.0,Automatic,FWD,Red
15681,Toyota,Aqua,2012.0,Hatchback,Hybrid,1.5,72701.0,4.0,Automatic,FWD,Silver
28225,Toyota,RAV4,2014.0,SUV,Petrol,2.5,72354.0,4.0,Automatic,AWD,Gray
21972,Hyundai,Tucson,2012.0,SUV,Diesel,2.0,101257.0,4.0,Automatic,FWD,White
10349,Nissan,X-Trail,2004.0,SUV,Petrol,2.0,103769.0,4.0,Automatic,AWD,Black
21918,Hyundai,Sonata,2016.0,Sedan,Petrol,2.0,11861.0,4.0,Automatic,FWD,White
1882,Toyota,Prius,2009.0,Sedan,Hybrid,1.5,88500.0,4.0,Automatic,FWD,White
7997,Mitsubishi,Pajero iO,1999.0,SUV,Petrol,1.8,114954.0,4.0,Automatic,AWD,White
17249,Toyota,Prius,2010.0,Hatchback,Hybrid,1.8,106255.0,4.0,Automatic,FWD,Red
11290,Mercedes-Benz,C-Class,2001.0,Sedan,Petrol,2.0,121168.0,4.0,Manual,FWD,Silver
15035,Hyundai,Sonata,2010.0,Sedan,Petrol,2.0,120517.0,4.0,Automatic,FWD,Silver
21639,Toyota,Prius V,2012.0,Wagon,Hybrid,1.8,123032.0,4.0,Automatic,FWD,White
10349,Toyota,Prius,2008.0,Hatchback,Hybrid,1.5,74565.0,4.0,Automatic,FWD,Blue
29777,Hyundai,Tucson,2015.0,SUV,Diesel,2.0,41011.0,4.0,Automatic,FWD,White
44247,Hyundai,Santa Fe,2016.0,SUV,Diesel,2.0,92357.0,4.0,Automatic,FWD,White
27284,Toyota,Camry,2015.0,Sedan,Petrol,2.5,49710.0,4.0,Automatic,FWD,Black
41553,Hyundai,Santa Fe,2016.0,SUV,Diesel,2.0,88260.0,4.0,Automatic,FWD,Black
24123,Hyundai,Tucson,2010.0,SUV,Diesel,2.0,85865.0,4.0,Automatic,FWD,Silver
7056,Kia,Sportage,2010.0,SUV,Diesel,2.0,40229.0,4.0,Automatic,FWD,Silver
32302,Audi,Q5,2011.0,Hatchback,Petrol,2.0,91963.0,4.0,Automatic,AWD,Blue
16778,Hyundai,H1,2011.0,Van,Diesel,2.5,28574.0,4.0,Automatic,FWD,White
20385,Toyota,Prius,2012.0,Hatchback,Hybrid,1.8,71121.0,4.0,Automatic,FWD,Silver
3450,Toyota,Camry,2019.0,Sedan,Hybrid,2.5,5982.0,4.0,Automatic,FWD,Black
16500,Toyota,Prius,2013.0,Hatchback,Hybrid,1.8,56777.0,4.0,Automatic,FWD,Blue
11604,Ford,Transit,1998.0,Van,Diesel,2.5,7671.0,4.0,Manual,RWD,White
26030,Hyundai,Tucson,2010.0,SUV,Diesel,2.0,38064.0,4.0,Automatic,FWD,Gray
13877,Chevrolet,Cruze,2013.0,Sedan,Petrol,1.8,59100.0,4.0,Automatic,FWD,White
549,Hyundai,Elantra,2016.0,Sedan,Petrol,1.8,29467.0,4.0,Automatic,FWD,Black
16308,Toyota,Prius,2011.0,Hatchback,Hybrid,1.8,108368.0,4.0,Automatic,FWD,Red
1882,Toyota,Prius,2009.0,Sedan,Hybrid,1.5,88500.0,4.0,Automatic,FWD,White
54255,Toyota,RAV4,2017.0,SUV,Petrol,2.5,15535.0,4.0,Automatic,AWD,Gray
18669,Hyundai,H1,2011.0,Van,Diesel,2.5,32738.0,4.0,Automatic,FWD,Silver
19757,BMW,3 Series,2014.0,Sedan,Petrol,2.0,80023.0,4.0,Automatic,RWD,Black
83107,Hyundai,H1,2019.0,Van,Diesel,2.5,13324.0,4.0,Automatic,FWD,White
2822,Ford,Fusion,2015.0,Sedan,Hybrid,2.0,62602.0,4.0,Automatic,FWD,Green
16935,Kia,other,2016.0,Sedan,Petrol,1.8,40762.0,4.0,Automatic,FWD,Gray
15681,Toyota,Prius,2012.0,Sedan,Petrol,1.8,86495.0,4.0,Automatic,FWD,White
3607,Toyota,Camry,2012.0,Sedan,Hybrid,2.5,97256.0,4.0,Automatic,FWD,White
55515,Hyundai,Santa Fe,2018.0,SUV,Diesel,2.0,63961.0,4.0,Automatic,FWD,White
24148,Toyota,Prius C,2014.0,Hatchback,Hybrid,1.5,49710.0,4.0,Automatic,FWD,Gray
36567,Hyundai,H1,2016.0,Van,Diesel,2.5,64693.0,4.0,Automatic,FWD,White
4861,Honda,Civic,2015.0,Sedan,Hybrid,1.5,30617.0,4.0,Automatic,FWD,Blue
12800,Toyota,Ist,2014.0,Hatchback,Petrol,1.8,79412.0,4.0,Automatic,FWD,Blue
7213,Chevrolet,Captiva,2009.0,SUV,Diesel,2.0,28104.0,4.0,Automatic,FWD,White
6272,Mazda,Demio,2002.0,Hatchback,Petrol,1.5,68351.0,4.0,Automatic,FWD,Silver
13962,Hyundai,Tucson,2010.0,SUV,Diesel,2.0,75946.0,4.0,Automatic,FWD,Silver
549,Toyota,C-HR,2019.0,SUV,Petrol,2.0,24371.0,4.0,Automatic,FWD,Gray
15053,Subaru,Impreza,2013.0,Sedan,Petrol,2.0,74772.0,4.0,Automatic,AWD,Silver
11917,Mitsubishi,Pajero iO,2004.0,SUV,Petrol,2.0,124275.0,4.0,Automatic,AWD,Black
19883,Nissan,March,2014.0,Hatchback,Petrol,1.5,68351.0,4.0,Automatic,FWD,Black
4391,Volkswagen,Golf,1997.0,Sedan,Petrol,1.8,108119.0,4.0,Manual,FWD,Silver
21953,Toyota,Camry,2012.0,Sedan,Petrol,2.5,7457.0,4.0,Automatic,FWD,Beige
21326,Nissan,Altima,2019.0,Sedan,Petrol,2.5,18826.0,4.0,Automatic,FWD,Gray
13485,Toyota,Prius,2008.0,Sedan,Hybrid,1.5,69905.0,4.0,Automatic,FWD,Green
8154,Toyota,Prius,2015.0,Hatchback,Hybrid,1.5,79405.0,4.0,Automatic,FWD,Gray
37125,Hyundai,Santa Fe,2013.0,SUV,Diesel,2.0,91180.0,4.0,Automatic,FWD,Gray
2901,Toyota,Corolla,2015.0,Sedan,Petrol,1.8,52744.0,4.0,Automatic,FWD,White
12858,Ford,Fusion,2013.0,Sedan,Petrol,2.5,89249.0,4.0,Automatic,FWD,White
14856,Chevrolet,Cruze,2014.0,Sedan,Diesel,2.0,76957.0,4.0,Automatic,FWD,Blue
21326,Toyota,Prius,2013.0,Sedan,Hybrid,1.8,84880.0,4.0,Automatic,FWD,White
13015,Toyota,Prius,2013.0,Hatchback,Hybrid,1.8,74988.0,4.0,Automatic,FWD,White
5959,Toyota,Camry,2017.0,Sedan,Petrol,2.5,37355.0,4.0,Automatic,FWD,White
79616,Hyundai,Santa Fe,2020.0,SUV,Diesel,2.0,2892.0,4.0,Automatic,FWD,Silver
15521,Hyundai,Santa Fe,2010.0,SUV,Diesel,2.0,31386.0,4.0,Automatic,FWD,Silver
60831,Honda,Civic,2018.0,Sedan,Petrol,1.5,11180.0,4.0,Automatic,FWD,Blue
38063,Hyundai,Santa Fe,2014.0,SUV,Diesel,2.0,81829.0,4.0,Automatic,FWD,Gray
14740,Toyota,Prius,2010.0,Sedan,Petrol,1.8,6276.0,4.0,Automatic,FWD,White
14113,Hyundai,Santa Fe,2011.0,SUV,Diesel,2.0,35143.0,4.0,Automatic,FWD,Silver
11563,Chevrolet,Cruze,2011.0,Sedan,Petrol,1.8,110175.0,4.0,Automatic,FWD,White
1019,BMW,X3,2019.0,Sedan,Petrol,2.0,21046.0,4.0,Automatic,RWD,White
51589,Toyota,RAV4,2016.0,SUV,Petrol,2.5,15535.0,4.0,Automatic,FWD,Silver
30906,Toyota,Aqua,2013.0,Hatchback,Petrol,1.5,66487.0,4.0,Automatic,FWD,Gold
18801,Toyota,Prius,2014.0,Hatchback,Hybrid,1.8,65866.0,4.0,Automatic,FWD,Gray
9095,Nissan,Tiida,2005.0,Hatchback,Petrol,1.5,86992.0,4.0,Automatic,AWD,Black
22433,Hyundai,H1,2009.0,Van,Diesel,2.5,31475.0,4.0,Automatic,FWD,Silver
45542,Hyundai,Tucson,2017.0,SUV,Diesel,2.0,65194.0,4.0,Automatic,FWD,White
784,Toyota,Camry,2014.0,Sedan,Hybrid,2.5,63627.0,4.0,Automatic,FWD,Black
10036,Volkswagen,Jetta,2008.0,Sedan,Petrol,2.5,76056.0,6.0,Manual,FWD,Black
17249,Nissan,Juke,2013.0,SUV,Petrol,1.5,61516.0,4.0,Automatic,FWD,Black
11917,Toyota,Prius,2010.0,Hatchback,Hybrid,1.8,100663.0,6.0,Automatic,FWD,White
44843,Hyundai,H1,2017.0,Wagon,Diesel,2.5,65706.0,4.0,Automatic,FWD,White
12544,Volkswagen,Jetta,2013.0,Sedan,Petrol,2.5,64002.0,5.0,Automatic,FWD,White
7840,Mitsubishi,Pajero iO,1999.0,SUV,Petrol,1.8,123032.0,4.0,Automatic,AWD,White
37730,Hyundai,Santa Fe,2016.0,SUV,Diesel,2.0,100074.0,4.0,Automatic,FWD,White
26657,Hyundai,Elantra,2017.0,Sedan,Petrol,2.0,19884.0,4.0,Automatic,FWD,Black
12858,Toyota,Aqua,2012.0,Hatchback,Hybrid,1.5,86371.0,4.0,Automatic,FWD,Silver
16778,Hyundai,H1,2010.0,Van,Diesel,2.5,34708.0,4.0,Automatic,FWD,White
29479,Mercedes-Benz,C-Class,2013.0,Sedan,Petrol,1.8,83264.0,4.0,Automatic,RWD,Black
10349,Nissan,Tiida,2004.0,Hatchback,Petrol,1.5,91342.0,4.0,Automatic,AWD,Gray
3450,Ford,Fusion,2014.0,Sedan,Hybrid,2.0,84166.0,4.0,Automatic,FWD,Gray
23408,Hyundai,Santa Fe,2010.0,SUV,Diesel,2.0,93828.0,4.0,Automatic,FWD,White
29006,Hyundai,Tucson,2016.0,SUV,Diesel,2.0,11229.0,4.0,Automatic,FWD,White
11770,Hyundai,Sonata,2011.0,Sedan,Petrol,2.0,35142.0,4.0,Automatic,FWD,Black
11300,Subaru,Forester,2010.0,SUV,Petrol,2.5,113090.0,4.0,Automatic,AWD,Blue
19416,Chevrolet,Orlando,2012.0,SUV,Diesel,2.0,94814.0,4.0,Automatic,FWD,Gray
1725,Hyundai,Elantra,2014.0,Sedan,Petrol,1.8,66584.0,4.0,Automatic,FWD,Black
43592,Toyota,RAV4,2017.0,SUV,Petrol,2.5,6836.0,6.0,Automatic,AWD,Gray
3136,Hyundai,Elantra,2018.0,Sedan,Petrol,2.0,18849.0,4.0,Automatic,FWD,Gray
12544,Toyota,Prius,2007.0,Hatchback,Hybrid,1.5,119925.0,4.0,Automatic,FWD,Blue
13485,Ford,Focus,2012.0,Sedan,Petrol,2.0,72701.0,4.0,Automatic,FWD,Gray
22580,Toyota,Prius,2014.0,Hatchback,Petrol,1.8,83886.0,4.0,Automatic,FWD,White
10036,Toyota,Aqua,2012.0,Sedan,Hybrid,1.5,8078.0,4.0,Automatic,FWD,Silver
36899,Hyundai,H1,2016.0,Van,Diesel,2.5,74005.0,4.0,Automatic,FWD,Silver
30517,Hyundai,H1,2014.0,Van,Diesel,2.5,94358.0,4.0,Automatic,FWD,Gray
17876,Hyundai,Elantra,2013.0,Sedan,Petrol,1.8,72701.0,4.0,Automatic,FWD,Black
4077,Chevrolet,Captiva,2007.0,SUV,Diesel,2.0,34667.0,4.0,Automatic,FWD,Black
15681,Volkswagen,Passat,2013.0,Sedan,Petrol,2.5,96934.0,5.0,Automatic,FWD,Gray
24709,Hyundai,Tucson,2011.0,SUV,Diesel,2.0,96313.0,4.0,Automatic,FWD,White
14113,Toyota,Prius,2008.0,Sedan,Petrol,1.5,93206.0,4.0,Automatic,FWD,Blue
19601,Toyota,Prius C,2012.0,Hatchback,Hybrid,1.5,42254.0,4.0,Automatic,FWD,Gray
18158,Volkswagen,Passat,2012.0,Sedan,Petrol,2.5,78915.0,5.0,Automatic,FWD,Blue
16621,Nissan,Juke,2014.0,Sedan,Petrol,1.8,57788.0,4.0,Automatic,FWD,Blue
43128,Hyundai,Santa Fe,2016.0,SUV,Diesel,2.0,72306.0,4.0,Automatic,FWD,Black
64823,Hyundai,Tucson,2018.0,SUV,Diesel,2.0,18359.0,4.0,Automatic,FWD,Black
23082,Honda,Fit,2013.0,Hatchback,Hybrid,1.5,54060.0,4.0,Automatic,FWD,White
20171,Hyundai,Tucson,2011.0,SUV,Diesel,2.0,119097.0,4.0,Automatic,FWD,Black
10663,Subaru,Forester,2015.0,SUV,Petrol,2.5,50368.0,4.0,Automatic,AWD,Silver
14113,BMW,5 Series,2004.0,Sedan,Petrol,2.5,108119.0,6.0,Automatic,RWD,Silver
38609,Hyundai,H1,2016.0,Wagon,Diesel,2.5,75186.0,4.0,Automatic,FWD,White
17844,Toyota,Aqua,2013.0,Hatchback,Petrol,1.5,54868.0,4.0,Automatic,FWD,Red
1646,Ford,Fusion,2013.0,Sedan,Hybrid,2.0,108504.0,4.0,Automatic,FWD,Gray
6586,Mercedes-Benz,C-Class,1998.0,Wagon,Petrol,2.0,69042.0,4.0,Manual,RWD,Blue
17562,Ford,Fusion,2015.0,Sedan,Petrol,2.5,121292.0,4.0,Automatic,FWD,Green
9408,Toyota,Camry,2014.0,Sedan,Petrol,2.5,79536.0,4.0,Automatic,FWD,Black
18817,Toyota,Camry,2013.0,Sedan,Petrol,2.5,53687.0,5.0,Automatic,FWD,Gray
26657,Ford,Escape,2019.0,SUV,Petrol,1.5,45982.0,8.0,Automatic,FWD,Gray
15822,Hyundai,Genesis,2010.0,Coupe,Petrol,2.0,50570.0,4.0,Automatic,FWD,White
22715,Toyota,Aqua,2012.0,Hatchback,Petrol,1.5,25315.0,4.0,Automatic,FWD,Black
1333,Toyota,Prius,2012.0,Hatchback,Hybrid,1.8,66040.0,4.0,Automatic,FWD,White
56136,Mercedes-Benz,E-Class,2017.0,Sedan,Petrol,2.0,31667.0,4.0,Automatic,RWD,Black
941,Volkswagen,Jetta,2014.0,Sedan,Diesel,1.8,43029.0,4.0,Automatic,FWD,Blue
21326,Mercedes-Benz,CLA,2016.0,Sedan,Petrol,2.0,21163.0,4.0,Automatic,FWD,White
21768,Chevrolet,Orlando,2012.0,SUV,Diesel,2.0,95419.0,4.0,Automatic,FWD,Gray
13172,Ford,Escape,2009.0,SUV,Hybrid,2.5,102278.0,4.0,Automatic,FWD,Gray
5645,Chevrolet,Captiva,2007.0,SUV,Diesel,2.0,30152.0,4.0,Automatic,FWD,Beige
9027,Lexus,CT 200h,2012.0,Hatchback,Hybrid,1.8,119728.0,4.0,Automatic,FWD,White
10192,Lexus,ES 350,2015.0,Sedan,Hybrid,2.5,25095.0,4.0,Automatic,FWD,White
13987,Chevrolet,Cruze,2012.0,Sedan,Diesel,2.0,111847.0,4.0,Automatic,FWD,White
23521,Subaru,Outback,2013.0,Hatchback,Petrol,2.5,72577.0,4.0,Automatic,AWD,Beige
21739,Chevrolet,Orlando,2014.0,SUV,Diesel,2.0,110047.0,4.0,Automatic,FWD,White
3058,Ford,Fusion,2014.0,Sedan,Petrol,2.0,94083.0,4.0,Automatic,FWD,Black
7700,Nissan,Tiida,2005.0,Sedan,Petrol,1.5,95692.0,4.0,Automatic,FWD,White
18660,Hyundai,H1,2011.0,Van,Diesel,2.5,34330.0,4.0,Automatic,FWD,Black
20071,Toyota,Prius,2013.0,Hatchback,Petrol,1.8,34797.0,4.0,Automatic,FWD,Gray
48955,Hyundai,Santa Fe,2015.0,SUV,Diesel,2.0,49710.0,4.0,Automatic,FWD,Black
16465,Hyundai,Elantra,2015.0,Sedan,Petrol,2.0,21852.0,4.0,Automatic,FWD,Red
34406,Hyundai,H1,2014.0,Van,Diesel,2.5,74493.0,4.0,Automatic,FWD,Gray
52959,Hyundai,Sonata,2018.0,Sedan,Petrol,2.0,30202.0,4.0,Automatic,FWD,Gray
17249,Hyundai,Elantra,2013.0,Sedan,Petrol,1.8,57664.0,4.0,Automatic,FWD,Blue
7119,Hyundai,Sonata,2010.0,Sedan,Petrol,2.0,50486.0,4.0,Automatic,FWD,White
24283,Chevrolet,Captiva,2014.0,SUV,Diesel,2.0,91121.0,4.0,Automatic,FWD,White
30151,Hyundai,Tucson,2015.0,SUV,Diesel,2.0,89029.0,4.0,Automatic,FWD,Gray
53154,Hyundai,Santa Fe,2016.0,SUV,Diesel,2.0,58570.0,4.0,Automatic,FWD,Black
1568,Nissan,Tiida,2009.0,Hatchback,Petrol,1.5,59031.0,4.0,Automatic,FWD,Silver
549,Subaru,other,2019.0,Sedan,Petrol,2.0,4953.0,4.0,Automatic,AWD,Blue
11490,Lexus,CT 200h,2012.0,Hatchback,Hybrid,1.8,108185.0,4.0,Automatic,FWD,White
20385,Toyota,Prius,2012.0,Sedan,Petrol,1.8,118061.0,4.0,Automatic,FWD,Blue
15994,Toyota,Camry,2010.0,Sedan,Petrol,2.5,75186.0,4.0,Automatic,FWD,Silver
25744,Chevrolet,Malibu,2016.0,Sedan,Petrol,2.0,70532.0,4.0,Automatic,FWD,White
50018,Hyundai,Sonata,2017.0,Sedan,Petrol,2.0,11856.0,4.0,Automatic,FWD,Gray
3763,Hyundai,Elantra,2014.0,Sedan,Petrol,1.8,68777.0,4.0,Automatic,FWD,White
5959,Mazda,Demio,2002.0,Hatchback,Petrol,1.5,622.0,4.0,Automatic,FWD,Blue
627,Hyundai,Elantra,2016.0,Sedan,Petrol,1.8,45130.0,4.0,Automatic,FWD,Black
14113,Kia,Optima,2014.0,Sedan,Petrol,2.0,37720.0,4.0,Automatic,FWD,Silver
18817,Toyota,Camry,2018.0,Sedan,Hybrid,2.5,21785.0,4.0,Automatic,FWD,White
22649,Hyundai,Tucson,2010.0,SUV,Diesel,2.0,94002.0,4.0,Automatic,FWD,Gray
13015,Hyundai,H1,2010.0,Van,Diesel,2.5,45610.0,4.0,Automatic,FWD,Silver
66485,Hyundai,Sonata,2020.0,Sedan,Petrol,2.0,8364.0,4.0,Automatic,FWD,White
7527,Mitsubishi,Colt,2002.0,Hatchback,Petrol,1.5,116197.0,4.0,Automatic,FWD,Black
25089,Hyundai,Elantra,2017.0,Sedan,Petrol,2.0,14292.0,4.0,Automatic,RWD,Gray
21953,Toyota,Prius,2012.0,Hatchback,Petrol,1.8,14913.0,4.0,Automatic,FWD,White
21953,Toyota,Prius,2014.0,Sedan,Hybrid,1.8,54060.0,4.0,Automatic,FWD,White
24512,Honda,Fit,2015.0,Hatchback,Petrol,1.5,69376.0,4.0,Automatic,FWD,Black
10663,Honda,Fit,2014.0,Sedan,Hybrid,1.5,71458.0,4.0,Automatic,FWD,Silver
6272,Subaru,Legacy,1999.0,Wagon,Petrol,2.5,116197.0,4.0,Automatic,AWD,Gold
12858,Nissan,X-Trail,2005.0,SUV,Petrol,2.0,111847.0,4.0,Automatic,AWD,Gold
26343,Toyota,Camry,2015.0,Sedan,Petrol,2.5,29284.0,4.0,Automatic,FWD,Black
19757,Hyundai,H1,2010.0,SUV,Diesel,2.5,71476.0,4.0,Automatic,FWD,Silver
10506,Nissan,Altima,2017.0,Sedan,Petrol,2.5,27976.0,4.0,Automatic,FWD,Black
549,Hyundai,Elantra,2016.0,Sedan,Petrol,1.8,29467.0,4.0,Automatic,FWD,Black
21953,Toyota,Prius,2016.0,Hatchback,Hybrid,1.8,30285.0,4.0,Automatic,FWD,White
69502,Hyundai,Sonata,2018.0,Sedan,Petrol,2.0,14913.0,4.0,Automatic,FWD,White
42052,Hyundai,Santa Fe,2016.0,SUV,Diesel,2.0,75922.0,4.0,Automatic,FWD,Black
16621,Toyota,Prius C,2013.0,Hatchback,Hybrid,1.5,64002.0,4.0,Automatic,FWD,Gray
22266,Hyundai,H1,2011.0,Van,Diesel,2.5,75065.0,4.0,Automatic,FWD,Black
5645,Volkswagen,Golf,2002.0,Hatchback,Petrol,2.0,93206.0,4.0,Automatic,FWD,Silver
20071,Hyundai,Elantra,2015.0,Sedan,Petrol,1.8,35419.0,4.0,Automatic,FWD,Black
11895,Chevrolet,Cruze,2014.0,Sedan,Diesel,2.0,37625.0,4.0,Automatic,FWD,Red
13642,Chevrolet,Orlando,2015.0,SUV,Petrol,2.0,22222.0,4.0,Automatic,FWD,Black
11133,Toyota,Camry,2014.0,Sedan,Hybrid,2.5,111463.0,4.0,Automatic,FWD,Black
16719,Honda,Fit,2013.0,Hatchback,Hybrid,1.5,95940.0,4.0,Automatic,FWD,Silver
13172,Ford,Focus,2014.0,Sedan,Petrol,2.0,83513.0,4.0,Automatic,FWD,Red
7527,Chevrolet,Captiva,2007.0,SUV,Diesel,2.0,48211.0,4.0,Automatic,FWD,White
36235,Hyundai,H1,2016.0,Van,Diesel,2.5,68121.0,4.0,Automatic,FWD,Silver
16308,Toyota,Prius,2017.0,Hatchback,Hybrid,1.8,28265.0,4.0,Automatic,FWD,White
36899,Hyundai,H1,2014.0,Van,Diesel,2.5,65531.0,4.0,Automatic,FWD,Gray
28532,Toyota,Aqua,2019.0,Hatchback,Petrol,1.5,15535.0,4.0,Automatic,FWD,Silver
21953,Honda,Fit,2014.0,Sedan,Petrol,1.5,48716.0,4.0,Automatic,FWD,Blue
14279,Hyundai,Sonata,2015.0,Sedan,Petrol,2.0,109515.0,4.0,Automatic,FWD,Silver
51075,Hyundai,Santa Fe,2016.0,SUV,Diesel,2.0,65918.0,4.0,Automatic,FWD,Gray
8624,Honda,Fit,2005.0,Hatchback,Petrol,1.5,118061.0,4.0,Automatic,FWD,Silver
20385,Toyota,Prius,2012.0,Hatchback,Hybrid,1.8,120298.0,4.0,Automatic,FWD,White
8311,Mercedes-Benz,GLA,2016.0,SUV,Petrol,2.0,68075.0,4.0,Automatic,FWD,White
14740,Chevrolet,Captiva,2007.0,SUV,Diesel,2.0,33555.0,4.0,Automatic,RWD,White
5488,Toyota,Camry,2014.0,Sedan,Hybrid,2.5,68226.0,4.0,Automatic,FWD,White
15257,Hyundai,Sonata,2010.0,Sedan,Petrol,2.0,91391.0,4.0,Automatic,FWD,Black
11604,Ford,Transit,1998.0,Van,Diesel,2.5,111847.0,4.0,Manual,RWD,Red
6272,Mazda,Demio,2002.0,Hatchback,Petrol,1.5,102527.0,4.0,Automatic,FWD,White
48547,Hyundai,Sonata,2016.0,Sedan,Petrol,2.0,26719.0,4.0,Automatic,FWD,White
2274,Honda,Civic,2014.0,Sedan,Petrol,1.8,79330.0,4.0,Automatic,FWD,Gray
10349,BMW,3 Series,2002.0,Sedan,Petrol,2.0,90099.0,4.0,Automatic,RWD,Red
45542,Hyundai,Santa Fe,2014.0,SUV,Diesel,2.0,34245.0,4.0,Automatic,FWD,Silver
32578,Hyundai,Tucson,2014.0,SUV,Diesel,2.0,81452.0,4.0,Automatic,FWD,White
6429,Toyota,Camry,2015.0,Sedan,Petrol,2.5,71991.0,4.0,Automatic,FWD,Black
14583,Toyota,Camry,2018.0,Sedan,Petrol,2.5,18444.0,4.0,Automatic,FWD,Black
24283,Chevrolet,Orlando,2015.0,SUV,Petrol,2.0,68039.0,4.0,Automatic,FWD,White
18817,Hyundai,Elantra,2014.0,Hatchback,Petrol,2.0,68351.0,4.0,Automatic,FWD,White
14740,Ford,Focus,2014.0,Hatchback,Petrol,2.0,55924.0,4.0,Automatic,FWD,Black
14269,Toyota,Camry,2017.0,Sedan,Petrol,2.5,29848.0,4.0,Automatic,FWD,Red
1490,Ford,Escape,2013.0,SUV,Petrol,2.0,81569.0,4.0,Automatic,FWD,Blue
13172,Honda,Fit,2014.0,Hatchback,Hybrid,1.5,37283.0,4.0,Automatic,FWD,White
35808,Toyota,Aqua,2017.0,Hatchback,Petrol,1.5,23296.0,4.0,Automatic,FWD,Black
19444,Hyundai,Elantra,2014.0,Hatchback,Petrol,2.0,65244.0,4.0,Automatic,FWD,Blue
73310,Hyundai,Santa Fe,2019.0,SUV,Diesel,2.0,1697.0,4.0,Automatic,FWD,Gray
34340,Hyundai,Santa Fe,2015.0,SUV,Diesel,2.0,19419.0,4.0,Automatic,FWD,White
19444,Toyota,Prius C,2013.0,Hatchback,Hybrid,1.5,6836.0,4.0,Automatic,FWD,Green
17249,Toyota,Prius,2013.0,Sedan,Hybrid,1.8,4039.0,4.0,Automatic,FWD,Gray
24706,Lexus,ES 350,2018.0,Sedan,Hybrid,1.8,72620.0,4.0,Automatic,FWD,Black
13500,Toyota,Prius V,2012.0,Hatchback,Hybrid,1.8,31690.0,4.0,Automatic,FWD,White
5331,Volkswagen,Jetta,2014.0,Sedan,Diesel,2.0,10474.0,4.0,Automatic,FWD,Black
34497,Toyota,Camry,2015.0,Sedan,Petrol,2.5,7146.0,4.0,Automatic,FWD,Brown
44517,Hyundai,H1,2016.0,Wagon,Diesel,2.5,77490.0,4.0,Automatic,FWD,Gray
13172,Toyota,Camry,2017.0,Sedan,Petrol,2.5,37283.0,4.0,Automatic,FWD,Black
11133,Toyota,Camry,2014.0,Sedan,Hybrid,2.5,111463.0,4.0,Automatic,FWD,Black
26030,Chevrolet,Volt,2017.0,Hatchback,Hybrid,1.5,32350.0,4.0,Automatic,FWD,Blue
41632,Hyundai,Santa Fe,2016.0,SUV,Diesel,2.0,93464.0,4.0,Automatic,FWD,White
14740,Dodge,Caliber,2009.0,SUV,Petrol,2.0,75808.0,4.0,Automatic,FWD,White
5488,Toyota,Camry,2014.0,Sedan,Hybrid,2.5,68226.0,4.0,Automatic,FWD,White
16308,Mazda,Mazda6,2013.0,Sedan,Petrol,2.5,77672.0,4.0,Automatic,FWD,Gray
21796,Toyota,Camry,2014.0,Sedan,Petrol,2.5,48345.0,4.0,Automatic,FWD,Black
5018,Lexus,IS 250,2015.0,Sedan,Petrol,2.5,43592.0,6.0,Automatic,RWD,White
48403,Hyundai,Santa Fe,2015.0,SUV,Diesel,2.0,68351.0,4.0,Automatic,FWD,White
9408,BMW,3 Series,2005.0,Coupe,Petrol,2.0,68351.0,4.0,Automatic,RWD,Black
14113,Ford,Focus,2013.0,Sedan,Petrol,2.0,72577.0,4.0,Automatic,FWD,Black
16935,Hyundai,Elantra,2012.0,Sedan,Petrol,1.8,60273.0,4.0,Automatic,FWD,Brown
33870,Toyota,Camry,2016.0,Sedan,Petrol,2.5,11807.0,4.0,Automatic,FWD,Silver
13799,Honda,Elysion,2011.0,Van,Petrol,2.0,95070.0,4.0,Automatic,FWD,Gray
784,Toyota,Camry,2014.0,Sedan,Hybrid,2.5,63627.0,4.0,Automatic,FWD,Black
706,Toyota,Prius,2010.0,Hatchback,Hybrid,1.8,45610.0,4.0,Automatic,FWD,White
23050,Lexus,CT 200h,2012.0,Hatchback,Hybrid,1.8,107091.0,4.0,Automatic,FWD,Black
23207,Toyota,Prius,2013.0,Hatchback,Hybrid,1.8,42875.0,4.0,Automatic,FWD,Gray
15329,Hyundai,H1,2009.0,Van,Diesel,2.5,71449.0,4.0,Automatic,FWD,Gold
39615,Honda,Fit,2017.0,Hatchback,Petrol,1.5,30448.0,4.0,Automatic,FWD,White
56136,Mercedes-Benz,E-Class,2017.0,Sedan,Petrol,2.0,31667.0,4.0,Automatic,RWD,Black
5645,Honda,Civic,2010.0,Sedan,Petrol,1.8,54824.0,4.0,Automatic,FWD,White
11290,Toyota,Prius,2010.0,Hatchback,Hybrid,1.8,103011.0,4.0,Automatic,FWD,Red
10036,Toyota,Aqua,2013.0,Hatchback,Petrol,1.5,65369.0,4.0,Automatic,FWD,Silver
19416,Chevrolet,Orlando,2012.0,SUV,Diesel,2.0,86764.0,4.0,Automatic,FWD,Black
15608,Hyundai,Genesis,2009.0,Coupe,Petrol,2.0,32777.0,4.0,Automatic,FWD,Blue
23436,Hyundai,H1,2014.0,Van,Diesel,2.5,107802.0,4.0,Automatic,FWD,Black
22580,Hyundai,Tucson,2019.0,Sedan,Petrol,2.0,19387.0,4.0,Automatic,AWD,Blue
6429,Toyota,Corolla,2018.0,Sedan,Petrol,1.8,48845.0,4.0,Automatic,FWD,Black
12858,Hyundai,Elantra,2012.0,Coupe,Petrol,1.8,54060.0,4.0,Automatic,FWD,Black
97235,Hyundai,Santa Fe,2020.0,SUV,Diesel,2.0,27257.0,4.0,Automatic,FWD,Gray
5000,Ford,Transit,1990.0,Van,Diesel,2.5,62138.0,4.0,Manual,RWD,Red
1019,Lexus,CT 200h,2012.0,Hatchback,Hybrid,1.8,119728.0,4.0,Automatic,FWD,White
17876,Toyota,Prius,2011.0,Sedan,Hybrid,1.8,80157.0,4.0,Automatic,FWD,Gray
15053,Hyundai,Tucson,2010.0,SUV,Diesel,2.0,33077.0,4.0,Automatic,FWD,Black
31211,Toyota,Aqua,2014.0,Hatchback,Petrol,1.5,12428.0,4.0,Automatic,FWD,Black
17876,Ford,Fusion,2010.0,Sedan,Hybrid,2.5,96934.0,4.0,Automatic,FWD,White
16753,Hyundai,Genesis,2010.0,Coupe,Petrol,2.0,118846.0,4.0,Automatic,FWD,White
9565,Volkswagen,Jetta,2014.0,Sedan,Diesel,2.0,104787.0,4.0,Automatic,FWD,Brown
12541,Toyota,Vitz,2001.0,Sedan,Petrol,1.5,93206.0,4.0,Manual,FWD,White
11259,Hyundai,Sonata,2013.0,Sedan,Petrol,2.0,24143.0,4.0,Automatic,FWD,White
14113,Toyota,Aqua,2013.0,Hatchback,Hybrid,1.5,92585.0,4.0,Automatic,FWD,Blue
10976,Toyota,Aqua,2013.0,Hatchback,Hybrid,1.5,49710.0,4.0,Automatic,FWD,Blue
16151,Hyundai,Tucson,2011.0,SUV,Diesel,2.0,33221.0,4.0,Automatic,FWD,Gray
72130,Toyota,Camry,2018.0,Sedan,Hybrid,2.5,16778.0,4.0,Automatic,FWD,Black
48403,Hyundai,Santa Fe,2015.0,SUV,Diesel,2.0,52903.0,4.0,Automatic,FWD,Blue
5175,Toyota,Camry,2012.0,Sedan,Petrol,2.5,75384.0,4.0,Automatic,FWD,Gray
18503,Volkswagen,Passat,2012.0,Sedan,Petrol,2.5,46603.0,5.0,Automatic,FWD,Black
549,Subaru,Forester,2014.0,SUV,Petrol,2.0,45120.0,4.0,Automatic,AWD,White
47042,Audi,Q5,2016.0,SUV,Petrol,2.0,34946.0,4.0,Automatic,AWD,Gray
27924,Hyundai,H1,2014.0,Van,Diesel,2.5,108420.0,4.0,Automatic,FWD,Silver
8467,Nissan,Versa,2012.0,Hatchback,Petrol,1.8,102998.0,4.0,Automatic,FWD,Black
55638,Hyundai,Santa Fe,2015.0,SUV,Diesel,2.0,22879.0,4.0,Automatic,FWD,White
8781,Toyota,Aqua,2012.0,Sedan,Hybrid,1.5,63380.0,4.0,Automatic,FWD,Black
15994,Toyota,Prius,2010.0,Sedan,Petrol,1.8,114333.0,4.0,Automatic,FWD,Gray
15053,Honda,Fit,2014.0,Hatchback,Hybrid,1.5,80779.0,4.0,Automatic,AWD,Silver
26030,Chevrolet,Volt,2017.0,Hatchback,Hybrid,1.5,32350.0,4.0,Automatic,FWD,Blue
1200,Volkswagen,Passat,1996.0,Van,Petrol,2.0,1876.0,4.0,Manual,FWD,Silver
30750,Hyundai,H1,2014.0,Van,Diesel,2.5,90855.0,4.0,Automatic,FWD,Silver
9408,Toyota,Vitz,2006.0,Hatchback,Petrol,1.5,71458.0,4.0,Automatic,FWD,Black
784,Toyota,Camry,2014.0,Sedan,Hybrid,2.5,63627.0,4.0,Automatic,FWD,Black
20071,Toyota,Prius,2013.0,Hatchback,Hybrid,1.8,63629.0,4.0,Automatic,FWD,White
7527,Volkswagen,other,2016.0,Hatchback,Petrol,2.0,70588.0,4.0,Automatic,FWD,Black
7683,Hyundai,Elantra,2016.0,Sedan,Petrol,1.8,75708.0,4.0,Automatic,FWD,Blue
15000,Toyota,Corolla,2019.0,Wagon,Hybrid,1.5,13671.0,4.0,Automatic,FWD,White
14740,Subaru,Forester,2012.0,SUV,Petrol,2.5,105012.0,4.0,Automatic,AWD,Black
8311,Chevrolet,Captiva,2007.0,SUV,Diesel,2.0,39494.0,4.0,Automatic,FWD,White
45542,Hyundai,Tucson,2016.0,SUV,Diesel,2.0,55045.0,4.0,Automatic,FWD,Black
706,Subaru,XV,2015.0,Sedan,Petrol,2.0,69150.0,4.0,Automatic,AWD,Black
17327,Honda,Fit,2014.0,Wagon,Hybrid,1.5,75186.0,4.0,Automatic,FWD,Black
5018,Toyota,Camry,2013.0,Sedan,Hybrid,2.5,118402.0,4.0,Automatic,FWD,Black
25456,Chevrolet,Malibu,2012.0,Sedan,Petrol,2.0,84485.0,4.0,Automatic,FWD,Black
5018,Hyundai,Elantra,2018.0,Sedan,Petrol,2.0,38151.0,4.0,Automatic,FWD,Black
3450,Mercedes-Benz,E-Class,2017.0,Sedan,Petrol,2.0,31647.0,4.0,Automatic,RWD,Black
26180,Hyundai,Sonata,2010.0,Sedan,Petrol,2.0,31986.0,4.0,Automatic,FWD,White
41193,Hyundai,Santa Fe,2013.0,SUV,Diesel,2.0,74848.0,4.0,Automatic,FWD,Gray
16308,Volkswagen,Passat,2013.0,Sedan,Petrol,2.5,59652.0,5.0,Automatic,FWD,Silver
8500,Nissan,Tiida,2006.0,Hatchback,Petrol,1.5,83264.0,4.0,Automatic,FWD,Silver
17249,Volkswagen,Jetta,2014.0,Sedan,Hybrid,1.8,622.0,4.0,Automatic,FWD,Black
12231,Toyota,Aqua,2013.0,Hatchback,Petrol,1.5,80779.0,4.0,Automatic,FWD,Silver
21169,Toyota,Prius,2014.0,Hatchback,Hybrid,1.8,47225.0,4.0,Automatic,FWD,White
627,Honda,Civic,2013.0,Sedan,Hybrid,1.5,59542.0,4.0,Automatic,FWD,Silver
14113,Ford,Transit,2000.0,Van,Diesel,2.5,124275.0,4.0,Manual,RWD,White
32578,Hyundai,H1,2016.0,Van,Diesel,2.5,73071.0,4.0,Automatic,FWD,White
12231,Kia,Optima,2013.0,Sedan,Petrol,2.0,21753.0,4.0,Automatic,FWD,Black
21639,Chevrolet,Cruze,2014.0,Sedan,Diesel,2.0,63332.0,4.0,Automatic,FWD,Black
9408,Kia,Sportage,2008.0,SUV,Diesel,2.0,37859.0,4.0,Automatic,FWD,Silver
25716,BMW,X1,2015.0,SUV,Petrol,2.0,60601.0,4.0,Automatic,AWD,Gray
12544,Ford,Focus,2015.0,Sedan,Petrol,2.0,44810.0,4.0,Automatic,FWD,White
30326,Hyundai,H1,2016.0,Wagon,Diesel,2.5,25400.0,4.0,Automatic,FWD,Gray
17876,Toyota,Prius C,2015.0,Hatchback,Petrol,1.5,44304.0,4.0,Automatic,FWD,White
7527,Nissan,Note,2008.0,Sedan,Petrol,1.5,70284.0,4.0,Automatic,FWD,Gray
10192,Lexus,ES 350,2015.0,Sedan,Hybrid,2.5,25095.0,4.0,Automatic,FWD,White
65817,Honda,Civic,2019.0,Sedan,Petrol,1.5,9036.0,4.0,Automatic,FWD,Blue
18503,Hyundai,Elantra,2014.0,Sedan,Petrol,1.8,93206.0,6.0,Automatic,FWD,Gray
20698,Toyota,Prius,2013.0,Hatchback,Hybrid,1.8,62138.0,4.0,Automatic,FWD,Silver
35617,Chevrolet,Impala,2017.0,Sedan,Petrol,2.5,35099.0,4.0,Automatic,FWD,Gold
47217,Hyundai,Santa Fe,2016.0,SUV,Diesel,2.0,92881.0,4.0,Automatic,FWD,Gray
21012,Toyota,Prius,2012.0,Sedan,Hybrid,1.8,102527.0,4.0,Automatic,FWD,Black
862,Ford,Fusion,2014.0,Sedan,Hybrid,2.0,115605.0,4.0,Automatic,FWD,Black
14740,Hyundai,Sonata,2015.0,Sedan,Petrol,2.0,31401.0,4.0,Automatic,FWD,Silver
26804,Hyundai,Santa Fe,2013.0,SUV,Diesel,2.0,32514.0,4.0,Automatic,FWD,Gray
15367,Toyota,Prius,2010.0,Sedan,Hybrid,1.8,57788.0,4.0,Automatic,FWD,Silver
13172,Toyota,Prius,2010.0,Hatchback,Hybrid,1.8,56254.0,4.0,Automatic,FWD,White
3136,Toyota,Camry,2012.0,Sedan,Hybrid,2.5,99034.0,4.0,Automatic,FWD,White
1882,Toyota,Prius,2009.0,Sedan,Hybrid,1.5,88500.0,4.0,Automatic,FWD,White
15681,Hyundai,Elantra,2013.0,Sedan,Petrol,1.8,25850.0,4.0,Automatic,FWD,Gray
18189,Hyundai,Elantra,2015.0,Sedan,Petrol,1.8,10564.0,4.0,Automatic,FWD,Gray
3763,Volkswagen,Golf,1997.0,Hatchback,Petrol,2.0,15535.0,4.0,Manual,FWD,Gray
27921,Hyundai,H1,2014.0,Van,Diesel,2.5,114768.0,4.0,Automatic,FWD,Silver
32772,Hyundai,H1,2014.0,Van,Diesel,2.5,31614.0,4.0,Automatic,FWD,Black
23521,Toyota,Camry,2013.0,Sedan,Petrol,2.5,90099.0,4.0,Automatic,FWD,Gray
27284,Toyota,Camry,2015.0,Sedan,Hybrid,2.5,49710.0,4.0,Automatic,FWD,Gray
15524,Toyota,Prius,2010.0,Hatchback,Hybrid,1.8,77051.0,4.0,Automatic,FWD,Gray
8781,Kia,Optima,2012.0,Sedan,Petrol,2.0,28713.0,4.0,Automatic,FWD,Silver
3763,Toyota,Camry,2013.0,Sedan,Hybrid,2.5,77617.0,4.0,Automatic,FWD,White
8006,Hyundai,Sonata,2010.0,Sedan,Petrol,2.0,41483.0,4.0,Automatic,FWD,Black
8781,Kia,Optima,2012.0,Sedan,Petrol,2.0,28713.0,4.0,Automatic,FWD,Silver
18189,Volkswagen,CC,2013.0,Sedan,Petrol,2.0,83513.0,4.0,Automatic,FWD,White
7840,Nissan,Tiida,2006.0,Hatchback,Petrol,1.5,88857.0,4.0,Automatic,FWD,Black
8467,BMW,5 Series,1997.0,Sedan,Petrol,2.5,69042.0,6.0,Automatic,RWD,Silver
31047,Hyundai,Veloster,2019.0,Hatchback,Petrol,2.0,7457.0,4.0,Automatic,FWD,White
4000,Subaru,Forester,2003.0,Van,Petrol,2.5,622.0,6.0,Automatic,AWD,White
26500,Hyundai,Tucson,2017.0,SUV,Petrol,2.0,29163.0,4.0,Automatic,FWD,Black
6586,Chevrolet,Captiva,2007.0,SUV,Diesel,2.0,46347.0,4.0,Automatic,FWD,White
17249,Toyota,Prius C,2013.0,Hatchback,Hybrid,1.5,55924.0,4.0,Automatic,FWD,Blue
11290,Honda,Fit,2014.0,Hatchback,Hybrid,1.5,37283.0,4.0,Automatic,FWD,Silver
31361,Hyundai,H1,2011.0,Van,Diesel,2.5,47846.0,4.0,Automatic,RWD,Silver
3450,Subaru,Outback,2019.0,SUV,Petrol,2.5,9619.0,4.0,Automatic,AWD,White
8900,Mitsubishi,Airtrek,2001.0,SUV,Petrol,2.0,118061.0,4.0,Automatic,FWD,Gray
2744,Subaru,XV,2013.0,SUV,Petrol,2.0,67270.0,4.0,Automatic,AWD,Gray
6272,Nissan,Skyline,2004.0,Sedan,Petrol,2.5,96934.0,6.0,Automatic,AWD,Silver
5959,Toyota,RAV4,2012.0,SUV,Petrol,2.5,99358.0,4.0,Automatic,FWD,Brown
17719,Hyundai,H1,2012.0,Van,Diesel,2.5,32685.0,4.0,Automatic,FWD,White
42933,Toyota,Aqua,2017.0,Hatchback,Petrol,1.5,31634.0,4.0,Automatic,FWD,Black
784,Toyota,Prius,2012.0,Hatchback,Hybrid,1.8,108296.0,4.0,Automatic,FWD,Silver
18817,Honda,Fit,2016.0,Hatchback,Petrol,1.5,30821.0,4.0,Automatic,FWD,White
9408,Toyota,VOXY,2003.0,Van,Petrol,2.0,124275.0,4.0,Automatic,AWD,White
15988,Toyota,Aqua,2013.0,Wagon,Hybrid,1.5,55164.0,4.0,Automatic,FWD,Gold
37984,Hyundai,Sonata,2016.0,Sedan,Petrol,2.0,62883.0,4.0,Automatic,FWD,Gray
26657,Toyota,Camry,2014.0,Sedan,Petrol,2.5,79735.0,4.0,Automatic,FWD,Silver
14113,Toyota,Prius,2008.0,Hatchback,Hybrid,1.5,59354.0,4.0,Automatic,FWD,Red
23521,Toyota,Camry,2014.0,Sedan,Petrol,2.5,91867.0,4.0,Automatic,FWD,Gray
13454,Hyundai,H1,2008.0,Van,Diesel,2.5,57963.0,4.0,Automatic,FWD,Silver
30351,Hyundai,Santa Fe,2013.0,SUV,Diesel,2.0,92608.0,4.0,Automatic,FWD,White
11726,Honda,Fit,2015.0,Hatchback,Hybrid,1.5,63708.0,4.0,Automatic,FWD,Black
19444,Toyota,Prius,2012.0,Hatchback,Hybrid,1.8,85128.0,4.0,Automatic,FWD,White
25716,Hyundai,Elantra,2016.0,Sedan,Petrol,2.0,28273.0,4.0,Automatic,FWD,Black
19000,Hyundai,Elantra,2013.0,Hatchback,Petrol,1.8,59031.0,4.0,Automatic,FWD,Gray
12544,Volkswagen,Jetta,2013.0,Sedan,Petrol,2.0,69594.0,4.0,Manual,FWD,Gray
36899,Hyundai,H1,2016.0,Van,Diesel,2.5,68456.0,4.0,Automatic,FWD,Silver
3450,Toyota,Prius,2012.0,Hatchback,Hybrid,1.8,21800.0,4.0,Automatic,FWD,White
9565,Lexus,CT 200h,2016.0,Hatchback,Hybrid,1.8,44680.0,4.0,Automatic,FWD,White
14113,Ford,Focus,2015.0,Sedan,Petrol,2.0,33555.0,4.0,Automatic,FWD,Red
6429,Honda,Accord,2019.0,Sedan,Petrol,1.5,2541.0,4.0,Automatic,FWD,Blue
19312,Hyundai,Tucson,2011.0,SUV,Diesel,2.0,124063.0,4.0,Automatic,FWD,Gray
44843,Hyundai,H1,2017.0,Wagon,Diesel,2.5,65706.0,4.0,Automatic,FWD,White
32744,Chevrolet,Captiva,2015.0,SUV,Diesel,2.0,30009.0,4.0,Automatic,FWD,Silver
8467,Nissan,Note,2007.0,Sedan,Petrol,1.5,85750.0,4.0,Automatic,FWD,Black
11917,Toyota,Prius,2008.0,Hatchback,Hybrid,1.5,118061.0,4.0,Automatic,FWD,Blue
23521,Toyota,Camry,2014.0,Sedan,Petrol,2.5,104192.0,4.0,Automatic,FWD,Black
16621,Hyundai,Elantra,2012.0,Sedan,Petrol,1.8,51574.0,4.0,Automatic,FWD,Blue
941,Volkswagen,Jetta,2014.0,Sedan,Diesel,1.8,43029.0,4.0,Automatic,FWD,Blue
45473,Toyota,RAV4,2017.0,SUV,Petrol,2.5,10937.0,4.0,Automatic,AWD,Red
16766,Chevrolet,Cruze,2014.0,Sedan,Petrol,1.8,36992.0,4.0,Automatic,FWD,Gray
15367,Hyundai,Sonata,2015.0,Sedan,Petrol,2.0,31861.0,4.0,Automatic,FWD,Silver
13485,Hyundai,Sonata,2015.0,Sedan,Petrol,2.0,18867.0,4.0,Automatic,FWD,Silver
22947,Hyundai,Tucson,2010.0,SUV,Diesel,2.0,123875.0,4.0,Automatic,FWD,White
22580,Toyota,Camry,2013.0,Sedan,Hybrid,2.5,103595.0,4.0,Automatic,FWD,Silver
3450,Toyota,Camry,2019.0,Sedan,Hybrid,2.5,5982.0,4.0,Automatic,FWD,Black
13799,Toyota,Aqua,2012.0,Hatchback,Hybrid,1.5,59652.0,4.0,Automatic,FWD,Silver
14113,Toyota,Prius,2010.0,Hatchback,Hybrid,1.8,76597.0,4.0,Automatic,FWD,Black
22580,Mercedes-Benz,E-Class,2017.0,Sedan,Petrol,2.0,31647.0,4.0,Automatic,RWD,Black
57526,Hyundai,Santa Fe,2017.0,SUV,Diesel,2.0,25446.0,4.0,Automatic,FWD,Silver
18503,Toyota,Prius,2010.0,Hatchback,Hybrid,1.8,87614.0,4.0,Automatic,FWD,Gray
18817,Toyota,Camry,2018.0,Sedan,Hybrid,2.5,21785.0,4.0,Automatic,FWD,White
8781,Nissan,Tiida,2007.0,Hatchback,Petrol,1.5,93393.0,4.0,Automatic,FWD,Gray
8781,Nissan,Serena,2002.0,Van,Petrol,2.0,108740.0,4.0,Automatic,FWD,Black
2666,Ford,Fusion,2015.0,Sedan,Hybrid,2.0,62602.0,4.0,Automatic,FWD,Green
21950,Toyota,Camry,2014.0,Coupe,Petrol,2.5,57167.0,4.0,Automatic,FWD,Blue
10349,Volkswagen,Jetta,2009.0,Sedan,Petrol,2.5,103397.0,5.0,Automatic,FWD,Black
35617,Chevrolet,Captiva,2015.0,SUV,Diesel,2.0,76953.0,4.0,Automatic,FWD,Gray
21893,Toyota,Aqua,2012.0,Hatchback,Petrol,1.5,36413.0,4.0,Automatic,FWD,Black
1646,Ford,Fusion,2013.0,Sedan,Hybrid,2.0,108504.0,4.0,Automatic,FWD,Gray
53872,Hyundai,Santa Fe,2015.0,SUV,Diesel,2.0,30127.0,4.0,Automatic,FWD,Silver
22580,Toyota,Camry,2012.0,Sedan,Petrol,2.5,8575.0,6.0,Automatic,FWD,Blue
19444,Hyundai,Elantra,2016.0,Sedan,Petrol,1.8,46728.0,4.0,Automatic,FWD,Gray
3293,Toyota,Prius,2010.0,Hatchback,Hybrid,1.8,99036.0,4.0,Automatic,FWD,White
15530,Toyota,Aqua,2013.0,Hatchback,Petrol,1.5,76864.0,4.0,Automatic,FWD,Black
5018,Toyota,Camry,2013.0,Sedan,Hybrid,2.5,118402.0,4.0,Automatic,FWD,Black
22473,Honda,Fit,2013.0,Hatchback,Petrol,1.5,34176.0,4.0,Automatic,FWD,Gold
20100,Mercedes-Benz,C-Class,2012.0,Sedan,Petrol,1.8,59921.0,4.0,Automatic,RWD,White
25089,Toyota,Aqua,2013.0,Hatchback,Petrol,1.5,51799.0,4.0,Automatic,FWD,Black
2587,Audi,other,2012.0,Sedan,Diesel,2.0,108719.0,4.0,Automatic,FWD,Black
13485,Volkswagen,Jetta,2011.0,Sedan,Petrol,2.5,83513.0,4.0,Automatic,FWD,Black
14740,Chevrolet,other,2011.0,Sedan,Petrol,1.8,72701.0,4.0,Automatic,FWD,White
3607,Ford,Transit,1992.0,Van,Diesel,2.5,622.0,4.0,Manual,RWD,Red
7919,Toyota,Aqua,2012.0,Hatchback,Hybrid,1.5,101478.0,4.0,Automatic,FWD,Silver
28015,Toyota,Aqua,2015.0,Hatchback,Petrol,1.5,76204.0,4.0,Automatic,FWD,Black
5488,Toyota,Camry,2014.0,Sedan,Hybrid,2.5,68226.0,4.0,Automatic,FWD,White
23207,Toyota,Prius,2013.0,Hatchback,Hybrid,1.8,44269.0,4.0,Automatic,FWD,Gray
17876,Toyota,Prius C,2013.0,Sedan,Hybrid,1.5,40390.0,4.0,Automatic,FWD,Red
53154,Hyundai,Santa Fe,2016.0,SUV,Diesel,2.0,61516.0,4.0,Automatic,FWD,Silver
17719,Hyundai,Grandeur,2015.0,Sedan,Petrol,2.0,50409.0,4.0,Automatic,FWD,Silver
14426,Hyundai,H1,2009.0,Van,Diesel,2.5,45360.0,4.0,Automatic,FWD,Black
6586,Toyota,C-HR,2019.0,SUV,Petrol,2.0,12408.0,4.0,Automatic,FWD,White
20542,Hyundai,Sonata,2015.0,Sedan,Petrol,2.0,26764.0,4.0,Automatic,FWD,White
21953,Toyota,Prius,2012.0,Hatchback,Hybrid,1.8,55924.0,4.0,Automatic,FWD,White
862,Toyota,Camry,2014.0,Sedan,Hybrid,2.5,81076.0,4.0,Automatic,FWD,White
17092,Kia,Optima,2015.0,Sedan,Petrol,2.0,25531.0,4.0,Automatic,FWD,Black
18817,Toyota,Camry,2018.0,Sedan,Hybrid,2.5,21785.0,4.0,Automatic,FWD,White
14269,Honda,Fit,2014.0,Sedan,Hybrid,1.5,47225.0,4.0,Automatic,FWD,Black
22357,Chevrolet,Orlando,2012.0,SUV,Diesel,2.0,109597.0,4.0,Automatic,FWD,Gray
20385,Toyota,RAV4,2015.0,SUV,Petrol,2.5,56653.0,4.0,Automatic,AWD,Silver
12231,Ford,Transit Connect,2011.0,Van,Petrol,2.0,99420.0,4.0,Automatic,FWD,Gray
9408,Mitsubishi,Pajero iO,2003.0,SUV,Petrol,2.0,111847.0,4.0,Automatic,AWD,White
16621,Ford,Focus,2014.0,Hatchback,Petrol,2.0,80981.0,4.0,Automatic,FWD,Gray
24462,Toyota,Camry,2014.0,Sedan,Petrol,2.5,41011.0,4.0,Automatic,FWD,Black
48534,Hyundai,Santa Fe,2017.0,SUV,Diesel,2.0,48991.0,4.0,Automatic,FWD,Silver
10349,Chevrolet,Equinox,2019.0,Sedan,Petrol,1.5,10595.0,4.0,Automatic,FWD,White
30891,Honda,Civic,2015.0,Sedan,Petrol,1.8,62546.0,4.0,Automatic,FWD,Silver
9722,Nissan,Serena,2005.0,Van,Petrol,2.0,121168.0,4.0,Automatic,FWD,Brown
14740,Hyundai,Elantra,2015.0,Sedan,Petrol,1.8,6214.0,6.0,Automatic,FWD,Black
7213,Kia,Sportage,2007.0,SUV,Diesel,2.0,55596.0,4.0,Automatic,FWD,Silver
3607,Toyota,Camry,2012.0,Sedan,Hybrid,2.5,97256.0,4.0,Automatic,FWD,White
3607,Toyota,Camry,2012.0,Sedan,Hybrid,2.5,97256.0,4.0,Automatic,FWD,White
36219,Hyundai,H1,2016.0,Wagon,Diesel,2.5,97028.0,4.0,Automatic,FWD,Gray
9408,Mazda,MPV,2001.0,Van,Petrol,2.5,111847.0,6.0,Automatic,FWD,Black
25402,Toyota,Camry,2011.0,Sedan,Petrol,2.5,44739.0,4.0,Automatic,FWD,Silver
11447,Lexus,IS 250,2014.0,Sedan,Petrol,2.5,54347.0,6.0,Automatic,RWD,Black
38574,Toyota,Camry,2016.0,Sedan,Hybrid,2.5,37283.0,5.0,Automatic,FWD,White
50805,Mazda,Mazda6,2017.0,Sedan,Petrol,2.5,13671.0,4.0,Automatic,FWD,White
40688,Hyundai,H1,2016.0,Wagon,Diesel,2.5,84014.0,4.0,Automatic,FWD,White
3293,Toyota,Corolla,2016.0,Sedan,Petrol,1.8,58783.0,4.0,Automatic,FWD,Black
16151,Toyota,Prius V,2012.0,Hatchback,Hybrid,1.8,89478.0,4.0,Automatic,FWD,White
20266,Hyundai,Sonata,2012.0,Sedan,Petrol,2.0,100633.0,4.0,Automatic,FWD,Black
5645,Subaru,XV,2013.0,Sedan,Petrol,2.0,65569.0,4.0,Automatic,AWD,Blue
10976,Toyota,Prius,2008.0,Hatchback,Hybrid,1.5,110605.0,4.0,Automatic,FWD,Gold
9722,Toyota,Camry,2018.0,Sedan,Hybrid,2.5,79235.0,4.0,Automatic,FWD,Black
16308,Toyota,Prius,2012.0,Hatchback,Hybrid,1.8,61516.0,4.0,Automatic,FWD,Blue
21012,Ford,Fusion,2013.0,Sedan,Hybrid,2.0,97431.0,4.0,Automatic,FWD,Black
35168,Toyota,Aqua,2015.0,Wagon,Hybrid,1.5,19288.0,4.0,Automatic,FWD,Black
35237,Hyundai,Tucson,2016.0,SUV,Diesel,2.0,74653.0,4.0,Automatic,FWD,White
13877,Hyundai,Sonata,2010.0,Sedan,Petrol,2.0,100190.0,4.0,Automatic,FWD,White
31361,Toyota,Camry,2016.0,Sedan,Petrol,2.5,43496.0,4.0,Automatic,FWD,Black
52059,Lexus,IS 250,2015.0,Sedan,Petrol,2.5,57788.0,6.0,Automatic,AWD,Brown
49431,Hyundai,Sonata,2015.0,Sedan,Petrol,2.0,39613.0,4.0,Automatic,FWD,Black
11917,BMW,3 Series,2003.0,Coupe,Petrol,2.0,105637.0,4.0,Automatic,RWD,Blue
34560,Honda,Fit,2016.0,Wagon,Hybrid,1.5,14776.0,4.0,Automatic,FWD,Gold
55932,Hyundai,Santa Fe,2016.0,SUV,Diesel,2.0,56304.0,4.0,Automatic,FWD,Black
17249,Ford,Fusion,2015.0,Sedan,Petrol,2.5,69594.0,5.0,Automatic,FWD,White
27598,Lexus,IS 250,2013.0,Sedan,Petrol,2.5,39783.0,8.0,Automatic,AWD,White
8781,Nissan,Tiida,2006.0,Sedan,Petrol,1.5,78915.0,4.0,Automatic,FWD,Silver
20382,Hyundai,Sonata,2016.0,Sedan,Petrol,2.0,27719.0,4.0,Automatic,FWD,White
16308,Ford,Escape,2008.0,SUV,Hybrid,2.5,92585.0,4.0,Automatic,AWD,White
3450,Mercedes-Benz,E-Class,2017.0,Sedan,Petrol,2.0,31647.0,4.0,Automatic,RWD,Black
3920,Audi,A4,2013.0,Sedan,Petrol,2.0,97919.0,4.0,Automatic,AWD,Black
6586,Toyota,C-HR,2019.0,Coupe,Petrol,2.0,3243.0,4.0,Automatic,FWD,White
12074,Toyota,Prius,2008.0,Sedan,Hybrid,1.5,103769.0,4.0,Automatic,FWD,Blue
25264,Hyundai,H1,2014.0,Van,Diesel,2.5,123601.0,4.0,Automatic,FWD,Gold
21558,Toyota,Aqua,2012.0,Hatchback,Petrol,1.5,12676.0,4.0,Automatic,FWD,Blue
14426,Lexus,ES 300,2014.0,Sedan,Hybrid,2.5,109494.0,4.0,Automatic,FWD,Black
13485,Hyundai,Sonata,2015.0,Sedan,Petrol,2.0,44968.0,4.0,Automatic,FWD,Silver
15681,Hyundai,Elantra,2013.0,Sedan,Petrol,1.8,44104.0,4.0,Automatic,FWD,Blue
28589,Hyundai,Santa Fe,2013.0,SUV,Diesel,2.0,111268.0,4.0,Automatic,FWD,Black
10976,Subaru,Outback,2007.0,Hatchback,Petrol,2.5,81400.0,4.0,Automatic,AWD,Blue
7840,Mitsubishi,Pajero iO,1999.0,SUV,Petrol,1.8,121168.0,4.0,Automatic,AWD,Silver
15367,Toyota,Prius,2011.0,Sedan,Petrol,1.8,68351.0,4.0,Automatic,FWD,Silver
19757,Toyota,Prius,2012.0,Hatchback,Hybrid,1.8,113090.0,4.0,Automatic,FWD,White
72758,Toyota,Camry,2018.0,Sedan,Hybrid,2.5,16778.0,4.0,Automatic,FWD,Brown
16618,Chevrolet,Cruze,2013.0,Sedan,Petrol,1.8,74435.0,4.0,Automatic,FWD,Black
11604,Dodge,Caliber,2010.0,Hatchback,Petrol,2.0,81400.0,4.0,Automatic,FWD,White
18519,Chevrolet,Cruze,2014.0,Sedan,Petrol,1.8,622.0,4.0,Automatic,FWD,Blue
52696,Hyundai,Sonata,2015.0,Sedan,Petrol,2.0,42825.0,4.0,Automatic,FWD,White
10697,Chevrolet,Cruze,2012.0,Sedan,Petrol,1.8,102770.0,4.0,Automatic,FWD,White
28852,Hyundai,Elantra,2017.0,Sedan,Petrol,2.0,22618.0,4.0,Automatic,FWD,Silver
4704,Hyundai,Elantra,2017.0,Sedan,Petrol,2.0,28113.0,4.0,Automatic,FWD,Gray
2430,Honda,Civic,2014.0,Sedan,Petrol,1.8,92361.0,4.0,Automatic,FWD,Blue
706,Nissan,Altima,2019.0,SUV,Petrol,2.5,18986.0,4.0,Automatic,FWD,Silver
6429,Chevrolet,Captiva,2007.0,SUV,Diesel,2.0,47295.0,4.0,Automatic,FWD,Silver
7683,Chevrolet,Captiva,2007.0,SUV,Diesel,2.0,40112.0,4.0,Automatic,FWD,Black
627,Mazda,CX-9,2019.0,SUV,Petrol,2.5,8815.0,4.0,Automatic,FWD,White
52959,Hyundai,H1,2016.0,Wagon,Diesel,2.5,53264.0,4.0,Automatic,FWD,Black
3607,Chevrolet,Malibu,2018.0,Sedan,Petrol,1.5,40141.0,4.0,Automatic,FWD,Gray
46518,Hyundai,Sonata,2017.0,Sedan,Petrol,2.0,43496.0,4.0,Automatic,FWD,Gray
61816,Hyundai,Santa Fe,2016.0,SUV,Diesel,2.0,21086.0,4.0,Automatic,FWD,Blue
21953,Hyundai,H1,2011.0,Van,Diesel,2.5,37992.0,4.0,Automatic,FWD,Silver
26030,Toyota,Camry,2012.0,Sedan,Hybrid,2.5,92461.0,4.0,Automatic,FWD,Gray
34905,Hyundai,H1,2014.0,Van,Diesel,2.5,82036.0,4.0,Automatic,FWD,Gray
13172,Toyota,Prius V,2016.0,Hatchback,Hybrid,1.8,14292.0,4.0,Automatic,FWD,Gold
14426,Toyota,Prius,2010.0,Hatchback,Hybrid,1.8,100926.0,4.0,Automatic,FWD,White
23991,Hyundai,Tucson,2015.0,SUV,Diesel,2.0,25229.0,4.0,Automatic,FWD,Gray
39201,Toyota,RAV4,2016.0,SUV,Hybrid,2.5,71458.0,4.0,Automatic,AWD,Black
9879,Hyundai,Sonata,2015.0,Sedan,Petrol,2.0,23985.0,4.0,Automatic,FWD,Silver
44790,Hyundai,Santa Fe,2016.0,SUV,Diesel,2.0,76557.0,4.0,Automatic,FWD,White
32302,Hyundai,Santa Fe,2014.0,SUV,Diesel,2.0,26326.0,4.0,Automatic,FWD,Red
9565,Lexus,CT 200h,2016.0,Hatchback,Hybrid,1.8,44680.0,4.0,Automatic,FWD,White
37611,Chevrolet,Impala,2016.0,Sedan,Petrol,2.5,84798.0,4.0,Automatic,FWD,Silver
18817,Toyota,Camry,2018.0,Sedan,Hybrid,2.5,21785.0,4.0,Automatic,FWD,White
39201,Mitsubishi,Outlander,2018.0,SUV,Petrol,2.0,8078.0,4.0,Automatic,AWD,Red
52959,Chevrolet,Impala,2016.0,Sedan,Petrol,2.5,49862.0,4.0,Automatic,FWD,Black
9565,Hyundai,Sonata,2015.0,Sedan,Petrol,2.0,23613.0,4.0,Automatic,FWD,Orange
36899,Hyundai,H1,2014.0,Van,Diesel,2.5,53579.0,4.0,Automatic,FWD,Silver
39201,Mazda,Mazda6,2016.0,Sedan,Petrol,2.5,14292.0,4.0,Automatic,FWD,Red
29009,Hyundai,Tucson,2016.0,SUV,Petrol,2.0,32324.0,4.0,Automatic,AWD,White
7053,Toyota,Aqua,2013.0,Hatchback,Hybrid,1.5,94770.0,4.0,Automatic,FWD,Black
53185,Honda,Civic,2017.0,Sedan,Petrol,1.5,23636.0,4.0,Automatic,FWD,White
11133,Toyota,Camry,2014.0,Sedan,Hybrid,2.5,111463.0,4.0,Automatic,FWD,Black
14834,Hyundai,Tucson,2011.0,SUV,Diesel,2.0,25460.0,4.0,Automatic,FWD,White
13485,Hyundai,Sonata,2015.0,Sedan,Petrol,2.0,44968.0,4.0,Automatic,FWD,Silver
1803,Chevrolet,other,2015.0,Sedan,Petrol,2.0,34201.0,4.0,Automatic,FWD,Silver
20237,Hyundai,Tucson,2010.0,SUV,Diesel,2.0,80779.0,4.0,Automatic,FWD,Gray
13495,Hyundai,Sonata,2011.0,Sedan,Petrol,2.0,56967.0,4.0,Automatic,FWD,Gray
18817,Toyota,Camry,2018.0,Sedan,Hybrid,2.5,21785.0,4.0,Automatic,FWD,White
26971,Hyundai,Genesis,2010.0,Coupe,Petrol,2.0,87001.0,4.0,Automatic,FWD,Red
15681,Hyundai,Elantra,2014.0,Sedan,Petrol,1.8,45788.0,4.0,Automatic,FWD,Silver
12544,Chevrolet,Cruze,2014.0,Sedan,Petrol,1.8,54485.0,4.0,Automatic,FWD,Blue
19657,Hyundai,Santa Fe,2010.0,SUV,Diesel,2.0,116818.0,4.0,Automatic,FWD,Gray
13172,Hyundai,Elantra,2015.0,Sedan,Petrol,1.8,91466.0,4.0,Automatic,FWD,White
30251,Chevrolet,Captiva,2015.0,SUV,Diesel,2.0,76489.0,4.0,Automatic,FWD,Gray
16621,Hyundai,Elantra,2012.0,Sedan,Petrol,1.8,67730.0,4.0,Automatic,FWD,Silver
18029,Hyundai,Tucson,2010.0,SUV,Diesel,2.0,121760.0,4.0,Automatic,FWD,White
13172,Hyundai,H1,2010.0,Van,Diesel,2.5,71507.0,4.0,Automatic,FWD,Silver
11099,Hyundai,Genesis,2010.0,Coupe,Petrol,2.0,69500.0,4.0,Automatic,FWD,White
9408,Chevrolet,Captiva,2009.0,SUV,Diesel,2.0,39550.0,4.0,Automatic,FWD,Black
5488,BMW,3 Series,1994.0,Coupe,Petrol,2.0,622.0,6.0,Manual,RWD,Blue
7213,Nissan,Note,2006.0,Hatchback,Petrol,1.5,90099.0,4.0,Automatic,FWD,Green
25274,Toyota,Aqua,2012.0,Hatchback,Hybrid,1.5,55201.0,4.0,Automatic,FWD,White
16308,Toyota,Prius,2014.0,Hatchback,Hybrid,1.8,54959.0,4.0,Automatic,FWD,Silver
13350,Toyota,Prius,2009.0,Sedan,Hybrid,1.5,9321.0,4.0,Automatic,FWD,Gold
19757,Volkswagen,Passat,2013.0,Sedan,Petrol,2.5,57167.0,6.0,Automatic,FWD,White
46728,Lexus,ES 300,2014.0,Sedan,Hybrid,2.5,82643.0,4.0,Automatic,FWD,Black
627,Hyundai,Elantra,2011.0,SUV,Petrol,1.8,107188.0,4.0,Automatic,FWD,Black
1254,Toyota,Prius,2019.0,Sedan,Hybrid,1.8,4672.0,4.0,Automatic,AWD,White
23521,Mazda,CX-5,2012.0,SUV,Petrol,2.0,65717.0,4.0,Automatic,AWD,Gray
28980,Toyota,Camry,2014.0,Sedan,Hybrid,2.5,90099.0,4.0,Automatic,FWD,Black
1803,Ford,Fusion,2014.0,Sedan,Petrol,2.5,51707.0,4.0,Automatic,FWD,Orange
21953,Toyota,Camry,2013.0,Sedan,Petrol,2.5,87196.0,4.0,Automatic,FWD,Gray
18817,Toyota,Prius,2010.0,Sedan,Petrol,1.8,90099.0,4.0,Automatic,FWD,White
14113,Toyota,Aqua,2012.0,Sedan,Hybrid,1.5,91342.0,4.0,Automatic,FWD,White
18346,Hyundai,H1,2011.0,Van,Diesel,2.5,47547.0,4.0,Automatic,FWD,White
10349,Subaru,Outback,2014.0,SUV,Petrol,2.5,105012.0,4.0,Automatic,AWD,Gray
23104,Hyundai,Sonata,2016.0,Sedan,Petrol,2.0,62574.0,4.0,Automatic,FWD,Silver
18189,Toyota,Prius,2010.0,Hatchback,Hybrid,1.8,108119.0,4.0,Automatic,FWD,White
1019,Audi,A4,2017.0,Sedan,Petrol,2.0,68383.0,4.0,Automatic,AWD,Gray
7840,Mazda,Mazda3,2012.0,Sedan,Petrol,2.0,77672.0,4.0,Automatic,FWD,Silver
24085,Toyota,Aqua,2012.0,Hatchback,Petrol,1.5,26593.0,4.0,Automatic,FWD,Red
19444,Toyota,Camry,2012.0,Sedan,Petrol,2.5,64623.0,8.0,Automatic,FWD,White
31988,Mitsubishi,Outlander,2018.0,SUV,Petrol,2.0,8700.0,4.0,Automatic,FWD,Blue
60994,Hyundai,Tucson,2019.0,SUV,Diesel,2.0,757.0,4.0,Automatic,FWD,Blue
22357,Hyundai,Tucson,2010.0,SUV,Diesel,2.0,99491.0,4.0,Automatic,FWD,Gray
35846,Hyundai,H1,2017.0,Wagon,Diesel,2.5,89247.0,4.0,Automatic,FWD,Black
22580,Mercedes-Benz,E-Class,2017.0,Sedan,Petrol,2.0,31647.0,4.0,Automatic,RWD,Black
21953,Honda,Fit,2016.0,Sedan,Petrol,1.5,34176.0,4.0,Automatic,FWD,Red
21953,Toyota,Camry,2014.0,Sedan,Petrol,2.5,99420.0,6.0,Automatic,FWD,Gray
39226,Hyundai,Tucson,2017.0,SUV,Diesel,2.0,61064.0,4.0,Automatic,FWD,Gray
11290,Toyota,VOXY,2004.0,Van,Petrol,2.0,115576.0,4.0,Automatic,FWD,White
4077,Toyota,Prius,2014.0,Hatchback,Hybrid,1.8,107874.0,4.0,Automatic,FWD,Gray
33870,Hyundai,Santa Fe,2015.0,SUV,Diesel,2.0,31088.0,4.0,Automatic,FWD,White
13978,Hyundai,Sonata,2015.0,Sedan,Petrol,2.0,32228.0,4.0,Automatic,FWD,Silver
45025,Hyundai,Santa Fe,2014.0,SUV,Diesel,2.0,66367.0,4.0,Automatic,FWD,Gray
48108,Hyundai,Santa Fe,2015.0,SUV,Diesel,2.0,73967.0,4.0,Automatic,FWD,Gray
16621,Volkswagen,Jetta,2011.0,Sedan,Petrol,2.5,111000.0,5.0,Manual,FWD,Silver
13485,Ford,Fusion,2015.0,Sedan,Petrol,2.5,76053.0,4.0,Automatic,FWD,Gray
22266,Subaru,Forester,2011.0,SUV,Petrol,2.5,105634.0,4.0,Automatic,AWD,Silver
53185,Honda,Civic,2016.0,Sedan,Petrol,1.5,14115.0,4.0,Automatic,FWD,Gray
13777,Hyundai,Tucson,2010.0,SUV,Diesel,2.0,40759.0,4.0,Automatic,FWD,Gray
7683,Hyundai,Sonata,2013.0,Sedan,Petrol,2.0,56034.0,4.0,Automatic,FWD,Silver
11133,Toyota,Camry,2014.0,Sedan,Hybrid,2.5,111463.0,4.0,Automatic,FWD,Black
15367,Subaru,Forester,2013.0,SUV,Petrol,2.5,60895.0,4.0,Manual,AWD,Gray
2587,Toyota,C-HR,2018.0,SUV,Petrol,2.0,10075.0,4.0,Automatic,FWD,Gray
12544,Hyundai,Elantra,2013.0,Sedan,Petrol,1.8,109362.0,4.0,Automatic,FWD,Black
56136,Mercedes-Benz,E-Class,2017.0,Sedan,Petrol,2.0,31667.0,4.0,Automatic,RWD,Black
66150,Honda,Civic,2018.0,Hatchback,Petrol,1.5,10702.0,4.0,Automatic,FWD,Black
15681,Volkswagen,Jetta,2015.0,Sedan,Petrol,2.0,64002.0,4.0,Automatic,FWD,White
4077,Hyundai,Elantra,2018.0,Sedan,Petrol,2.0,29010.0,4.0,Automatic,FWD,Silver
62653,Hyundai,Santa Fe,2019.0,SUV,Diesel,2.0,4888.0,4.0,Automatic,FWD,Brown
23722,Toyota,Aqua,2014.0,Hatchback,Hybrid,1.5,25787.0,4.0,Automatic,FWD,Blue
31581,Hyundai,H1,2014.0,Van,Diesel,2.5,108953.0,4.0,Automatic,FWD,Gray
14113,Kia,Optima,2014.0,Sedan,Petrol,2.0,28275.0,4.0,Automatic,FWD,Black
8467,Nissan,Tiida,2008.0,Hatchback,Petrol,1.5,105634.0,4.0,Automatic,FWD,Gold
5645,Hyundai,Elantra,2018.0,Sedan,Petrol,2.0,19555.0,4.0,Automatic,FWD,White
16935,Volkswagen,Jetta,2011.0,Sedan,Petrol,2.5,73322.0,5.0,Automatic,FWD,Gray
784,Toyota,Camry,2014.0,Sedan,Hybrid,2.5,63627.0,4.0,Automatic,FWD,Black
7213,Nissan,Note,2005.0,Hatchback,Petrol,1.5,93206.0,4.0,Automatic,FWD,White
5331,Lexus,CT 200h,2013.0,Hatchback,Hybrid,1.8,108146.0,4.0,Automatic,FWD,White
7370,Kia,Optima,2013.0,Sedan,Petrol,2.0,40961.0,4.0,Automatic,FWD,Silver
22894,Subaru,Forester,2013.0,SUV,Petrol,2.5,68351.0,4.0,Automatic,AWD,Silver
17876,Hyundai,Elantra,2014.0,Hatchback,Petrol,2.0,64623.0,4.0,Automatic,FWD,Red
34497,Toyota,Camry,2015.0,Sedan,Hybrid,2.5,55303.0,4.0,Automatic,FWD,White
18500,Hyundai,Genesis,2011.0,Coupe,Petrol,2.0,104587.0,4.0,Automatic,FWD,Black
10976,Ford,Transit,1995.0,Van,Diesel,2.5,124275.0,4.0,Manual,RWD,White
16935,Ford,Fusion,2015.0,Sedan,Petrol,2.0,44400.0,4.0,Automatic,FWD,Black
21639,Mitsubishi,Outlander Sport,2013.0,SUV,Petrol,2.0,44739.0,4.0,Automatic,AWD,Black
10036,Toyota,Prius,2005.0,Sedan,Hybrid,1.5,122411.0,4.0,Automatic,FWD,Silver
25387,Honda,Fit,2015.0,Hatchback,Petrol,1.5,45500.0,4.0,Automatic,FWD,Silver
10976,Honda,Fit,2013.0,Hatchback,Hybrid,1.5,67730.0,4.0,Automatic,FWD,Blue
17249,Toyota,Prius C,2014.0,Hatchback,Hybrid,1.5,42875.0,5.0,Automatic,FWD,White
2666,Ford,Fusion,2015.0,Sedan,Hybrid,2.0,62602.0,4.0,Automatic,FWD,Green
1333,Nissan,Rogue,2017.0,SUV,Petrol,2.5,48406.0,4.0,Automatic,FWD,Black
706,Audi,A4,2014.0,Sedan,Petrol,2.0,100682.0,4.0,Automatic,FWD,Black
7997,Toyota,Prius,2010.0,Hatchback,Hybrid,1.8,95564.0,4.0,Automatic,FWD,Gray
10976,Toyota,VOXY,2003.0,Van,Petrol,2.0,121168.0,4.0,Automatic,FWD,Silver
15053,BMW,other,2003.0,Convertible,Petrol,2.5,9321.0,6.0,Manual,RWD,Blue
5018,Toyota,Camry,2013.0,Sedan,Hybrid,2.5,118402.0,4.0,Automatic,FWD,Black
9408,Honda,Fit,2006.0,Hatchback,Petrol,1.5,93206.0,4.0,Manual,FWD,Silver
12231,Toyota,Prius,2009.0,Hatchback,Hybrid,1.5,116197.0,4.0,Automatic,FWD,Gray
17876,Hyundai,Elantra,2015.0,Hatchback,Petrol,1.8,38526.0,4.0,Automatic,FWD,Black
19444,Subaru,Forester,2009.0,SUV,Petrol,2.5,117812.0,4.0,Automatic,AWD,Red
21181,Chevrolet,Orlando,2012.0,SUV,Diesel,2.0,57705.0,4.0,Automatic,FWD,Silver
6429,Chevrolet,Cruze,2009.0,Sedan,Diesel,2.0,41189.0,4.0,Automatic,FWD,Black
15612,Hyundai,Genesis,2009.0,Coupe,Petrol,2.0,85657.0,4.0,Automatic,FWD,Black
24433,Hyundai,H1,2014.0,Van,Diesel,2.5,79536.0,4.0,Automatic,FWD,Gray
14113,Hyundai,Elantra,2013.0,Sedan,Petrol,1.8,55303.0,4.0,Automatic,FWD,Silver
18817,Toyota,Prius C,2012.0,Hatchback,Hybrid,1.5,74565.0,4.0,Automatic,FWD,Gray
25810,Hyundai,Santa Fe,2010.0,SUV,Diesel,2.0,82021.0,4.0,Automatic,FWD,White
22166,Toyota,Aqua,2012.0,Hatchback,Hybrid,1.5,56545.0,4.0,Automatic,FWD,Gold
34240,Hyundai,Tucson,2014.0,SUV,Diesel,2.0,72972.0,4.0,Automatic,FWD,White
8311,Mercedes-Benz,GLA,2016.0,SUV,Petrol,2.0,68075.0,4.0,Automatic,FWD,White
13900,Volkswagen,Passat,2012.0,Sedan,Petrol,2.5,45050.0,5.0,Automatic,FWD,Gray
26343,Toyota,Camry,2014.0,Sedan,Petrol,2.5,82021.0,4.0,Automatic,FWD,Silver
32954,Hyundai,Santa Fe,2014.0,SUV,Diesel,2.0,121703.0,4.0,Automatic,FWD,White
17249,Toyota,Prius C,2012.0,Hatchback,Hybrid,1.5,46603.0,4.0,Automatic,FWD,White
20385,Toyota,Camry,2013.0,Sedan,Petrol,2.5,54060.0,6.0,Automatic,FWD,Silver
13877,Chevrolet,Cruze,2013.0,Sedan,Petrol,1.8,78215.0,4.0,Automatic,FWD,White
13768,Hyundai,H1,2011.0,Van,Diesel,2.5,33207.0,4.0,Automatic,FWD,Silver
3763,Volkswagen,Jetta,2000.0,Sedan,Petrol,2.0,104391.0,4.0,Automatic,FWD,Silver
23505,Hyundai,Tucson,2014.0,SUV,Diesel,2.0,19368.0,4.0,Automatic,FWD,White
53314,Toyota,Prius,2017.0,Sedan,Hybrid,1.8,19884.0,4.0,Automatic,FWD,White
21639,Toyota,RAV4,2012.0,SUV,Petrol,2.5,36040.0,4.0,Automatic,AWD,Black
17876,Toyota,Prius,2012.0,Hatchback,Hybrid,1.8,100041.0,4.0,Automatic,FWD,Blue
68148,Hyundai,Santa Fe,2019.0,SUV,Diesel,2.0,19466.0,4.0,Automatic,FWD,White
6586,Kia,Sportage,2007.0,SUV,Diesel,2.0,51539.0,4.0,Automatic,FWD,Silver
37633,Hyundai,Tucson,2017.0,SUV,Petrol,2.0,81524.0,6.0,Automatic,FWD,Gray
12544,Toyota,Prius,2011.0,Sedan,Hybrid,1.8,12428.0,4.0,Automatic,FWD,Blue
26030,Chevrolet,Volt,2017.0,Hatchback,Hybrid,1.5,32350.0,4.0,Automatic,FWD,Blue
784,Toyota,Camry,2014.0,Sedan,Hybrid,2.5,63627.0,4.0,Automatic,FWD,Black
13630,Hyundai,Genesis,2009.0,Coupe,Petrol,2.0,64721.0,4.0,Automatic,FWD,Gray
8467,Subaru,Outback,2004.0,Wagon,Petrol,2.5,101284.0,4.0,Automatic,AWD,Silver
13485,Ford,Transit,1997.0,Van,Diesel,2.5,83314.0,4.0,Manual,RWD,Blue
16894,Hyundai,Sonata,2010.0,Sedan,Petrol,2.0,121740.0,4.0,Automatic,FWD,Black
23521,Toyota,Camry,2012.0,Sedan,Petrol,2.5,63380.0,4.0,Automatic,FWD,White
706,Mercedes-Benz,CLA,2014.0,Sedan,Petrol,2.0,39132.0,4.0,Automatic,FWD,Silver
6272,Volkswagen,Jetta,2015.0,Sedan,Petrol,1.8,39639.0,4.0,Automatic,FWD,Black
59504,Hyundai,Tucson,2016.0,SUV,Diesel,2.0,20473.0,4.0,Automatic,FWD,Orange
20005,Chevrolet,Orlando,2012.0,SUV,Diesel,2.0,75839.0,4.0,Automatic,FWD,Black
58172,Honda,Civic,2016.0,Coupe,Petrol,1.5,18812.0,4.0,Automatic,FWD,Black
18450,Hyundai,H1,2010.0,Wagon,Diesel,2.5,78765.0,4.0,Automatic,FWD,Silver
23207,Hyundai,Tucson,2011.0,SUV,Diesel,2.0,89538.0,4.0,Automatic,FWD,Silver
706,Ford,Fusion,2016.0,Sedan,Petrol,2.5,84389.0,4.0,Automatic,FWD,Gray
549,Subaru,Forester,2012.0,SUV,Petrol,2.5,92096.0,4.0,Automatic,AWD,Blue
23521,Toyota,Camry,2014.0,Sedan,Petrol,2.5,73571.0,4.0,Automatic,FWD,Gray
55515,Hyundai,Santa Fe,2016.0,SUV,Diesel,2.0,54265.0,4.0,Automatic,FWD,Blue
13366,Hyundai,Sonata,2010.0,Sedan,Petrol,2.0,65075.0,4.0,Automatic,FWD,Black
61286,Hyundai,Santa Fe,2018.0,SUV,Diesel,2.0,42875.0,4.0,Automatic,FWD,Gray
16099,Toyota,Camry,2014.0,Sedan,Petrol,2.5,64078.0,4.0,Automatic,FWD,Silver
40889,Honda,Civic,2017.0,Hatchback,Petrol,1.5,908.0,4.0,Automatic,FWD,Silver
6586,Mercedes-Benz,C-Class,1998.0,Sedan,Petrol,1.8,69042.0,4.0,Manual,RWD,White
8154,Mitsubishi,Airtrek,2002.0,Wagon,Petrol,2.0,84507.0,4.0,Automatic,FWD,Gray
12544,Toyota,Aqua,2013.0,Sedan,Hybrid,1.5,124275.0,4.0,Automatic,FWD,White
49237,Toyota,Camry,2018.0,Sedan,Petrol,2.5,13671.0,4.0,Automatic,FWD,Black
3136,Toyota,Camry,2012.0,Sedan,Hybrid,2.5,99034.0,4.0,Automatic,FWD,White
4391,Toyota,Prius,2014.0,Hatchback,Hybrid,1.8,94401.0,4.0,Automatic,FWD,White
10976,Volkswagen,Passat,2013.0,Sedan,Petrol,2.5,65244.0,5.0,Automatic,FWD,Gray
36567,Hyundai,H1,2016.0,Van,Diesel,2.5,74565.0,4.0,Automatic,FWD,Black
21316,Honda,Fit,2020.0,Hatchback,Petrol,1.5,9695.0,4.0,Automatic,FWD,Orange
1882,Toyota,Prius,2017.0,Sedan,Hybrid,1.8,29622.0,4.0,Automatic,FWD,White
18189,Kia,Optima,2016.0,Sedan,Petrol,2.0,17079.0,4.0,Automatic,FWD,Black
15994,Toyota,Prius,2013.0,Hatchback,Hybrid,1.8,47541.0,4.0,Automatic,FWD,Silver
47217,Hyundai,Santa Fe,2015.0,SUV,Diesel,2.0,67219.0,4.0,Automatic,FWD,Black
27889,Hyundai,Santa Fe,2011.0,SUV,Diesel,2.0,94197.0,4.0,Automatic,FWD,Silver
7056,Chevrolet,Captiva,2007.0,SUV,Diesel,2.0,38174.0,4.0,Automatic,FWD,Silver
36231,Hyundai,Santa Fe,2012.0,SUV,Diesel,2.0,42477.0,4.0,Automatic,FWD,Silver
40092,Hyundai,Tucson,2014.0,SUV,Diesel,2.0,42704.0,4.0,Automatic,FWD,Red
3920,Toyota,Corolla,2015.0,Sedan,Petrol,1.8,85026.0,4.0,Automatic,FWD,White
10976,Honda,CR-V,2002.0,SUV,Petrol,2.0,122411.0,4.0,Automatic,AWD,Blue
43548,Honda,Civic,2014.0,Sedan,Petrol,1.8,43958.0,4.0,Automatic,FWD,White
36968,Hyundai,H1,2014.0,Van,Diesel,2.5,86933.0,4.0,Automatic,FWD,Silver
30583,Hyundai,H1,2014.0,Van,Diesel,2.5,74757.0,4.0,Automatic,FWD,Black
11604,Kia,Optima,2011.0,Sedan,Petrol,2.0,38139.0,4.0,Automatic,FWD,Black
96749,Hyundai,Santa Fe,2020.0,SUV,Diesel,2.0,4121.0,4.0,Automatic,FWD,Gray
12544,Toyota,Prius,2008.0,Hatchback,Hybrid,1.5,69042.0,4.0,Automatic,FWD,White
40340,Hyundai,H1,2017.0,Wagon,Diesel,2.5,106684.0,4.0,Automatic,FWD,Silver
25004,Hyundai,Tucson,2010.0,SUV,Diesel,2.0,60359.0,4.0,Automatic,FWD,Gray
44943,Honda,Civic,2016.0,Sedan,Petrol,2.0,14863.0,4.0,Automatic,FWD,Gray
23270,Hyundai,Tucson,2013.0,SUV,Diesel,2.0,46278.0,4.0,Automatic,FWD,White
44611,Honda,Civic,2016.0,Sedan,Petrol,1.5,44780.0,4.0,Automatic,FWD,Black
22947,Hyundai,Tucson,2010.0,SUV,Diesel,2.0,96499.0,4.0,Automatic,FWD,Silver
9500,Volkswagen,Jetta,2005.0,Sedan,Petrol,2.5,60273.0,5.0,Automatic,FWD,Silver
706,Hyundai,Elantra,2017.0,Sedan,Petrol,2.0,66245.0,4.0,Automatic,FWD,Silver
14586,Toyota,Aqua,2014.0,Hatchback,Petrol,1.5,72297.0,4.0,Automatic,FWD,White
10976,Toyota,Prius,2005.0,Sedan,Hybrid,1.5,26844.0,4.0,Automatic,FWD,White
38260,Toyota,RAV4,2013.0,SUV,Petrol,2.5,109362.0,4.0,Automatic,AWD,Silver
15530,Toyota,Aqua,2014.0,Hatchback,Petrol,1.5,61845.0,4.0,Automatic,FWD,Silver
15681,Hyundai,Sonata,2017.0,Sedan,Petrol,2.0,38064.0,4.0,Automatic,FWD,White
3136,Toyota,Corolla,2017.0,Sedan,Petrol,1.8,38340.0,4.0,Automatic,FWD,Silver
48196,Hyundai,Elantra,2018.0,Sedan,Petrol,2.0,10671.0,4.0,Automatic,FWD,Gray
36721,Honda,Fit,2017.0,Hatchback,Petrol,1.5,18909.0,4.0,Automatic,FWD,White
18503,Hyundai,Elantra,2013.0,Hatchback,Petrol,1.8,73571.0,4.0,Automatic,RWD,White
25089,Toyota,Camry,2012.0,Sedan,Petrol,2.5,86371.0,4.0,Automatic,FWD,Black
21953,Toyota,Camry,2012.0,Sedan,Petrol,2.5,91963.0,4.0,Automatic,FWD,Black
54458,Hyundai,Santa Fe,2016.0,SUV,Diesel,2.0,56376.0,4.0,Automatic,FWD,Blue
15323,Hyundai,Genesis,2010.0,Coupe,Petrol,2.0,82026.0,4.0,Automatic,FWD,Gray
7997,Nissan,Note,2005.0,Hatchback,Petrol,1.5,100041.0,4.0,Automatic,FWD,Silver
26971,Mercedes-Benz,C-Class,2013.0,Coupe,Petrol,1.8,52892.0,4.0,Automatic,FWD,Gray
5488,Chevrolet,Captiva,2007.0,SUV,Diesel,2.0,34042.0,4.0,Automatic,FWD,White
23602,Hyundai,Tucson,2012.0,SUV,Diesel,2.0,44750.0,4.0,Automatic,FWD,White
6743,Lexus,CT 200h,2016.0,Hatchback,Hybrid,1.8,44680.0,4.0,Automatic,FWD,White
31082,Hyundai,H1,2014.0,Van,Diesel,2.5,106237.0,4.0,Automatic,FWD,Gray
49293,Hyundai,Santa Fe,2017.0,SUV,Diesel,2.0,97486.0,4.0,Automatic,FWD,Gray
14426,Hyundai,Elantra,2015.0,Hatchback,Petrol,2.0,40741.0,6.0,Automatic,FWD,White
18817,Ford,Focus,2017.0,Sedan,Petrol,1.5,11235.0,3.0,Automatic,FWD,Red
28608,Chevrolet,Malibu,2014.0,Sedan,Petrol,2.0,47651.0,4.0,Automatic,FWD,Black
21012,Toyota,Camry,2012.0,Sedan,Petrol,2.5,62759.0,4.0,Automatic,FWD,Black
8154,Nissan,Tiida,2006.0,Sedan,Petrol,1.5,93206.0,4.0,Automatic,FWD,Black
27284,Ford,Fusion,2014.0,Sedan,Hybrid,2.0,85750.0,4.0,Automatic,FWD,Black
21012,Hyundai,Elantra,2016.0,Sedan,Petrol,2.0,12987.0,4.0,Automatic,FWD,Blue
25089,Ford,Escape,2013.0,SUV,Petrol,2.5,119304.0,4.0,Automatic,FWD,Gray
24462,Toyota,Camry,2012.0,Sedan,Petrol,2.5,59031.0,4.0,Automatic,RWD,Red
17562,Mercedes-Benz,GLA,2017.0,SUV,Petrol,2.0,68108.0,4.0,Automatic,FWD,White
12544,Nissan,X-Trail,2002.0,SUV,Petrol,2.0,98177.0,4.0,Manual,AWD,Gold
10722,Honda,Fit,2014.0,Hatchback,Hybrid,1.5,50901.0,4.0,Automatic,FWD,Silver
6115,Chevrolet,Cruze,2010.0,Sedan,Petrol,1.8,39285.0,4.0,Automatic,FWD,Silver
57961,Hyundai,Santa Fe,2016.0,SUV,Diesel,2.0,46939.0,4.0,Automatic,FWD,White
22621,Hyundai,Tucson,2011.0,SUV,Diesel,2.0,102808.0,4.0,Automatic,FWD,Gray
23110,Toyota,Aqua,2012.0,Hatchback,Hybrid,1.5,75062.0,4.0,Automatic,FWD,White
33575,Hyundai,H1,2016.0,Van,Diesel,2.5,115576.0,4.0,Automatic,FWD,White
19444,Hyundai,Elantra,2015.0,Sedan,Petrol,1.8,78542.0,4.0,Automatic,FWD,Blue
22580,Hyundai,Elantra,2016.0,Sedan,Petrol,2.0,38526.0,4.0,Automatic,FWD,Black
28909,Chevrolet,Malibu,2016.0,Sedan,Petrol,2.0,67500.0,4.0,Automatic,FWD,Black
24628,Hyundai,H1,2011.0,Van,Diesel,2.5,29625.0,4.0,Automatic,FWD,Silver
4861,Chevrolet,Captiva,2007.0,SUV,Diesel,2.0,33625.0,4.0,Automatic,FWD,Silver
15132,Hyundai,Sonata,2011.0,Sedan,Petrol,2.0,96392.0,4.0,Automatic,FWD,Gray
20071,Hyundai,Elantra,2012.0,Sedan,Petrol,1.8,36040.0,4.0,Automatic,FWD,White
15367,Toyota,Aqua,2012.0,Hatchback,Petrol,1.8,61516.0,4.0,Automatic,FWD,Black
21953,Hyundai,Tucson,2015.0,SUV,Diesel,2.0,32139.0,4.0,Automatic,FWD,White
14583,Toyota,Camry,2013.0,Sedan,Hybrid,2.5,81649.0,4.0,Automatic,FWD,Blue
52263,Hyundai,Santa Fe,2016.0,SUV,Diesel,2.0,67124.0,4.0,Automatic,FWD,Black
24148,Toyota,Aqua,2014.0,Hatchback,Petrol,1.5,32312.0,4.0,Automatic,FWD,Black
5331,Chevrolet,Captiva,2008.0,SUV,Diesel,2.0,28445.0,4.0,Automatic,FWD,Silver
26528,Hyundai,H1,2014.0,Van,Diesel,2.5,114166.0,4.0,Automatic,FWD,Silver
5927,Hyundai,Elantra,2007.0,Sedan,Diesel,1.5,33348.0,4.0,Automatic,FWD,Silver
18817,Toyota,Camry,2018.0,Sedan,Hybrid,2.5,21785.0,4.0,Automatic,FWD,White
11133,Toyota,Camry,2014.0,Sedan,Hybrid,2.5,111463.0,4.0,Automatic,FWD,Black
15367,Hyundai,Elantra,2014.0,Sedan,Petrol,1.8,120298.0,4.0,Automatic,FWD,Silver
36711,Hyundai,Genesis,2012.0,Coupe,Petrol,2.0,47990.0,4.0,Automatic,FWD,Gray
29504,Chevrolet,Orlando,2014.0,SUV,Diesel,2.0,41560.0,4.0,Automatic,FWD,Gray
15524,Ford,Focus,2018.0,Sedan,Petrol,1.5,7742.0,3.0,Automatic,FWD,Black
16107,Toyota,Aqua,2012.0,Hatchback,Petrol,1.5,85750.0,4.0,Automatic,FWD,Blue
17054,Hyundai,H1,2009.0,Wagon,Diesel,2.5,61563.0,4.0,Automatic,FWD,Silver
18817,Toyota,Prius V,2012.0,Wagon,Petrol,1.8,108119.0,4.0,Automatic,FWD,Blue
6272,Nissan,Altima,2015.0,Sedan,Petrol,2.5,58802.0,4.0,Automatic,FWD,White
37125,Hyundai,Santa Fe,2013.0,SUV,Diesel,2.0,91180.0,4.0,Automatic,FWD,Gray
21169,Toyota,Prius,2012.0,Hatchback,Hybrid,1.8,99420.0,4.0,Automatic,FWD,White
15681,Toyota,Aqua,2013.0,Hatchback,Hybrid,1.5,74565.0,4.0,Automatic,FWD,White
16621,Chevrolet,Malibu,2015.0,Sedan,Diesel,2.0,38066.0,4.0,Automatic,FWD,White
28357,Hyundai,H1,2014.0,Van,Diesel,2.5,94312.0,4.0,Automatic,FWD,Silver
14113,Toyota,Aqua,2013.0,Hatchback,Hybrid,1.5,64623.0,4.0,Automatic,FWD,Red
51373,Hyundai,Santa Fe,2016.0,SUV,Diesel,2.0,69488.0,4.0,Automatic,FWD,Gray
7213,Nissan,Note,2005.0,Sedan,Petrol,1.5,106526.0,4.0,Automatic,FWD,Silver
38574,Hyundai,H1,2015.0,Wagon,Petrol,2.5,82220.0,4.0,Automatic,FWD,Silver
29793,Toyota,C-HR,2019.0,SUV,Petrol,2.0,2691.0,4.0,Automatic,FWD,White
58018,Hyundai,Santa Fe,2018.0,SUV,Diesel,2.0,10716.0,4.0,Automatic,FWD,White
7997,Toyota,RAV4,2016.0,SUV,Petrol,2.5,59504.0,4.0,Automatic,AWD,Black
549,Subaru,Forester,2012.0,SUV,Petrol,2.5,92096.0,4.0,Automatic,AWD,Blue
50805,Mazda,Mazda6,2018.0,Sedan,Petrol,2.5,33105.0,4.0,Automatic,FWD,Gray
1725,Hyundai,Elantra,2017.0,Sedan,Petrol,2.0,29773.0,4.0,Automatic,FWD,White
16935,Toyota,Prius,2010.0,Hatchback,Hybrid,1.8,121789.0,4.0,Automatic,FWD,Gray
18817,Toyota,Camry,2012.0,Sedan,Petrol,2.5,91963.0,4.0,Automatic,FWD,Gray
9500,Toyota,Corolla,2010.0,Sedan,Petrol,1.8,86992.0,4.0,Automatic,FWD,Red
17249,Toyota,Prius C,2013.0,Hatchback,Hybrid,1.5,68351.0,4.0,Automatic,FWD,Silver
2274,Toyota,Camry,2014.0,Sedan,Hybrid,2.5,79995.0,4.0,Automatic,FWD,Green
48998,Hyundai,Santa Fe,2015.0,SUV,Diesel,2.0,55196.0,4.0,Automatic,FWD,White
46251,Hyundai,H1,2017.0,Wagon,Diesel,2.5,51660.0,4.0,Automatic,FWD,Gray
6586,Mitsubishi,Pajero iO,1999.0,SUV,Petrol,2.0,94449.0,4.0,Automatic,AWD,White
6743,Chevrolet,Cruze,2009.0,Sedan,Diesel,2.0,39938.0,4.0,Automatic,FWD,Black
7213,Toyota,Vitz,2010.0,Hatchback,Petrol,1.5,82643.0,4.0,Automatic,FWD,Black
17249,Hyundai,Sonata,2012.0,Sedan,Petrol,2.0,74863.0,4.0,Automatic,FWD,White
24462,Toyota,Camry,2013.0,Sedan,Petrol,2.5,61641.0,4.0,Automatic,FWD,Black
2587,Ford,Fusion,2015.0,Sedan,Hybrid,2.0,55175.0,4.0,Automatic,FWD,Black
10349,Chevrolet,Cruze,2009.0,Sedan,Petrol,1.8,32933.0,4.0,Automatic,FWD,Gray
28927,Hyundai,Santa Fe,2011.0,SUV,Diesel,2.0,75547.0,4.0,Automatic,FWD,Gray
627,Hyundai,Elantra,2011.0,SUV,Petrol,1.8,107188.0,4.0,Automatic,FWD,Black
52066,Chevrolet,Impala,2016.0,Sedan,Petrol,2.5,38982.0,4.0,Automatic,FWD,Black
12858,Hyundai,Elantra,2013.0,Hatchback,Petrol,1.8,65866.0,4.0,Automatic,FWD,Black
5645,Nissan,Sentra,2016.0,Sedan,Petrol,1.8,32390.0,4.0,Automatic,FWD,Gray
16621,Toyota,Prius,2010.0,Hatchback,Hybrid,1.8,95692.0,4.0,Automatic,FWD,White
784,Toyota,Camry,2014.0,Sedan,Hybrid,2.5,63627.0,4.0,Automatic,FWD,Black
17719,Hyundai,H1,2012.0,Van,Diesel,2.5,32685.0,4.0,Automatic,FWD,White
30082,Chevrolet,Orlando,2015.0,SUV,Diesel,2.0,34697.0,4.0,Automatic,FWD,Brown
16151,Hyundai,H1,2011.0,Van,Diesel,2.5,41382.0,4.0,Automatic,FWD,Silver
8781,Toyota,Prius,2016.0,Hatchback,Hybrid,1.8,62981.0,4.0,Automatic,FWD,White
47042,Audi,Q5,2016.0,SUV,Petrol,2.0,41715.0,4.0,Automatic,AWD,Black
26500,Honda,other,2017.0,SUV,Petrol,1.8,11938.0,4.0,Automatic,AWD,Black
7850,Chevrolet,Captiva,2009.0,SUV,Diesel,2.0,45074.0,4.0,Automatic,FWD,Black
18817,Toyota,Prius,2012.0,Hatchback,Hybrid,1.8,122795.0,4.0,Automatic,FWD,Gray
12858,Hyundai,Elantra,2012.0,Sedan,Petrol,1.8,97431.0,4.0,Automatic,FWD,Black
29774,Hyundai,Tucson,2014.0,SUV,Diesel,2.0,101267.0,4.0,Automatic,FWD,Silver
20385,Toyota,Camry,2013.0,Sedan,Petrol,2.5,59031.0,4.0,Automatic,FWD,Black
2666,Ford,Fusion,2015.0,Sedan,Hybrid,2.0,62602.0,4.0,Automatic,FWD,Green
28438,Toyota,Aqua,2015.0,Hatchback,Petrol,1.5,17852.0,4.0,Automatic,FWD,Black
16621,Kia,Optima,2014.0,Sedan,Petrol,2.0,24897.0,4.0,Automatic,FWD,Silver
15053,Volkswagen,Jetta,2015.0,Sedan,Petrol,2.0,61376.0,4.0,Automatic,FWD,White
9722,Toyota,Aqua,2013.0,Hatchback,Hybrid,1.5,64623.0,4.0,Automatic,FWD,Blue
862,Honda,Fit,2016.0,SUV,Petrol,1.5,19803.0,4.0,Automatic,FWD,Black
16935,Kia,Optima,2014.0,Sedan,Petrol,2.0,27818.0,4.0,Automatic,FWD,Silver
43655,Hyundai,H1,2016.0,Wagon,Diesel,2.5,90491.0,4.0,Automatic,FWD,Black
7213,Nissan,Note,2005.0,Sedan,Petrol,1.5,1243.0,4.0,Automatic,FWD,Blue
23521,Ford,Fusion,2013.0,Sedan,Hybrid,2.0,70540.0,4.0,Automatic,FWD,Black
24386,Hyundai,Tucson,2011.0,SUV,Diesel,2.0,83759.0,4.0,Automatic,FWD,Silver
19130,Toyota,Prius,2012.0,Hatchback,Hybrid,1.8,73260.0,4.0,Automatic,FWD,Silver
21316,Toyota,Aqua,2012.0,Hatchback,Petrol,1.5,20751.0,4.0,Automatic,FWD,Silver
8781,Toyota,Prius,2017.0,Hatchback,Hybrid,1.8,11874.0,4.0,Automatic,FWD,Silver
31047,Subaru,XV,2013.0,SUV,Hybrid,2.0,39271.0,4.0,Automatic,AWD,White
23433,Hyundai,Sonata,2016.0,Sedan,Petrol,2.0,55240.0,4.0,Automatic,FWD,White
6899,Mercedes-Benz,C-Class,2016.0,Sedan,Petrol,2.0,16216.0,4.0,Automatic,RWD,White
18189,Toyota,Camry,2011.0,Sedan,Petrol,2.5,91365.0,4.0,Automatic,FWD,Silver
11447,Toyota,Prius,2008.0,Sedan,Hybrid,1.5,105634.0,4.0,Automatic,FWD,Black
15994,Toyota,Prius,2010.0,Hatchback,Hybrid,1.8,113090.0,4.0,Automatic,FWD,Silver
54926,Ford,Explorer,2013.0,SUV,Petrol,2.0,56143.0,4.0,Automatic,FWD,Silver
53314,Toyota,C-HR,2019.0,SUV,Petrol,2.0,10937.0,4.0,Automatic,FWD,Gray
47669,Mercedes-Benz,GLA,2017.0,SUV,Petrol,2.0,34613.0,4.0,Automatic,AWD,Black
784,Toyota,Camry,2013.0,Sedan,Petrol,2.5,48884.0,4.0,Automatic,FWD,Silver
18189,Toyota,Camry,2014.0,Sedan,Petrol,2.5,64623.0,4.0,Automatic,FWD,White
11917,Ford,Escape,2013.0,SUV,Petrol,2.0,93828.0,4.0,Automatic,AWD,Silver
9408,Kia,Optima,2013.0,Sedan,Petrol,2.0,28059.0,4.0,Automatic,FWD,White
18900,Toyota,Prius,2011.0,Hatchback,Hybrid,1.8,55862.0,4.0,Automatic,FWD,Beige
21326,Ford,Escape,2009.0,SUV,Hybrid,2.5,105012.0,4.0,Automatic,AWD,Blue
14834,Hyundai,Sonata,2011.0,Sedan,Petrol,2.0,118061.0,4.0,Automatic,FWD,Gray
3136,Toyota,Camry,2012.0,Sedan,Hybrid,2.5,99034.0,4.0,Automatic,FWD,White
23834,Toyota,Prius,2012.0,Hatchback,Hybrid,1.8,40079.0,4.0,Automatic,FWD,Blue
15681,Hyundai,Elantra,2014.0,Sedan,Petrol,1.8,58658.0,4.0,Automatic,FWD,Black
46223,Hyundai,Sonata,2017.0,Sedan,Petrol,2.0,48763.0,4.0,Automatic,FWD,Black
13172,Honda,Fit,2014.0,Hatchback,Hybrid,1.5,62138.0,4.0,Automatic,FWD,White
3763,Toyota,Camry,2013.0,Sedan,Hybrid,2.5,77617.0,4.0,Automatic,FWD,White
24148,Hyundai,H1,2014.0,Van,Diesel,2.5,31787.0,4.0,Automatic,FWD,Black
17249,Toyota,Prius,2011.0,Sedan,Petrol,1.8,75186.0,4.0,Automatic,FWD,Silver
17249,Toyota,Camry,2012.0,Sedan,Petrol,2.5,49710.0,4.0,Automatic,FWD,Silver
1019,Volkswagen,Jetta,2011.0,Sedan,Petrol,2.5,89231.0,5.0,Automatic,FWD,Black
13793,Hyundai,Genesis,2010.0,Coupe,Petrol,2.0,105634.0,4.0,Automatic,FWD,Black
45734,Hyundai,H1,2016.0,Wagon,Diesel,2.5,37940.0,4.0,Automatic,FWD,Black
39578,Hyundai,H1,2016.0,Van,Diesel,2.5,18074.0,4.0,Automatic,FWD,Gray
16599,Chevrolet,Cruze,2012.0,Sedan,Diesel,2.0,62930.0,4.0,Automatic,FWD,White
23204,Honda,Fit,2014.0,Hatchback,Petrol,1.5,39333.0,4.0,Automatic,FWD,Silver
1882,Toyota,Prius,2017.0,Sedan,Hybrid,1.8,29622.0,4.0,Automatic,FWD,White
10036,Toyota,Aqua,2013.0,Hatchback,Hybrid,1.5,96934.0,4.0,Automatic,FWD,Silver
28225,Toyota,RAV4,2015.0,SUV,Petrol,2.5,23787.0,4.0,Automatic,AWD,Red
28852,Ford,Fusion,2017.0,Sedan,Hybrid,2.0,16778.0,4.0,Automatic,FWD,Blue
58018,Mercedes-Benz,CLA,2018.0,Sedan,Petrol,2.0,27341.0,4.0,Automatic,FWD,Black
26594,Hyundai,H1,2014.0,Van,Diesel,2.5,111796.0,4.0,Automatic,FWD,Silver
27065,Hyundai,Tucson,2010.0,SUV,Diesel,2.0,87117.0,4.0,Automatic,FWD,White
37633,Toyota,Camry,2016.0,Sedan,Petrol,2.5,12925.0,4.0,Automatic,FWD,Gray
20385,Toyota,Prius,2012.0,Sedan,Hybrid,1.8,80779.0,4.0,Automatic,FWD,Gray
12544,Volkswagen,Jetta,2011.0,Sedan,Petrol,2.5,86992.0,4.0,Automatic,FWD,Black
23060,Hyundai,Tucson,2015.0,SUV,Diesel,2.0,20089.0,4.0,Automatic,FWD,White
38894,Hyundai,Santa Fe,2015.0,SUV,Diesel,2.0,86517.0,4.0,Automatic,FWD,White
1646,Hyundai,Elantra,2013.0,Sedan,Petrol,1.8,71154.0,4.0,Automatic,FWD,Black
17249,Toyota,Prius,2011.0,Sedan,Hybrid,1.8,71472.0,4.0,Automatic,FWD,Gray
9095,Nissan,Versa,2010.0,Sedan,Petrol,1.8,58409.0,4.0,Automatic,FWD,Silver
11917,Nissan,Versa,2012.0,Sedan,Petrol,1.8,47535.0,4.0,Automatic,FWD,White
19243,Toyota,Aqua,2012.0,Hatchback,Petrol,1.5,50701.0,4.0,Automatic,FWD,Silver
5328,Chevrolet,Cruze,2010.0,Sedan,Petrol,1.8,25634.0,4.0,Automatic,FWD,Red
15367,Toyota,Prius,2011.0,Hatchback,Hybrid,1.8,106255.0,4.0,Automatic,FWD,Gray
17710,Hyundai,H1,2009.0,Van,Diesel,2.5,120720.0,4.0,Automatic,FWD,Silver
37984,Hyundai,H1,2016.0,Wagon,Diesel,2.5,69480.0,4.0,Automatic,FWD,Silver
45160,Kia,Sorento,2016.0,SUV,Diesel,2.0,17536.0,4.0,Automatic,FWD,Black
25823,Toyota,Aqua,2015.0,Hatchback,Petrol,1.5,20506.0,4.0,Automatic,FWD,Red
15053,Hyundai,Santa Fe,2010.0,SUV,Diesel,2.0,25256.0,4.0,Automatic,FWD,White
22737,Toyota,Prius,2016.0,Hatchback,Hybrid,1.8,45323.0,4.0,Automatic,FWD,Blue
39891,Hyundai,Tucson,2014.0,SUV,Diesel,2.0,60324.0,4.0,Automatic,FWD,White
10192,Hyundai,Sonata,2011.0,Sedan,Petrol,2.0,39996.0,4.0,Automatic,FWD,Silver
9408,Mercedes-Benz,CLA,2016.0,Sedan,Petrol,2.0,35291.0,4.0,Automatic,FWD,Red
20698,Hyundai,Sonata,2015.0,Sedan,Petrol,2.0,65935.0,4.0,Automatic,FWD,Silver
4077,Nissan,Altima,2014.0,Sedan,Petrol,2.5,109755.0,4.0,Automatic,FWD,Gray
15210,Toyota,Aqua,2012.0,Hatchback,Hybrid,1.5,88857.0,8.0,Automatic,FWD,Red
25299,Chevrolet,Captiva,2012.0,SUV,Diesel,2.0,85931.0,4.0,Automatic,FWD,Silver
9879,Toyota,Camry,2018.0,Sedan,Petrol,2.5,27866.0,4.0,Automatic,FWD,Brown
29793,Toyota,Avalon,2013.0,Sedan,Hybrid,2.5,124275.0,6.0,Automatic,FWD,Blue
11290,Toyota,Prius,2008.0,Hatchback,Hybrid,1.5,85128.0,4.0,Automatic,FWD,Blue
13877,Hyundai,Sonata,2010.0,Sedan,Petrol,2.0,92441.0,4.0,Automatic,FWD,Silver
13485,Toyota,Prius C,2012.0,Hatchback,Hybrid,1.5,57788.0,4.0,Automatic,FWD,Silver
1725,BMW,5 Series,2015.0,Sedan,Petrol,2.0,53821.0,4.0,Automatic,AWD,Gray
18189,Ford,Escape,2010.0,SUV,Hybrid,2.5,78915.0,4.0,Automatic,AWD,White
26030,Mercedes-Benz,GLA,2017.0,SUV,Petrol,2.0,27959.0,4.0,Automatic,AWD,Black
15500,Toyota,Aqua,2019.0,Hatchback,Hybrid,1.5,3107.0,4.0,Automatic,FWD,White
27591,Hyundai,Tucson,2014.0,SUV,Diesel,2.0,63266.0,4.0,Automatic,FWD,White
30006,Hyundai,Santa Fe,2012.0,SUV,Diesel,2.0,83297.0,4.0,Automatic,FWD,Black
1333,Chevrolet,Malibu,2015.0,Sedan,Petrol,2.5,59802.0,4.0,Automatic,FWD,White
19676,Chevrolet,Malibu,2016.0,Sedan,Petrol,2.0,86287.0,4.0,Automatic,FWD,Black
41281,Hyundai,Tucson,2017.0,SUV,Diesel,2.0,85729.0,4.0,Automatic,FWD,White
9408,Toyota,Aqua,2012.0,Hatchback,Hybrid,1.5,54681.0,4.0,Automatic,FWD,Silver
2352,Toyota,Camry,2013.0,Sedan,Petrol,2.5,115388.0,4.0,Automatic,FWD,White
17876,Volkswagen,Jetta,2011.0,Sedan,Petrol,2.5,91466.0,5.0,Automatic,FWD,White
19757,Mitsubishi,Outlander,2011.0,SUV,Petrol,2.0,53438.0,4.0,Automatic,AWD,White
26971,Kia,Optima,2017.0,Sedan,Petrol,2.0,27838.0,4.0,Automatic,FWD,Black
10036,Toyota,Prius,2007.0,Hatchback,Hybrid,1.5,120546.0,4.0,Automatic,FWD,Silver
32910,Hyundai,H1,2014.0,Van,Diesel,2.5,95787.0,4.0,Automatic,FWD,Black
50150,Toyota,Camry,2019.0,Sedan,Petrol,2.5,24358.0,4.0,Automatic,FWD,White
706,Volkswagen,Jetta,2014.0,Sedan,Petrol,1.8,94811.0,4.0,Automatic,FWD,Silver
13604,Mitsubishi,Outlander Sport,2012.0,SUV,Petrol,2.0,71458.0,4.0,Automatic,AWD,Black
10036,Ford,Focus,2012.0,Sedan,Petrol,2.0,54060.0,4.0,Automatic,FWD,Gray
15681,Hyundai,Elantra,2013.0,Sedan,Petrol,1.8,85750.0,4.0,Automatic,FWD,Gray
18531,Chevrolet,Orlando,2012.0,SUV,Diesel,2.0,123053.0,4.0,Automatic,FWD,Silver
20698,Nissan,Rogue,2015.0,SUV,Petrol,2.5,84507.0,4.0,Automatic,AWD,Silver
18817,Toyota,Prius,2014.0,Hatchback,Hybrid,1.8,66798.0,4.0,Automatic,FWD,Blue
12858,Mercedes-Benz,GLA,2015.0,SUV,Petrol,2.0,99375.0,4.0,Automatic,FWD,Black
11917,Ford,Escape,2008.0,SUV,Hybrid,2.5,119304.0,4.0,Automatic,AWD,Blue
21012,Toyota,C-HR,2019.0,SUV,Petrol,2.0,12325.0,4.0,Automatic,FWD,Silver
21953,Hyundai,Santa Fe,2010.0,SUV,Diesel,2.0,108119.0,4.0,Automatic,FWD,Silver
9418,Hyundai,Sonata,2015.0,Sedan,Petrol,2.0,24691.0,4.0,Automatic,FWD,White
47217,Hyundai,Santa Fe,2015.0,SUV,Diesel,2.0,67219.0,4.0,Automatic,FWD,Black
28225,Lexus,CT 200h,2013.0,Hatchback,Hybrid,1.8,69594.0,4.0,Automatic,FWD,Silver
38251,Hyundai,Sonata,2016.0,Sedan,Petrol,2.0,33555.0,4.0,Automatic,FWD,White
13172,Kia,other,2012.0,Sedan,Petrol,2.0,47846.0,4.0,Automatic,FWD,Black
5018,Hyundai,Sonata,2016.0,Sedan,Hybrid,2.0,44253.0,4.0,Automatic,FWD,Black
4234,Toyota,Prius,2015.0,Hatchback,Hybrid,1.8,76913.0,4.0,Automatic,FWD,Gray
10976,Honda,Civic,2003.0,Coupe,Petrol,2.0,111847.0,4.0,Automatic,FWD,Black
2038,Mercedes-Benz,E-Class,2017.0,Sedan,Petrol,2.0,41591.0,4.0,Automatic,AWD,White
36834,Hyundai,H1,2016.0,Van,Diesel,2.5,86618.0,4.0,Automatic,FWD,Black
13485,Ford,Focus,2015.0,Sedan,Petrol,2.0,10564.0,4.0,Automatic,FWD,Silver
2666,Ford,Fusion,2016.0,Sedan,Hybrid,2.0,121152.0,4.0,Automatic,FWD,Black
32578,Hyundai,Tucson,2015.0,SUV,Diesel,2.0,71802.0,4.0,Automatic,FWD,Gray
10976,Chevrolet,Cruze,2013.0,Sedan,Petrol,1.8,54681.0,4.0,Automatic,FWD,White
44247,Hyundai,Santa Fe,2015.0,SUV,Diesel,2.0,71851.0,4.0,Automatic,FWD,White
18817,Toyota,Camry,2018.0,Sedan,Hybrid,2.5,21785.0,4.0,Automatic,FWD,White
21410,Chevrolet,Malibu,2012.0,Sedan,Petrol,2.0,45336.0,4.0,Automatic,FWD,Black
55845,Honda,Civic,2017.0,Coupe,Petrol,1.5,20314.0,4.0,Automatic,FWD,Black
11604,Toyota,Prius,2007.0,Sedan,Hybrid,1.5,111847.0,4.0,Automatic,FWD,Blue
15681,Toyota,C-HR,2019.0,SUV,Petrol,2.0,11775.0,4.0,Automatic,FWD,Black
16960,Toyota,Aqua,2012.0,Hatchback,Petrol,1.5,55924.0,4.0,Automatic,FWD,Red
18817,Ford,Escape,2009.0,SUV,Hybrid,2.5,123032.0,4.0,Automatic,AWD,White
45542,Hyundai,Tucson,2017.0,SUV,Diesel,2.0,59187.0,4.0,Automatic,FWD,Silver
68994,Toyota,Camry,2019.0,Sedan,Petrol,2.5,2486.0,4.0,Automatic,FWD,Black
13328,Toyota,RAV4,2018.0,Sedan,Hybrid,2.5,45762.0,4.0,Automatic,AWD,Gray
9252,Mercedes-Benz,C-Class,2000.0,Van,Petrol,2.0,13049.0,4.0,Manual,RWD,Silver
11177,Toyota,Aqua,2012.0,Hatchback,Petrol,1.5,91691.0,4.0,Automatic,FWD,Silver
2352,Hyundai,Elantra,2014.0,Sedan,Petrol,1.8,98028.0,4.0,Automatic,FWD,Blue
13230,Toyota,Prius,2011.0,Sedan,Hybrid,1.8,117315.0,4.0,Automatic,FWD,Silver
23521,Hyundai,Elantra,2017.0,Sedan,Petrol,2.0,21127.0,4.0,Automatic,FWD,Black
35344,Hyundai,Santa Fe,2014.0,SUV,Diesel,2.0,80733.0,4.0,Automatic,FWD,Black
11259,Hyundai,Sonata,2013.0,Sedan,Petrol,2.0,41440.0,4.0,Automatic,FWD,White
44517,Hyundai,H1,2017.0,Wagon,Diesel,2.5,60547.0,4.0,Automatic,FWD,Gray
41886,Hyundai,Santa Fe,2016.0,SUV,Diesel,2.0,103513.0,4.0,Automatic,FWD,Gray
16308,Toyota,Prius C,2014.0,Sedan,Hybrid,1.5,46603.0,4.0,Automatic,FWD,Silver
20385,Toyota,Prius,2012.0,Hatchback,Petrol,1.8,74087.0,4.0,Automatic,FWD,Silver
36068,Hyundai,H1,2016.0,Van,Diesel,2.5,69714.0,4.0,Automatic,FWD,Silver
2666,Ford,Fusion,2016.0,Sedan,Hybrid,2.0,121152.0,4.0,Automatic,FWD,Black
7213,Honda,CR-V,1999.0,SUV,Petrol,2.0,117440.0,4.0,Automatic,AWD,Red
22580,Mercedes-Benz,E-Class,2017.0,Sedan,Petrol,2.0,31647.0,4.0,Automatic,RWD,Black
18817,Ford,Fusion,2013.0,Sedan,Petrol,2.5,30458.0,4.0,Automatic,FWD,Black
20777,Ford,Escape,2009.0,SUV,Petrol,2.5,48388.0,4.0,Automatic,FWD,Black
20237,Hyundai,Tucson,2012.0,SUV,Diesel,2.0,103224.0,4.0,Automatic,FWD,Gray
2666,Ford,Fusion,2015.0,Sedan,Hybrid,2.0,62602.0,4.0,Automatic,FWD,Green
13799,Toyota,Camry,2014.0,Sedan,Hybrid,2.5,107175.0,4.0,Automatic,FWD,White
33798,Honda,Fit,2017.0,Hatchback,Petrol,1.5,46603.0,4.0,Automatic,FWD,Black
7213,Chevrolet,Cruze,2009.0,Sedan,Diesel,2.0,44187.0,4.0,Automatic,FWD,Black
23138,Hyundai,Santa Fe,2010.0,SUV,Diesel,2.0,116870.0,4.0,Automatic,FWD,Black
11604,Toyota,Prius,2008.0,Hatchback,Hybrid,1.5,62138.0,4.0,Automatic,FWD,Black
45473,Toyota,C-HR,2017.0,SUV,Petrol,2.0,18642.0,4.0,Automatic,FWD,Black
80651,Hyundai,Santa Fe,2020.0,SUV,Diesel,2.0,16156.0,4.0,Automatic,FWD,Gray
7213,Honda,CR-V,1997.0,SUV,Petrol,2.0,124275.0,4.0,Automatic,AWD,Silver
23772,Hyundai,H1,2012.0,Van,Diesel,2.5,33924.0,4.0,Automatic,FWD,Gray
16308,Honda,Fit,2013.0,Hatchback,Petrol,1.5,68553.0,4.0,Automatic,FWD,Gray
11133,Toyota,Camry,2014.0,Sedan,Hybrid,2.5,111463.0,4.0,Automatic,FWD,Black
16465,Kia,Optima,2014.0,Sedan,Petrol,2.0,24897.0,4.0,Automatic,FWD,Silver
14768,Honda,Fit,2013.0,Wagon,Hybrid,1.5,50145.0,4.0,Automatic,FWD,Silver
20237,Hyundai,Tucson,2011.0,SUV,Diesel,2.0,66090.0,4.0,Automatic,FWD,Silver
45445,Jeep,Cherokee,2015.0,SUV,Diesel,2.0,102527.0,4.0,Automatic,FWD,White
3293,Hyundai,Elantra,2013.0,Sedan,Petrol,1.8,67841.0,4.0,Automatic,FWD,Blue
9408,Nissan,Tiida,2008.0,Hatchback,Petrol,1.8,97320.0,4.0,Automatic,FWD,Silver
40569,Hyundai,Santa Fe,2016.0,SUV,Diesel,2.0,120588.0,4.0,Automatic,FWD,Black
3763,Toyota,Camry,2013.0,Sedan,Hybrid,2.5,77617.0,4.0,Automatic,FWD,White
8467,Toyota,Prius,2005.0,Hatchback,Hybrid,1.5,101284.0,4.0,Automatic,FWD,Black
14897,Toyota,Aqua,2012.0,Hatchback,Hybrid,1.5,98798.0,4.0,Automatic,FWD,Blue
13297,Hyundai,Genesis,2009.0,Coupe,Petrol,2.0,109983.0,4.0,Automatic,FWD,Silver
549,Audi,A6,2016.0,Sedan,Petrol,2.0,60787.0,4.0,Automatic,AWD,Gray
4861,BMW,3 Series,2017.0,Sedan,Petrol,2.0,48589.0,4.0,Automatic,RWD,Black
2666,Ford,Fusion,2016.0,Sedan,Hybrid,2.0,121152.0,4.0,Automatic,FWD,Black
784,Chevrolet,Volt,2017.0,Hatchback,Hybrid,1.5,50605.0,4.0,Automatic,FWD,Black
47217,Hyundai,H1,2017.0,Wagon,Diesel,2.5,69919.0,4.0,Automatic,FWD,Gray
22580,Ford,Fusion,2013.0,Sedan,Hybrid,2.0,96313.0,4.0,Automatic,FWD,White
2979,Nissan,Sentra,2018.0,Sedan,Petrol,1.8,18756.0,4.0,Automatic,FWD,Red
706,Subaru,XV,2015.0,SUV,Petrol,2.0,109090.0,4.0,Automatic,AWD,Black
12900,Volkswagen,CC,2010.0,Sedan,Petrol,2.0,41011.0,4.0,Automatic,FWD,Silver
12858,Hyundai,Sonata,2013.0,Sedan,Petrol,2.0,32727.0,4.0,Automatic,FWD,Black
24327,Hyundai,Santa Fe,2011.0,SUV,Diesel,2.0,110104.0,4.0,Automatic,FWD,White
45473,Toyota,Prius,2018.0,Sedan,Hybrid,1.8,3542.0,4.0,Automatic,FWD,White
549,Hyundai,Elantra,2011.0,Sedan,Petrol,1.8,120965.0,4.0,Automatic,FWD,Gray
13799,Toyota,Prius C,2012.0,Hatchback,Hybrid,1.5,995.0,4.0,Automatic,FWD,White
10036,Toyota,Prius,2013.0,Hatchback,Hybrid,1.8,70215.0,4.0,Automatic,FWD,Blue
10506,Subaru,XV,2014.0,Sedan,Petrol,2.0,88366.0,4.0,Automatic,AWD,Black
13172,Chevrolet,Malibu,2016.0,Sedan,Petrol,1.5,53438.0,4.0,Automatic,FWD,Silver
9722,BMW,5 Series,2002.0,Sedan,Petrol,2.5,103656.0,6.0,Automatic,RWD,Red
21796,Kia,Optima,2016.0,Sedan,Petrol,2.0,19284.0,4.0,Automatic,FWD,Black
44878,Hyundai,Tucson,2016.0,SUV,Diesel,2.0,38392.0,4.0,Automatic,FWD,Gray
34108,Hyundai,H1,2014.0,Van,Diesel,2.5,60280.0,4.0,Automatic,FWD,Gray
29166,Toyota,Camry,2015.0,Sedan,Petrol,2.5,51699.0,4.0,Automatic,FWD,White
5488,Toyota,Camry,2014.0,Sedan,Hybrid,2.5,68226.0,4.0,Automatic,FWD,White
19757,Toyota,Prius,2015.0,Hatchback,Hybrid,1.8,65244.0,4.0,Automatic,FWD,Silver
8154,Mercedes-Benz,C-Class,1997.0,Wagon,Petrol,1.8,114325.0,4.0,Automatic,RWD,White
7213,Chevrolet,Cruze,2009.0,Sedan,Petrol,1.8,82927.0,4.0,Automatic,FWD,White
549,Subaru,Forester,2014.0,SUV,Petrol,2.0,45120.0,4.0,Automatic,AWD,White
862,Audi,A4,2011.0,Sedan,Petrol,2.0,108861.0,4.0,Automatic,FWD,Black
18189,Toyota,Prius C,2015.0,Hatchback,Hybrid,1.5,66653.0,4.0,Automatic,FWD,Red
17876,Hyundai,Elantra,2015.0,Sedan,Petrol,1.8,59031.0,4.0,Automatic,FWD,Silver
862,Toyota,Camry,2014.0,Sedan,Hybrid,2.5,81076.0,4.0,Automatic,FWD,White
14426,Toyota,Camry,2012.0,Sedan,Petrol,2.5,63380.0,4.0,Automatic,FWD,Gray
2038,Hyundai,Elantra,2016.0,Sedan,Petrol,1.8,82914.0,4.0,Automatic,FWD,Brown
47669,Mercedes-Benz,GLA,2017.0,SUV,Petrol,2.0,34613.0,4.0,Automatic,AWD,Black
11290,Toyota,Prius,2014.0,Sedan,Hybrid,1.8,6214.0,4.0,Automatic,FWD,Gray
23521,Hyundai,Elantra,2016.0,Sedan,Petrol,2.0,60646.0,4.0,Automatic,FWD,Black
7840,Nissan,Tiida,2020.0,Hatchback,Petrol,1.5,72080.0,4.0,Automatic,FWD,Silver
5488,Toyota,Camry,2014.0,Sedan,Hybrid,2.5,68226.0,4.0,Automatic,FWD,White
18817,Toyota,Prius,2013.0,Sedan,Hybrid,1.8,105012.0,4.0,Automatic,FWD,Silver
22580,Mercedes-Benz,E-Class,2017.0,Sedan,Petrol,2.0,31647.0,4.0,Automatic,RWD,Black
26657,Mazda,Mazda6,2016.0,Sedan,Petrol,2.5,94449.0,4.0,Automatic,RWD,Gray
17249,Kia,Optima,2015.0,Sedan,Petrol,2.0,24299.0,4.0,Automatic,FWD,Black
48998,Hyundai,Santa Fe,2015.0,SUV,Diesel,2.0,65038.0,4.0,Automatic,FWD,Gray
3607,Toyota,Camry,2012.0,Sedan,Hybrid,2.5,97256.0,4.0,Automatic,FWD,White
862,Toyota,Camry,2014.0,Sedan,Hybrid,2.5,81076.0,4.0,Automatic,FWD,White
9408,Hyundai,Sonata,2010.0,Sedan,Petrol,2.0,44703.0,4.0,Automatic,FWD,Silver
8781,Honda,Fit,2005.0,Sedan,Petrol,1.5,622.0,4.0,Automatic,FWD,Silver
16935,Toyota,Prius C,2013.0,Hatchback,Hybrid,1.5,68351.0,4.0,Automatic,FWD,Silver
10036,Ford,Fusion,2015.0,Sedan,Hybrid,2.0,62602.0,4.0,Automatic,FWD,Green
3607,Ford,Escape,2011.0,SUV,Hybrid,2.5,104991.0,4.0,Automatic,AWD,White
37320,Hyundai,Santa Fe,2017.0,SUV,Diesel,2.0,45648.0,4.0,Automatic,FWD,Gray
23521,Hyundai,Tucson,2015.0,SUV,Diesel,2.0,25256.0,4.0,Automatic,FWD,White
706,Toyota,Prius,2010.0,Hatchback,Hybrid,1.8,45610.0,4.0,Automatic,FWD,White
12231,Toyota,Prius,2007.0,Hatchback,Petrol,1.5,78915.0,4.0,Automatic,FWD,Black
22580,Nissan,Rogue,2012.0,SUV,Petrol,2.5,71458.0,4.0,Automatic,AWD,Black
14113,Toyota,Aqua,2014.0,Hatchback,Hybrid,1.5,62138.0,4.0,Automatic,FWD,Black
67903,Hyundai,Sonata,2020.0,Sedan,Petrol,2.0,1243.0,4.0,Automatic,FWD,Gray
10663,Chevrolet,Malibu,2020.0,Sedan,Petrol,1.5,8800.0,4.0,Automatic,FWD,Brown
21953,Volkswagen,Passat,2013.0,Sedan,Petrol,2.5,29205.0,5.0,Automatic,FWD,White
11604,Nissan,Skyline,2006.0,Sedan,Petrol,2.5,93206.0,6.0,Automatic,RWD,Blue
18189,Toyota,Prius,2012.0,Sedan,Hybrid,1.8,42254.0,4.0,Automatic,FWD,Silver
23834,Toyota,Prius,2014.0,Hatchback,Hybrid,1.8,76429.0,4.0,Automatic,FWD,White
20071,Toyota,Prius C,2014.0,Hatchback,Petrol,1.5,49717.0,4.0,Automatic,FWD,Gray
18189,Toyota,Prius,2010.0,Sedan,Hybrid,1.8,86495.0,4.0,Automatic,FWD,Black
28852,Toyota,Camry,2014.0,Sedan,Petrol,2.5,124275.0,4.0,Automatic,FWD,Black
46022,Jeep,Cherokee,2015.0,SUV,Diesel,2.0,102339.0,4.0,Automatic,FWD,Beige
17484,Hyundai,Sonata,2011.0,Sedan,Petrol,2.0,102440.0,4.0,Automatic,FWD,Black
23101,Hyundai,Tucson,2012.0,SUV,Diesel,2.0,94126.0,4.0,Automatic,FWD,Silver
22934,Hyundai,Tucson,2012.0,SUV,Diesel,2.0,77051.0,4.0,Automatic,FWD,Silver
7213,Toyota,Prius C,2012.0,Sedan,Hybrid,1.5,92108.0,4.0,Automatic,FWD,White
4861,Honda,Civic,2015.0,SUV,Hybrid,1.5,30617.0,4.0,Automatic,FWD,Blue
14279,Hyundai,Sonata,2016.0,Sedan,Petrol,2.0,23549.0,4.0,Automatic,FWD,Silver
7213,Mitsubishi,Pajero iO,1999.0,SUV,Petrol,1.8,83886.0,4.0,Automatic,AWD,Blue
14834,Chevrolet,Cruze,2012.0,Sedan,Petrol,1.8,98316.0,4.0,Automatic,FWD,White
17405,Toyota,Corolla,2015.0,Sedan,Petrol,1.8,88400.0,4.0,Automatic,FWD,Black
14113,Toyota,Prius,2010.0,Hatchback,Hybrid,1.8,103148.0,4.0,Automatic,FWD,Black
32929,Chevrolet,Camaro,2017.0,Coupe,Petrol,2.0,41757.0,4.0,Automatic,RWD,Blue
18189,Ford,Focus,2016.0,Hatchback,Petrol,2.0,41011.0,4.0,Automatic,FWD,Gray
16900,Toyota,Aqua,2012.0,Hatchback,Petrol,1.5,49146.0,4.0,Automatic,FWD,Gray
43655,Hyundai,H1,2016.0,Wagon,Diesel,2.5,82652.0,4.0,Automatic,FWD,Silver
24920,Hyundai,Santa Fe,2011.0,SUV,Diesel,2.0,97282.0,4.0,Automatic,FWD,Silver
14113,Toyota,Prius,2012.0,Sedan,Hybrid,1.8,54681.0,4.0,Automatic,FWD,Silver
4391,Hyundai,Sonata,2013.0,Sedan,Petrol,2.0,33472.0,4.0,Automatic,FWD,Silver
18660,Hyundai,H1,2010.0,Van,Diesel,2.5,34153.0,4.0,Automatic,FWD,Silver
20385,Toyota,Prius,2015.0,Hatchback,Hybrid,1.8,85501.0,4.0,Automatic,FWD,White
51965,Hyundai,Santa Fe,2016.0,SUV,Diesel,2.0,30768.0,4.0,Automatic,FWD,White
18817,Toyota,Camry,2018.0,Sedan,Hybrid,2.5,21785.0,4.0,Automatic,FWD,White
25089,Toyota,Camry,2012.0,Sedan,Hybrid,2.5,61516.0,4.0,Automatic,FWD,Silver
16621,Hyundai,Elantra,2014.0,Sedan,Petrol,1.8,89478.0,4.0,Automatic,FWD,Gray
35438,Toyota,Camry,2016.0,Sedan,Petrol,2.5,68739.0,4.0,Automatic,FWD,Black
11967,Toyota,Aqua,2012.0,Hatchback,Petrol,1.5,73571.0,4.0,Automatic,FWD,Blue
1700,Volkswagen,Golf,1997.0,Hatchback,Petrol,1.8,622.0,4.0,Manual,FWD,Green
627,Volkswagen,Jetta,2014.0,Sedan,Petrol,1.8,75193.0,4.0,Automatic,FWD,Gray
8154,Toyota,Ist,2003.0,Sedan,Petrol,1.5,98488.0,4.0,Automatic,FWD,Silver
8311,Nissan,Tiida,2005.0,Hatchback,Petrol,1.5,71433.0,4.0,Automatic,FWD,Silver
21953,Hyundai,H1,2011.0,Van,Diesel,2.5,37992.0,4.0,Automatic,FWD,Silver
12701,Kia,Optima,2013.0,Sedan,Petrol,2.0,31815.0,4.0,Automatic,FWD,White
38000,Toyota,Camry,2018.0,Sedan,Hybrid,2.5,17078.0,8.0,Automatic,FWD,Beige
20071,Toyota,Prius C,2014.0,Hatchback,Hybrid,1.5,95443.0,4.0,Automatic,FWD,Red
7840,Volkswagen,Golf,2002.0,Sedan,Petrol,2.0,102527.0,4.0,Automatic,FWD,Blue
8624,Nissan,Tiida,2006.0,Sedan,Petrol,1.5,69048.0,4.0,Automatic,FWD,White
21326,BMW,3 Series,2012.0,Sedan,Petrol,2.0,90099.0,2.0,Automatic,FWD,Black
18817,Toyota,Camry,2011.0,Sedan,Petrol,2.5,12726.0,4.0,Automatic,FWD,Blue
9408,Hyundai,Genesis,2010.0,Sedan,Petrol,2.0,82783.0,4.0,Automatic,FWD,Black
7527,Subaru,XV,2014.0,SUV,Petrol,2.0,58409.0,4.0,Automatic,AWD,Black
14426,Lexus,ES 300,2014.0,Sedan,Hybrid,2.5,109494.0,4.0,Automatic,FWD,Black
30734,Toyota,Camry,2012.0,Sedan,Hybrid,2.5,121785.0,4.0,Automatic,FWD,Silver
7840,Mitsubishi,Colt,2007.0,Hatchback,Petrol,1.5,111847.0,4.0,Automatic,FWD,Silver
9095,Ford,Transit,1999.0,Van,Diesel,2.5,7208.0,4.0,Manual,RWD,White
21953,Toyota,Camry,2014.0,Sedan,Petrol,2.5,46864.0,4.0,Automatic,FWD,White
549,Toyota,C-HR,2018.0,SUV,Petrol,2.0,29039.0,4.0,Automatic,FWD,Silver
21953,Toyota,Camry,2014.0,Sedan,Petrol,2.5,60882.0,4.0,Automatic,FWD,Black
12554,Hyundai,Santa Fe,2010.0,SUV,Diesel,2.0,36522.0,4.0,Automatic,FWD,White
25638,Honda,Fit,2014.0,Hatchback,Petrol,1.5,48467.0,4.0,Automatic,FWD,White
9408,Mazda,Mazda3,2011.0,Sedan,Petrol,2.0,88335.0,4.0,Automatic,FWD,Gray
20385,Ford,Fusion,2014.0,Sedan,Petrol,2.0,61516.0,4.0,Automatic,FWD,Black
16308,Hyundai,Elantra,2014.0,Sedan,Petrol,1.8,66356.0,4.0,Automatic,FWD,Gray
28532,Hyundai,Tucson,2012.0,SUV,Diesel,2.0,61981.0,4.0,Automatic,FWD,Gray
54847,Honda,Civic,2017.0,Sedan,Petrol,2.0,12779.0,4.0,Automatic,FWD,Silver
12231,Honda,Fit,2012.0,Sedan,Petrol,1.5,78542.0,4.0,Automatic,FWD,Silver
67934,Hyundai,Tucson,2019.0,SUV,Diesel,2.0,8662.0,4.0,Automatic,FWD,White
32913,Honda,Civic,2013.0,Coupe,Petrol,1.8,80098.0,4.0,Automatic,FWD,Black
18669,Hyundai,H1,2011.0,Van,Diesel,2.5,40740.0,4.0,Automatic,FWD,Silver
27598,Toyota,Corolla,2015.0,Sedan,Petrol,1.8,49089.0,4.0,Automatic,FWD,Blue
18503,Toyota,Prius,2012.0,Hatchback,Hybrid,1.8,61516.0,4.0,Automatic,FWD,Gray
16308,Toyota,Camry,2013.0,Sedan,Petrol,2.5,123325.0,4.0,Automatic,FWD,Silver
28927,Hyundai,Santa Fe,2011.0,SUV,Diesel,2.0,75547.0,4.0,Automatic,FWD,Gray
43062,Hyundai,Santa Fe,2015.0,SUV,Diesel,2.0,89086.0,4.0,Automatic,FWD,White
16935,Toyota,Camry,2017.0,Sedan,Petrol,2.5,79508.0,4.0,Automatic,FWD,Blue
784,Toyota,Camry,2014.0,Sedan,Hybrid,2.5,63627.0,4.0,Automatic,FWD,Black
3136,Toyota,Camry,2012.0,Sedan,Hybrid,2.5,99034.0,4.0,Automatic,FWD,White
15053,Hyundai,H1,2008.0,Van,Diesel,2.5,39758.0,4.0,Automatic,FWD,Silver
549,Audi,A6,2016.0,Sedan,Petrol,2.0,60787.0,4.0,Automatic,AWD,Gray
14740,Honda,Civic,2008.0,Sedan,Petrol,2.0,95692.0,4.0,Manual,FWD,Black
38016,Hyundai,H1,2017.0,Wagon,Diesel,2.5,62697.0,4.0,Automatic,FWD,Silver
18189,Lexus,CT 200h,2011.0,Hatchback,Hybrid,1.8,124275.0,4.0,Automatic,FWD,Brown
5018,Toyota,Camry,2013.0,Sedan,Hybrid,2.5,118402.0,4.0,Automatic,FWD,Black
12858,Toyota,Prius,2012.0,Hatchback,Hybrid,1.8,99987.0,4.0,Automatic,FWD,Silver
17249,Ford,Escape,2010.0,SUV,Hybrid,2.5,86992.0,4.0,Automatic,AWD,White
16308,Volkswagen,Jetta,2014.0,Sedan,Petrol,2.0,80530.0,4.0,Manual,FWD,White
549,Audi,A6,2016.0,Sedan,Petrol,2.0,60787.0,4.0,Automatic,AWD,Gray
27065,Hyundai,Tucson,2011.0,SUV,Diesel,2.0,85128.0,4.0,Automatic,FWD,Gray
12544,Hyundai,H1,2008.0,Van,Diesel,2.5,93760.0,4.0,Automatic,FWD,Silver
862,Toyota,Camry,2014.0,Sedan,Hybrid,2.5,81076.0,4.0,Automatic,FWD,White
2274,Lexus,CT 200h,2011.0,Hatchback,Hybrid,1.8,20490.0,4.0,Automatic,FWD,Silver
19613,Hyundai,Tucson,2011.0,SUV,Diesel,2.0,74064.0,4.0,Automatic,FWD,Gray
4077,Chevrolet,Captiva,2007.0,SUV,Diesel,2.0,36746.0,4.0,Automatic,FWD,Silver
18503,Toyota,Prius C,2012.0,Hatchback,Hybrid,1.5,68351.0,4.0,Automatic,FWD,Blue
18817,Toyota,Camry,2013.0,Sedan,Petrol,2.5,124275.0,4.0,Automatic,FWD,White
19444,Toyota,Prius,2013.0,Hatchback,Hybrid,1.8,85293.0,4.0,Automatic,FWD,Blue
26296,Chevrolet,Malibu,2013.0,Sedan,Petrol,2.0,47617.0,4.0,Automatic,FWD,Black
21012,Toyota,Camry,2011.0,Sedan,Petrol,2.5,95692.0,4.0,Automatic,FWD,Red
706,Toyota,Camry,2014.0,Sedan,Hybrid,2.5,71652.0,4.0,Automatic,FWD,Gray
26657,BMW,5 Series,2015.0,Sedan,Petrol,2.0,72509.0,4.0,Automatic,AWD,Black
14737,Kia,Optima,2013.0,Sedan,Petrol,2.0,26448.0,4.0,Automatic,FWD,Black
15053,Mazda,Mazda3,2016.0,Sedan,Petrol,2.0,43617.0,4.0,Automatic,FWD,Black
6272,Honda,Civic,2003.0,Sedan,Petrol,1.5,1492.0,6.0,Automatic,FWD,Gray
17249,Hyundai,Elantra,2014.0,Sedan,Petrol,1.8,82955.0,4.0,Automatic,FWD,Blue
10976,Honda,Fit,2014.0,Hatchback,Hybrid,1.5,79536.0,4.0,Automatic,AWD,Silver
47217,Hyundai,H1,2017.0,Wagon,Diesel,2.5,24278.0,4.0,Automatic,FWD,Silver
42337,Toyota,C-HR,2018.0,SUV,Petrol,2.0,5767.0,4.0,Automatic,FWD,Black
12544,Volkswagen,Jetta,2013.0,Sedan,Petrol,2.5,110605.0,4.0,Automatic,FWD,Silver
2666,Ford,Fusion,2016.0,Sedan,Hybrid,2.0,121152.0,4.0,Automatic,FWD,Black
3136,Toyota,Camry,2012.0,Sedan,Hybrid,2.5,99034.0,4.0,Automatic,FWD,White
36899,Hyundai,H1,2016.0,Van,Diesel,2.5,56006.0,4.0,Automatic,FWD,Silver
47217,Hyundai,Santa Fe,2015.0,SUV,Diesel,2.0,68351.0,4.0,Automatic,FWD,Gray
14831,Toyota,Aqua,2017.0,Hatchback,Hybrid,1.5,96082.0,4.0,Automatic,FWD,White
15053,Volkswagen,Passat,2013.0,Sedan,Petrol,2.5,49710.0,4.0,Automatic,FWD,Blue
12544,BMW,3 Series,2003.0,Sedan,Petrol,2.0,83264.0,4.0,Automatic,RWD,Red
17562,Volkswagen,Jetta,2013.0,Sedan,Petrol,2.5,65742.0,5.0,Automatic,FWD,White
21012,Toyota,Camry,2012.0,Sedan,Petrol,2.5,7457.0,4.0,Automatic,FWD,Black
28225,Toyota,RAV4,2015.0,SUV,Petrol,2.5,55791.0,4.0,Automatic,AWD,Silver
7527,Mercedes-Benz,C-Class,1996.0,Sedan,Petrol,2.0,93206.0,4.0,Manual,RWD,Blue
10000,Honda,Insight,2012.0,Hatchback,Hybrid,1.5,63380.0,4.0,Automatic,FWD,Silver
941,Volkswagen,Jetta,2012.0,Sedan,Diesel,2.0,87886.0,4.0,Automatic,FWD,Black
7997,Nissan,Note,2007.0,Hatchback,Petrol,1.5,88235.0,4.0,Automatic,RWD,Black
77148,Mercedes-Benz,GLA,2017.0,SUV,Petrol,2.0,5593.0,4.0,Automatic,AWD,White
9095,BMW,3 Series,1995.0,Coupe,Petrol,1.8,37904.0,4.0,Manual,RWD,Black
30906,Toyota,Aqua,2012.0,Hatchback,Petrol,1.5,25862.0,4.0,Automatic,FWD,Gold
36968,Hyundai,H1,2014.0,Van,Diesel,2.5,86933.0,4.0,Automatic,FWD,Silver
65858,Toyota,Avalon,2017.0,Sedan,Hybrid,2.5,22867.0,4.0,Automatic,FWD,Black
7213,Chevrolet,Captiva,2007.0,SUV,Diesel,2.0,44301.0,4.0,Automatic,FWD,White
13987,Chevrolet,Cruze,2013.0,Sedan,Diesel,2.0,114410.0,4.0,Automatic,FWD,Black
26657,Toyota,RAV4,2012.0,SUV,Petrol,2.5,123281.0,4.0,Automatic,AWD,Green
7840,Hyundai,Sonata,2011.0,Sedan,Petrol,2.0,46918.0,4.0,Automatic,FWD,Silver
9565,Toyota,Corolla,2019.0,Sedan,Petrol,1.8,3749.0,4.0,Automatic,FWD,Blue
18817,Toyota,Camry,2018.0,Sedan,Hybrid,2.5,21785.0,4.0,Automatic,FWD,White
22894,Toyota,Camry,2012.0,Sedan,Hybrid,2.5,105385.0,4.0,Automatic,FWD,Black
10036,Nissan,Serena,2003.0,Van,Petrol,2.0,78135.0,4.0,Automatic,FWD,White
21442,Hyundai,Genesis,2011.0,Coupe,Petrol,2.0,83264.0,4.0,Automatic,FWD,Black
31361,Kia,Optima,2014.0,Sedan,Petrol,2.0,53438.0,4.0,Automatic,FWD,White
26657,Toyota,Camry,2014.0,Sedan,Hybrid,2.5,52817.0,4.0,Automatic,FWD,White
37564,Hyundai,Santa Fe,2015.0,SUV,Diesel,2.0,93206.0,4.0,Automatic,FWD,Blue
30734,Mercedes-Benz,C-Class,2013.0,Sedan,Petrol,1.8,74565.0,4.0,Automatic,RWD,White
8154,Kia,Optima,2013.0,Sedan,Petrol,2.0,34877.0,4.0,Automatic,FWD,White
21169,Hyundai,Tucson,2014.0,SUV,Diesel,2.0,24206.0,4.0,Automatic,FWD,Silver
14113,Toyota,Prius,2008.0,Sedan,Petrol,1.5,88484.0,4.0,Automatic,FWD,Blue
60897,Honda,Civic,2016.0,Sedan,Petrol,1.5,15808.0,4.0,Automatic,FWD,Gray
18817,Toyota,Prius,2012.0,Sedan,Hybrid,1.8,37283.0,4.0,Automatic,FWD,Black
23129,Hyundai,Tucson,2014.0,SUV,Diesel,2.0,119196.0,4.0,Automatic,FWD,Silver
5645,Volkswagen,Jetta,2000.0,Sedan,Petrol,2.0,80530.0,4.0,Automatic,FWD,Black
14279,Hyundai,Sonata,2016.0,Sedan,Petrol,2.0,23549.0,4.0,Automatic,FWD,Silver
57507,Honda,Civic,2017.0,Coupe,Petrol,2.0,10161.0,4.0,Automatic,FWD,Silver
13799,Toyota,Prius,2008.0,Hatchback,Hybrid,1.5,93206.0,4.0,Automatic,FWD,Gray
11604,Toyota,Prius,2010.0,Hatchback,Hybrid,1.8,96391.0,4.0,Automatic,FWD,Gold
16756,Hyundai,Genesis,2010.0,Coupe,Petrol,2.0,118846.0,4.0,Automatic,FWD,White
11290,Lexus,CT 200h,2012.0,Hatchback,Hybrid,1.8,90721.0,4.0,Automatic,FWD,White
9722,Toyota,Camry,2018.0,Sedan,Hybrid,2.5,79235.0,4.0,Automatic,FWD,Black
17249,Hyundai,Elantra,2011.0,Sedan,Petrol,1.8,46541.0,4.0,Automatic,FWD,Black
19130,Toyota,Prius,2015.0,Hatchback,Petrol,1.8,61195.0,4.0,Automatic,FWD,White
28225,Toyota,Aqua,2014.0,Hatchback,Petrol,1.5,34797.0,4.0,Automatic,FWD,Black
706,Hyundai,Elantra,2013.0,Sedan,Petrol,1.8,82868.0,4.0,Automatic,FWD,Silver
11133,Toyota,Camry,2014.0,Sedan,Hybrid,2.5,111463.0,4.0,Automatic,FWD,Black
27911,Lexus,CT 200h,2013.0,Hatchback,Hybrid,1.8,41632.0,4.0,Automatic,FWD,Beige
27770,Chevrolet,Captiva,2014.0,SUV,Diesel,2.0,102527.0,4.0,Automatic,FWD,Black
14959,Hyundai,Sonata,2010.0,Sedan,Petrol,2.0,79130.0,4.0,Automatic,FWD,Black
56513,Hyundai,Santa Fe,2016.0,SUV,Diesel,2.0,55499.0,4.0,Automatic,FWD,Black
18503,Toyota,Prius,2010.0,Sedan,Hybrid,1.8,99420.0,4.0,Automatic,FWD,Gray
47669,Toyota,C-HR,2018.0,SUV,Petrol,2.0,15535.0,4.0,Automatic,FWD,Gray
19306,Toyota,Aqua,2012.0,Hatchback,Petrol,1.5,42254.0,4.0,Automatic,FWD,Blue
11133,Toyota,Camry,2014.0,Sedan,Hybrid,2.5,111463.0,4.0,Automatic,FWD,Black
42171,Toyota,Aqua,2014.0,Hatchback,Petrol,1.5,23713.0,4.0,Automatic,FWD,Black
2901,Audi,A4,2012.0,Sedan,Petrol,2.0,110301.0,4.0,Automatic,AWD,Black
16004,Kia,Optima,2016.0,Sedan,Petrol,2.0,27103.0,4.0,Automatic,FWD,Silver
13485,BMW,X3,2004.0,SUV,Petrol,2.5,101905.0,6.0,Automatic,AWD,Black
1725,Volkswagen,Passat,2017.0,Sedan,Petrol,1.8,30186.0,4.0,Automatic,FWD,Red
39389,Hyundai,Santa Fe,2014.0,SUV,Diesel,2.0,49826.0,4.0,Automatic,FWD,Blue
52991,Hyundai,Santa Fe,2016.0,SUV,Diesel,2.0,84919.0,4.0,Automatic,FWD,Black
34497,Toyota,RAV4,2015.0,Sedan,Petrol,2.5,45982.0,4.0,Automatic,FWD,Gray
18817,Ford,Focus,2016.0,Hatchback,Petrol,2.0,45982.0,4.0,Automatic,FWD,Black
10976,Mercedes-Benz,C-Class,1998.0,Sedan,Petrol,1.8,86992.0,4.0,Automatic,RWD,Silver
14426,Volkswagen,Jetta,2010.0,Sedan,Petrol,2.5,81027.0,5.0,Automatic,FWD,White
24462,BMW,5 Series,2018.0,Sedan,Hybrid,2.0,28288.0,4.0,Automatic,RWD,Gray
11133,Toyota,Camry,2014.0,Sedan,Hybrid,2.5,111463.0,4.0,Automatic,FWD,Black
784,Toyota,Camry,2014.0,Sedan,Hybrid,2.5,63627.0,4.0,Automatic,FWD,Black
706,Ford,Fusion,2016.0,Sedan,Petrol,2.5,84389.0,4.0,Automatic,FWD,Gray
18817,Toyota,Camry,2018.0,Sedan,Hybrid,2.5,21785.0,4.0,Automatic,FWD,White
52665,Hyundai,Santa Fe,2017.0,SUV,Diesel,2.0,70337.0,4.0,Automatic,FWD,Blue
784,Toyota,Camry,2013.0,Sedan,Petrol,2.5,48884.0,4.0,Automatic,FWD,Silver
12083,Hyundai,H1,2011.0,SUV,Diesel,2.5,26859.0,4.0,Automatic,FWD,Blue
1960,Nissan,Sentra,2014.0,Sedan,Petrol,1.8,50696.0,4.0,Automatic,FWD,Gray
1960,Hyundai,Elantra,2013.0,Sedan,Petrol,1.8,110350.0,4.0,Automatic,FWD,Gray
14897,Toyota,RAV4,2017.0,SUV,Petrol,2.5,35352.0,4.0,Automatic,FWD,Red
3136,Hyundai,Elantra,2014.0,Sedan,Petrol,2.0,64676.0,4.0,Automatic,FWD,Silver
37799,Hyundai,H1,2014.0,Van,Diesel,2.5,48374.0,4.0,Automatic,FWD,Black
13799,Toyota,Prius,2008.0,Hatchback,Hybrid,1.5,85128.0,4.0,Automatic,FWD,Gold
35570,Hyundai,H1,2016.0,Van,Diesel,2.5,47987.0,4.0,Automatic,FWD,Gray
35344,Hyundai,H1,2015.0,Wagon,Diesel,2.5,56334.0,4.0,Automatic,FWD,White
10976,Ford,Escape,2009.0,SUV,Hybrid,2.5,114333.0,4.0,Automatic,FWD,Gray
31361,Toyota,Camry,2015.0,Sedan,Hybrid,2.5,101284.0,6.0,Automatic,FWD,White
40983,Hyundai,Santa Fe,2014.0,SUV,Diesel,2.0,75106.0,4.0,Automatic,FWD,Silver
12027,Honda,Fit,2013.0,Hatchback,Petrol,1.5,70215.0,4.0,Automatic,FWD,White
14021,Ford,Focus,2011.0,Hatchback,Petrol,2.0,80779.0,4.0,Automatic,FWD,Red
9565,Toyota,RAV4,2016.0,SUV,Petrol,2.5,37703.0,4.0,Automatic,FWD,Gray
12548,Honda,Fit,2015.0,Hatchback,Hybrid,1.5,61477.0,4.0,Automatic,FWD,White
1333,Volkswagen,Passat,2013.0,Sedan,Petrol,2.5,85970.0,5.0,Automatic,FWD,Gray
17923,Hyundai,Santa Fe,2011.0,SUV,Diesel,2.0,106876.0,4.0,Automatic,FWD,White
31361,Toyota,Avalon,2014.0,Sedan,Hybrid,2.5,89478.0,4.0,Automatic,FWD,Black
28000,Toyota,C-HR,2018.0,SUV,Petrol,1.8,8070.0,5.0,Automatic,FWD,Blue
21975,Hyundai,Tucson,2011.0,SUV,Diesel,2.0,120468.0,4.0,Automatic,FWD,White
2274,Toyota,Camry,2014.0,Sedan,Petrol,2.5,33353.0,4.0,Automatic,FWD,Silver
24148,Subaru,Forester,2014.0,SUV,Petrol,2.5,34176.0,4.0,Automatic,AWD,Black
69807,Honda,Civic,2018.0,Sedan,Petrol,1.5,13818.0,4.0,Automatic,FWD,Black
20385,Mitsubishi,Outlander Sport,2011.0,SUV,Petrol,2.0,59031.0,4.0,Automatic,AWD,Blue
19757,Hyundai,Elantra,2015.0,Sedan,Petrol,1.8,35419.0,4.0,Automatic,FWD,Black
29166,Hyundai,Elantra,2017.0,Sedan,Petrol,2.0,20568.0,4.0,Automatic,FWD,Blue
15053,Hyundai,Elantra,2014.0,Sedan,Petrol,1.8,51574.0,4.0,Automatic,FWD,Black
706,Toyota,Prius,2010.0,Hatchback,Hybrid,1.8,45610.0,4.0,Automatic,FWD,White
21639,Ford,Fusion,2015.0,Sedan,Petrol,2.5,108368.0,4.0,Automatic,FWD,White
20385,Toyota,Prius,2013.0,Sedan,Hybrid,1.8,65244.0,4.0,Automatic,FWD,White
706,Toyota,Prius,2013.0,Hatchback,Hybrid,1.8,65448.0,4.0,Automatic,FWD,White
15053,Volkswagen,Jetta,2011.0,Sedan,Petrol,2.5,117315.0,5.0,Automatic,FWD,Blue
22580,Mazda,Mazda6,2013.0,Sedan,Petrol,2.5,83886.0,4.0,Automatic,FWD,Red
549,Mercedes-Benz,C-Class,2015.0,Sedan,Petrol,2.0,33896.0,4.0,Automatic,RWD,Blue
13485,Toyota,Prius,2009.0,Hatchback,Hybrid,1.8,103906.0,4.0,Automatic,FWD,White
56136,Mercedes-Benz,E-Class,2017.0,Sedan,Petrol,2.0,31667.0,4.0,Automatic,RWD,Black
9408,Honda,Fit,2011.0,Hatchback,Petrol,1.5,24441.0,4.0,Automatic,FWD,Silver
19444,Kia,Optima,2012.0,Sedan,Petrol,2.0,41632.0,4.0,Automatic,FWD,Blue
26528,Hyundai,H1,2014.0,Van,Diesel,2.5,114166.0,4.0,Automatic,FWD,Silver
2195,Toyota,Camry,2015.0,Sedan,Petrol,2.5,66480.0,4.0,Automatic,FWD,Black
39226,Hyundai,Tucson,2017.0,SUV,Diesel,2.0,83145.0,4.0,Automatic,FWD,Silver
33908,Hyundai,Santa Fe,2014.0,SUV,Diesel,2.0,108819.0,4.0,Automatic,FWD,Gray
12231,Toyota,Prius,2009.0,Sedan,Hybrid,1.8,86335.0,4.0,Automatic,FWD,Red
13172,Volkswagen,Golf,2013.0,Sedan,Petrol,2.5,64002.0,4.0,Automatic,FWD,Black
42052,Hyundai,Santa Fe,2016.0,SUV,Diesel,2.0,70581.0,4.0,Automatic,FWD,Blue
22063,Hyundai,Tucson,2010.0,SUV,Diesel,2.0,104088.0,4.0,Automatic,FWD,Gray
784,Chevrolet,Volt,2017.0,Hatchback,Hybrid,1.5,50605.0,4.0,Automatic,FWD,Black
33214,Hyundai,Santa Fe,2013.0,SUV,Diesel,2.0,49542.0,4.0,Automatic,FWD,White
5175,Nissan,Altima,2018.0,Sedan,Petrol,2.5,91930.0,4.0,Automatic,FWD,Gray
17249,Hyundai,Elantra,2015.0,Sedan,Petrol,1.8,65231.0,4.0,Automatic,FWD,Black
2038,Toyota,Prius,2015.0,Hatchback,Hybrid,1.5,30797.0,4.0,Automatic,FWD,Orange
706,Lexus,CT 200h,2011.0,Hatchback,Hybrid,1.8,72620.0,4.0,Automatic,FWD,Black
18189,Hyundai,Elantra,2012.0,Sedan,Petrol,1.8,29826.0,4.0,Automatic,FWD,Black
24618,Honda,other,2015.0,SUV,Petrol,1.8,39935.0,4.0,Automatic,FWD,Gray
2509,Mercedes-Benz,GLA,2017.0,SUV,Petrol,2.0,27637.0,4.0,Automatic,FWD,Blue
6899,Honda,Civic,2011.0,Sedan,Petrol,1.8,65866.0,4.0,Automatic,FWD,Black
34980,Hyundai,Santa Fe,2015.0,SUV,Diesel,2.0,89024.0,4.0,Automatic,FWD,Blue
8781,Toyota,Prius,2015.0,Hatchback,Hybrid,1.8,41678.0,4.0,Automatic,FWD,White
40456,Kia,Optima,2018.0,Sedan,Hybrid,2.0,11185.0,4.0,Automatic,FWD,White
2274,Ford,Escape,2011.0,SUV,Hybrid,2.5,104991.0,4.0,Automatic,AWD,White
21012,Audi,A4,2013.0,Sedan,Petrol,2.0,97919.0,4.0,Automatic,AWD,Black
22266,Toyota,Prius,2013.0,Hatchback,Hybrid,1.8,88422.0,4.0,Automatic,FWD,Silver
45210,Hyundai,Tucson,2017.0,SUV,Diesel,2.0,39416.0,4.0,Automatic,FWD,Silver
784,Ford,Escape,2012.0,SUV,Hybrid,2.5,59248.0,4.0,Automatic,FWD,Blue
784,BMW,3 Series,2013.0,Sedan,Petrol,2.0,117601.0,4.0,Automatic,RWD,Black
3607,Hyundai,Elantra,2013.0,Sedan,Petrol,1.8,97137.0,4.0,Automatic,FWD,Gray
11604,Honda,Fit,2012.0,Hatchback,Hybrid,1.5,47225.0,4.0,Automatic,FWD,White
8781,Ford,Transit,1997.0,Van,Diesel,2.5,124275.0,4.0,Manual,RWD,Gray
48566,Toyota,Aqua,2018.0,Hatchback,Petrol,1.5,9054.0,4.0,Automatic,FWD,Black
20385,Toyota,Camry,2013.0,Sedan,Hybrid,2.5,77008.0,4.0,Automatic,FWD,Gray
13799,Toyota,Prius,2009.0,Hatchback,Hybrid,1.8,124275.0,6.0,Automatic,FWD,Gray
2509,Toyota,Camry,2015.0,Sedan,Petrol,2.5,69554.0,4.0,Automatic,FWD,White
13172,Toyota,Prius,2008.0,Hatchback,Hybrid,1.5,57788.0,4.0,Automatic,FWD,Silver
21953,Toyota,Camry,2012.0,Sedan,Petrol,2.5,76768.0,4.0,Automatic,FWD,Silver
19416,Hyundai,Sonata,2011.0,Sedan,Petrol,2.0,94279.0,4.0,Automatic,FWD,Black
7527,Ford,Focus,2013.0,Hatchback,Petrol,2.0,111350.0,4.0,Automatic,FWD,Silver
17405,Toyota,Prius,2010.0,Hatchback,Hybrid,1.8,124275.0,4.0,Automatic,FWD,Black
2352,Honda,Fit,2012.0,Sedan,Petrol,1.5,103868.0,4.0,Automatic,FWD,Gray
9722,Toyota,Aqua,2012.0,Hatchback,Hybrid,1.5,83886.0,4.0,Automatic,FWD,Silver
17876,Hyundai,Elantra,2014.0,Sedan,Petrol,1.8,38264.0,4.0,Automatic,FWD,Gray
10349,Toyota,Prius,2013.0,Sedan,Petrol,1.8,92585.0,4.0,Automatic,FWD,Black
549,Toyota,C-HR,2019.0,SUV,Petrol,2.0,24371.0,4.0,Automatic,FWD,Gray
37580,Hyundai,Santa Fe,2016.0,SUV,Diesel,2.0,28059.0,4.0,Automatic,FWD,Black
10349,Nissan,X-Trail,2004.0,SUV,Petrol,2.0,77672.0,4.0,Automatic,FWD,Silver
13485,Toyota,Aqua,2012.0,Hatchback,Hybrid,1.5,83264.0,4.0,Automatic,FWD,Silver
20341,Honda,Fit,2013.0,Hatchback,Hybrid,1.5,57353.0,4.0,Automatic,FWD,White
15053,Volkswagen,Tiguan,2016.0,SUV,Petrol,2.0,42883.0,4.0,Automatic,FWD,Blue
784,Subaru,XV,2014.0,SUV,Petrol,2.0,40342.0,4.0,Automatic,AWD,Orange
7683,Hyundai,Sonata,2013.0,Sedan,Petrol,2.0,13360.0,4.0,Automatic,FWD,Silver
15681,Ford,Focus,2014.0,Hatchback,Petrol,2.0,99420.0,4.0,Automatic,FWD,Blue
9722,Mitsubishi,Pajero iO,2001.0,SUV,Petrol,2.0,15535.0,4.0,Manual,AWD,Black
22063,Hyundai,Tucson,2010.0,SUV,Diesel,2.0,104088.0,4.0,Automatic,FWD,Gray
23207,Toyota,Camry,2019.0,Sedan,Hybrid,2.5,18955.0,4.0,Automatic,FWD,Silver
29166,Subaru,Impreza,2018.0,Hatchback,Petrol,2.0,26098.0,4.0,Manual,AWD,Red
27284,Toyota,Avalon,2013.0,Sedan,Hybrid,2.5,61839.0,4.0,Automatic,FWD,Gray
12231,Chevrolet,Camaro,2017.0,Coupe,Petrol,2.0,45884.0,4.0,Automatic,RWD,Red
19068,Hyundai,Elantra,2012.0,Sedan,Petrol,1.8,117970.0,4.0,Automatic,FWD,White
1098,Volkswagen,Tiguan,2014.0,SUV,Petrol,2.0,36599.0,4.0,Automatic,AWD,Red
15681,Toyota,Prius,2013.0,Hatchback,Petrol,1.8,86992.0,4.0,Automatic,FWD,White
19823,Toyota,Aqua,2012.0,Hatchback,Petrol,1.5,56545.0,4.0,Automatic,FWD,Gold
22580,Toyota,Camry,2013.0,Sedan,Petrol,2.5,60895.0,4.0,Automatic,FWD,Black
15053,Toyota,Prius,2010.0,Hatchback,Hybrid,1.8,99420.0,4.0,Automatic,FWD,White
22580,Mitsubishi,Outlander,2012.0,SUV,Petrol,2.0,65866.0,4.0,Automatic,FWD,Blue
10506,Toyota,Aqua,2013.0,Sedan,Hybrid,1.5,57167.0,4.0,Automatic,FWD,Silver
3763,Toyota,RAV4,2017.0,SUV,Petrol,2.5,39531.0,4.0,Automatic,AWD,Blue
9252,Chevrolet,Captiva,2008.0,SUV,Diesel,2.0,35691.0,4.0,Automatic,FWD,Silver
9405,Chevrolet,Orlando,2012.0,SUV,Diesel,2.0,23759.0,4.0,Automatic,FWD,Silver
14113,Chevrolet,Malibu,2014.0,Sedan,Diesel,2.0,19334.0,4.0,Automatic,FWD,Black
9879,Hyundai,Sonata,2015.0,Sedan,Petrol,2.0,29826.0,4.0,Automatic,FWD,Silver
14113,Toyota,Aqua,2012.0,Sedan,Petrol,1.5,63380.0,4.0,Automatic,FWD,Silver
3058,Toyota,Prius,2015.0,Hatchback,Hybrid,1.8,76739.0,4.0,Automatic,FWD,Black
21012,Toyota,Prius,2014.0,Hatchback,Hybrid,1.8,69594.0,4.0,Automatic,FWD,White
22825,Chevrolet,Malibu,2015.0,Sedan,Petrol,2.0,68351.0,4.0,Automatic,FWD,Silver
48914,Chevrolet,Impala,2016.0,Sedan,Petrol,2.5,30075.0,4.0,Automatic,FWD,Silver
14583,Toyota,Ist,2009.0,Hatchback,Petrol,1.8,60895.0,4.0,Automatic,FWD,Blue
5959,Nissan,Skyline,2003.0,Sedan,Petrol,2.5,102527.0,6.0,Automatic,AWD,Blue
11604,Chevrolet,Orlando,2013.0,SUV,Diesel,2.0,31843.0,4.0,Automatic,FWD,Black
5018,Toyota,Camry,2013.0,Sedan,Hybrid,2.5,118402.0,4.0,Automatic,FWD,Black
28830,Hyundai,Tucson,2011.0,SUV,Diesel,2.0,81959.0,4.0,Automatic,FWD,White
5018,Toyota,Camry,2012.0,Sedan,Hybrid,2.5,87956.0,4.0,Automatic,FWD,Blue
11604,Toyota,Prius,2007.0,Hatchback,Hybrid,1.5,99420.0,4.0,Automatic,FWD,Red
862,Hyundai,Elantra,2016.0,Sedan,Petrol,1.8,70442.0,4.0,Automatic,FWD,Black
20764,Hyundai,Santa Fe,2010.0,SUV,Diesel,2.0,99493.0,4.0,Automatic,FWD,Black
23207,Ford,Fusion,2014.0,Sedan,Hybrid,2.0,66611.0,4.0,Automatic,FWD,Silver
58172,Honda,Civic,2017.0,Sedan,Petrol,1.5,22581.0,4.0,Automatic,FWD,Gray
13485,Toyota,RAV4,2013.0,SUV,Petrol,2.5,96731.0,4.0,Automatic,AWD,Gray
2038,Subaru,Forester,2016.0,SUV,Petrol,2.5,42261.0,4.0,Automatic,AWD,Black
1411,Volkswagen,Jetta,2013.0,Sedan,Diesel,2.5,14406.0,5.0,Automatic,FWD,White
12231,Hyundai,Tucson,2010.0,SUV,Diesel,2.0,39385.0,4.0,Automatic,FWD,Black
13500,Lexus,CT 200h,2014.0,Wagon,Hybrid,1.8,37283.0,4.0,Automatic,FWD,White
16465,Toyota,Camry,2012.0,Sedan,Petrol,2.5,106321.0,4.0,Automatic,FWD,Silver
27284,Toyota,Camry,2013.0,Sedan,Petrol,2.5,72577.0,4.0,Automatic,FWD,Gray
5488,Toyota,Camry,2014.0,Sedan,Hybrid,2.5,68226.0,4.0,Automatic,FWD,White
8123,Chevrolet,Captiva,2008.0,SUV,Diesel,2.0,38872.0,4.0,Automatic,FWD,Silver
15000,Mitsubishi,Pajero iO,2003.0,SUV,Petrol,2.0,111847.0,4.0,Automatic,AWD,Silver
6272,Toyota,Prius,2015.0,Hatchback,Hybrid,1.8,59993.0,4.0,Automatic,FWD,Black
75266,Toyota,Camry,2018.0,Sedan,Petrol,2.5,6836.0,4.0,Automatic,FWD,Red
48998,Hyundai,Tucson,2017.0,SUV,Diesel,2.0,18647.0,4.0,Automatic,FWD,Silver
2038,Honda,Fit,2012.0,Sedan,Petrol,1.5,103868.0,4.0,Automatic,FWD,Gray
17562,Subaru,Outback,2012.0,SUV,Petrol,2.5,73322.0,4.0,Automatic,AWD,Black
28357,Hyundai,H1,2014.0,Van,Diesel,2.5,94312.0,4.0,Automatic,FWD,Silver
1490,Nissan,Altima,2015.0,Sedan,Petrol,2.5,77301.0,4.0,Automatic,FWD,White
5488,Toyota,Camry,2014.0,Sedan,Hybrid,2.5,68226.0,4.0,Automatic,FWD,White
3607,Ford,Escape,2011.0,SUV,Hybrid,2.5,104991.0,4.0,Automatic,AWD,White
23207,Lexus,CT 200h,2013.0,Hatchback,Hybrid,1.8,80157.0,4.0,Automatic,FWD,White
26030,Hyundai,other,2011.0,SUV,Petrol,2.0,64623.0,4.0,Automatic,AWD,Brown
32910,Hyundai,H1,2014.0,Van,Diesel,2.5,86992.0,4.0,Automatic,FWD,Silver
1411,Volkswagen,Jetta,2013.0,Sedan,Diesel,2.5,14406.0,5.0,Automatic,FWD,White
21169,Toyota,Corolla,2016.0,Sedan,Petrol,1.8,24686.0,4.0,Automatic,FWD,Black
25299,Hyundai,Tucson,2010.0,SUV,Diesel,2.0,84678.0,4.0,Automatic,FWD,Black
20542,Subaru,XV,2014.0,SUV,Petrol,2.0,93828.0,4.0,Automatic,AWD,Black
20266,Chevrolet,Malibu,2012.0,Sedan,Petrol,2.0,97396.0,4.0,Automatic,FWD,Black
17876,Volkswagen,Jetta,2014.0,Sedan,Petrol,1.8,60273.0,5.0,Automatic,FWD,Black
13172,Ford,Focus,2014.0,Sedan,Petrol,2.0,48467.0,4.0,Manual,FWD,Silver
7997,Ford,Fusion,2014.0,Sedan,Hybrid,2.0,85332.0,4.0,Automatic,FWD,Silver
12388,Hyundai,Santa Fe,2010.0,SUV,Diesel,2.0,25380.0,4.0,Automatic,FWD,Black
35438,Mazda,CX-9,2019.0,Sedan,Petrol,2.5,7299.0,4.0,Automatic,FWD,Gray
57698,Hyundai,Sonata,2017.0,Sedan,Petrol,2.0,4958.0,4.0,Automatic,FWD,Black
21953,Hyundai,Santa Fe,2010.0,SUV,Diesel,2.0,113090.0,4.0,Automatic,FWD,White
21012,Toyota,Corolla,2014.0,Sedan,Petrol,1.8,54060.0,4.0,Automatic,FWD,White
13328,Toyota,RAV4,2018.0,Sedan,Hybrid,2.5,45762.0,4.0,Automatic,AWD,Gray
10036,Toyota,Corolla,2018.0,Sedan,Petrol,1.8,23537.0,4.0,Automatic,FWD,Silver
1254,Audi,A4,2014.0,Sedan,Petrol,2.0,26344.0,4.0,Automatic,AWD,Gray
22894,Toyota,Camry,2012.0,Sedan,Petrol,2.5,65244.0,4.0,Automatic,FWD,Gray
16621,Hyundai,Elantra,2012.0,Sedan,Petrol,1.8,59031.0,4.0,Automatic,FWD,Black
8467,Nissan,Tiida,2005.0,Hatchback,Petrol,1.5,92523.0,4.0,Automatic,FWD,Blue
37984,Hyundai,Sonata,2015.0,Sedan,Petrol,2.0,56310.0,4.0,Automatic,FWD,Gray
1960,Nissan,Rogue,2016.0,SUV,Petrol,2.5,67230.0,4.0,Automatic,FWD,Black
3136,Toyota,Camry,2014.0,Sedan,Petrol,2.5,34680.0,4.0,Automatic,FWD,Black
706,Lexus,CT 200h,2011.0,Hatchback,Hybrid,1.8,72620.0,4.0,Automatic,FWD,Black
784,Chevrolet,Volt,2017.0,Hatchback,Hybrid,1.5,50605.0,4.0,Automatic,FWD,Black
31361,Toyota,Camry,2014.0,Sedan,Petrol,2.5,36040.0,4.0,Automatic,FWD,Gray
19030,Toyota,Aqua,2014.0,Hatchback,Hybrid,1.5,43279.0,4.0,Automatic,FWD,Blue
14069,Toyota,Aqua,2012.0,Hatchback,Petrol,1.5,68973.0,4.0,Automatic,FWD,Gold
862,Toyota,Camry,2014.0,Sedan,Hybrid,2.5,81076.0,4.0,Automatic,FWD,White
9408,Ford,Transit,1994.0,Van,Diesel,2.5,62138.0,4.0,Manual,RWD,White
6586,Nissan,Skyline,2001.0,Sedan,Petrol,2.5,86992.0,4.0,Automatic,FWD,Silver
12858,Mercedes-Benz,GLA,2015.0,SUV,Petrol,2.0,99375.0,4.0,Automatic,FWD,Black
16465,Kia,Optima,2013.0,Sedan,Petrol,2.0,26925.0,4.0,Automatic,FWD,White
22063,Hyundai,Tucson,2010.0,SUV,Diesel,2.0,88399.0,4.0,Automatic,FWD,White
20385,Toyota,Prius,2011.0,Hatchback,Hybrid,1.8,77672.0,4.0,Automatic,FWD,Black
19416,Chevrolet,Orlando,2012.0,SUV,Diesel,2.0,106954.0,4.0,Automatic,FWD,Gray
12880,Hyundai,Sonata,2010.0,Sedan,Petrol,2.0,107608.0,4.0,Automatic,FWD,White
11290,Kia,Optima,2014.0,Sedan,Petrol,2.0,35573.0,4.0,Automatic,FWD,Silver
13877,Hyundai,Sonata,2010.0,Sedan,Petrol,2.0,100190.0,4.0,Automatic,FWD,White
10663,Toyota,Aqua,2012.0,Hatchback,Hybrid,1.5,38526.0,4.0,Automatic,FWD,Orange
6752,Chevrolet,Cruze,2009.0,Sedan,Diesel,2.0,46498.0,4.0,Automatic,FWD,Black
17405,Hyundai,Sonata,2015.0,Sedan,Petrol,2.0,31837.0,4.0,Automatic,FWD,White
2666,Toyota,Prius,2015.0,Hatchback,Hybrid,1.5,79405.0,4.0,Automatic,FWD,Gray
12231,Toyota,Prius,2010.0,Sedan,Hybrid,1.8,74565.0,4.0,Automatic,FWD,Red
31650,Hyundai,H1,2014.0,Van,Diesel,2.5,102406.0,4.0,Automatic,FWD,White
26030,Lexus,CT 200h,2013.0,Sedan,Hybrid,1.8,46603.0,4.0,Automatic,FWD,White
32104,Chevrolet,Malibu,2015.0,Sedan,Diesel,2.0,54106.0,4.0,Automatic,FWD,Black
12231,Nissan,X-Trail,2004.0,Wagon,Petrol,2.0,105634.0,3.0,Automatic,AWD,Gold
26343,Hyundai,Santa Fe,2013.0,SUV,Diesel,2.0,22654.0,4.0,Automatic,FWD,White
17249,Toyota,Prius,2010.0,Sedan,Hybrid,1.8,86992.0,4.0,Automatic,FWD,Silver
39559,Hyundai,Santa Fe,2015.0,SUV,Diesel,2.0,88642.0,4.0,Automatic,FWD,Gray
44545,Hyundai,Santa Fe,2017.0,SUV,Diesel,2.0,63152.0,4.0,Automatic,FWD,Silver
17035,Hyundai,Sonata,2011.0,Sedan,Petrol,2.0,115182.0,4.0,Automatic,FWD,Black
706,Toyota,RAV4,2018.0,SUV,Hybrid,2.5,16128.0,4.0,Automatic,AWD,White
23414,Hyundai,Tucson,2012.0,SUV,Diesel,2.0,55924.0,4.0,Automatic,FWD,White
14113,Chevrolet,Malibu,2014.0,Sedan,Diesel,2.0,26818.0,4.0,Automatic,FWD,Black
1960,Toyota,Prius,2019.0,Hatchback,Hybrid,1.8,4743.0,4.0,Automatic,FWD,Black
24148,Toyota,Camry,2014.0,Sedan,Petrol,2.5,37904.0,4.0,Automatic,FWD,Black
11917,Toyota,Prius,2006.0,Sedan,Petrol,1.5,99420.0,4.0,Automatic,FWD,Red
12858,Hyundai,H1,2011.0,Van,Diesel,2.5,38439.0,4.0,Automatic,FWD,Silver
24628,Hyundai,H1,2011.0,Van,Diesel,2.5,29625.0,4.0,Automatic,FWD,Silver
2901,Honda,Civic,2012.0,Sedan,Hybrid,1.5,90971.0,4.0,Automatic,FWD,White
18503,Toyota,Camry,2012.0,Sedan,Petrol,2.5,93206.0,4.0,Automatic,FWD,Black
21395,Hyundai,Tucson,2010.0,SUV,Diesel,2.0,90048.0,4.0,Automatic,FWD,White
12544,Nissan,X-Trail,2005.0,SUV,Petrol,2.0,111847.0,4.0,Automatic,AWD,Black
17249,Hyundai,Elantra,2013.0,Sedan,Petrol,1.8,37283.0,4.0,Automatic,FWD,Red
29216,Chevrolet,Orlando,2014.0,SUV,Diesel,2.0,48519.0,4.0,Automatic,FWD,White
16590,Hyundai,H1,2011.0,Van,Diesel,2.5,26356.0,4.0,Automatic,FWD,White
1725,Hyundai,Elantra,2014.0,Sedan,Petrol,1.8,66584.0,4.0,Automatic,FWD,Black
16935,Lexus,CT 200h,2011.0,Sedan,Hybrid,1.8,98177.0,4.0,Automatic,FWD,Gray
7840,Mitsubishi,Pajero iO,2000.0,SUV,Petrol,2.0,59031.0,4.0,Manual,AWD,Blue
18817,Ford,Fusion,2013.0,Sedan,Petrol,2.0,54420.0,4.0,Automatic,FWD,Black
21326,Kia,Optima,2014.0,Sedan,Petrol,2.0,20922.0,4.0,Automatic,FWD,White
8467,Mitsubishi,Pajero iO,1999.0,SUV,Petrol,1.8,122100.0,4.0,Automatic,AWD,White
15053,Dodge,Caliber,2010.0,Hatchback,Petrol,2.0,51574.0,4.0,Automatic,FWD,Gold
784,Subaru,XV,2014.0,SUV,Petrol,2.0,43583.0,4.0,Automatic,AWD,Orange
12544,Hyundai,Elantra,2014.0,Sedan,Diesel,1.8,65244.0,4.0,Automatic,FWD,Silver
54186,Hyundai,Santa Fe,2016.0,SUV,Diesel,2.0,55358.0,4.0,Automatic,FWD,Black
7840,Mitsubishi,Pajero iO,2000.0,SUV,Petrol,2.0,99420.0,4.0,Automatic,RWD,Silver
34497,Lexus,CT 200h,2015.0,Hatchback,Hybrid,1.8,33803.0,4.0,Automatic,FWD,Black
17562,Ford,Fusion,2010.0,Sedan,Hybrid,2.5,46603.0,4.0,Automatic,FWD,Black
20382,Toyota,Prius,2010.0,Sedan,Hybrid,1.8,124275.0,4.0,Automatic,FWD,Silver
16621,Hyundai,Elantra,2016.0,Sedan,Petrol,2.0,40558.0,4.0,Automatic,FWD,Silver
10349,Toyota,Aqua,2013.0,Hatchback,Hybrid,1.5,88235.0,4.0,Automatic,FWD,Red
549,Audi,A6,2016.0,Sedan,Petrol,2.0,60787.0,4.0,Automatic,AWD,Gray
18817,Hyundai,Elantra,2012.0,Sedan,Petrol,1.8,62138.0,4.0,Automatic,FWD,Black
34111,Hyundai,Tucson,2015.0,SUV,Diesel,2.0,62443.0,4.0,Automatic,FWD,White
15681,Toyota,Prius,2010.0,Hatchback,Hybrid,1.8,118061.0,4.0,Automatic,FWD,Gray
17942,Hyundai,Sonata,2010.0,Sedan,Petrol,2.0,90099.0,4.0,Automatic,FWD,Gray
4234,Chevrolet,Cruze,2012.0,Sedan,Petrol,1.8,71319.0,4.0,Automatic,FWD,Black
60345,Hyundai,Sonata,2016.0,Sedan,Petrol,2.0,24112.0,4.0,Automatic,FWD,White
20385,Toyota,Prius C,2013.0,Hatchback,Petrol,1.5,66487.0,4.0,Automatic,FWD,White
18503,Hyundai,Elantra,2015.0,Sedan,Petrol,1.8,47846.0,4.0,Automatic,FWD,White
10976,Mitsubishi,Pajero iO,2000.0,SUV,Petrol,2.0,60584.0,4.0,Automatic,AWD,Black
9408,Hyundai,Elantra,2014.0,Sedan,Petrol,1.8,63380.0,4.0,Automatic,FWD,Blue
7222,Hyundai,Sonata,2010.0,Sedan,Petrol,2.0,69895.0,4.0,Automatic,FWD,White
862,Honda,Fit,2013.0,Hatchback,Petrol,1.5,73466.0,4.0,Automatic,FWD,Silver
12544,Toyota,Prius,2008.0,Sedan,Hybrid,1.5,96934.0,4.0,Automatic,FWD,Silver
11290,Toyota,Prius,2009.0,Hatchback,Hybrid,1.5,77572.0,4.0,Automatic,FWD,Blue
38822,Toyota,Aqua,2016.0,Wagon,Hybrid,1.5,21416.0,4.0,Automatic,FWD,Black
706,Subaru,XV,2015.0,SUV,Petrol,2.0,44012.0,4.0,Automatic,AWD,Black
35403,Hyundai,H1,2016.0,Van,Diesel,2.5,55924.0,4.0,Automatic,FWD,Silver
11290,Toyota,Prius,2008.0,Hatchback,Hybrid,1.5,83886.0,4.0,Automatic,FWD,Red
8938,Toyota,Aqua,2012.0,Sedan,Hybrid,1.5,54681.0,4.0,Automatic,FWD,Silver
4234,Honda,Civic,2014.0,Sedan,Petrol,1.8,69065.0,4.0,Automatic,FWD,Brown
28830,Hyundai,Santa Fe,2011.0,SUV,Diesel,2.0,65218.0,4.0,Automatic,FWD,Black
35269,Hyundai,H1,2015.0,Wagon,Diesel,2.5,78931.0,4.0,Automatic,FWD,White
15994,Hyundai,Elantra,2017.0,Sedan,Petrol,2.0,43990.0,4.0,Automatic,FWD,White
13799,Toyota,Aqua,2013.0,Hatchback,Hybrid,1.5,67730.0,4.0,Automatic,FWD,Black
13328,Ford,Fusion,2013.0,Sedan,Hybrid,2.0,56545.0,4.0,Automatic,FWD,White
37125,Hyundai,Tucson,2015.0,SUV,Diesel,2.0,69339.0,4.0,Automatic,FWD,Silver
1254,Audi,A4,2014.0,Sedan,Petrol,2.0,26344.0,4.0,Automatic,AWD,Gray
23703,Chevrolet,Malibu,2015.0,Sedan,Diesel,2.0,62180.0,4.0,Automatic,FWD,White
9095,Nissan,Tiida,2007.0,Sedan,Petrol,1.5,97866.0,4.0,Automatic,FWD,Black
9095,Nissan,Tiida,2006.0,Hatchback,Petrol,1.8,1125.0,4.0,Automatic,FWD,Black
11290,Toyota,Prius,2008.0,Hatchback,Hybrid,1.5,102527.0,4.0,Automatic,FWD,Silver
8311,Nissan,Tiida,2005.0,Hatchback,Petrol,1.5,69042.0,4.0,Automatic,FWD,Red
1019,Chevrolet,Volt,2017.0,Hatchback,Hybrid,1.5,63616.0,4.0,Automatic,FWD,Blue
7840,Nissan,X-Trail,2002.0,Wagon,Petrol,2.0,91342.0,4.0,Automatic,AWD,Black
18669,Hyundai,H1,2011.0,Van,Diesel,2.5,32738.0,4.0,Automatic,FWD,Silver
38737,Hyundai,H1,2016.0,Wagon,Diesel,2.5,74287.0,4.0,Automatic,FWD,Silver
23521,Hyundai,Elantra,2016.0,Sedan,Petrol,2.0,41757.0,4.0,Automatic,FWD,Black
2274,Toyota,Camry,2014.0,Sedan,Hybrid,2.5,79995.0,4.0,Automatic,FWD,Green
21326,Toyota,Prius,2014.0,Hatchback,Hybrid,1.8,66611.0,4.0,Automatic,FWD,Gray
46919,Hyundai,H1,2018.0,Wagon,Diesel,2.5,44546.0,4.0,Automatic,FWD,Gray
3136,Toyota,Camry,2012.0,Sedan,Hybrid,2.5,99034.0,4.0,Automatic,FWD,White
27190,Chevrolet,Malibu,2014.0,Sedan,Petrol,2.0,62018.0,4.0,Automatic,FWD,Black
10349,Hyundai,Genesis,2010.0,Coupe,Petrol,2.0,77750.0,4.0,Automatic,FWD,Black
46728,Toyota,RAV4,2015.0,SUV,Petrol,2.5,44182.0,4.0,Automatic,AWD,White
20385,Ford,Focus,2016.0,Sedan,Petrol,2.0,42055.0,4.0,Automatic,FWD,Silver
13454,Hyundai,H1,2011.0,Van,Diesel,2.5,52957.0,4.0,Automatic,FWD,Blue
8624,Chevrolet,Cruze,2011.0,Sedan,Diesel,2.0,35951.0,4.0,Automatic,FWD,Red
18189,Toyota,Corolla,2012.0,Sedan,Petrol,1.8,45982.0,4.0,Automatic,FWD,Gray
21181,Chevrolet,Orlando,2014.0,SUV,Diesel,2.0,111986.0,4.0,Automatic,FWD,White
73313,Hyundai,Santa Fe,2020.0,SUV,Diesel,2.0,13574.0,4.0,Automatic,FWD,Gray
51191,Honda,Civic,2017.0,Sedan,Petrol,2.0,3107.0,4.0,Automatic,FWD,White
73131,Honda,Civic,2017.0,Coupe,Petrol,1.5,11941.0,4.0,Automatic,FWD,Blue
18817,Toyota,Camry,2014.0,Sedan,Petrol,2.5,65049.0,4.0,Automatic,FWD,Silver
5018,Toyota,Camry,2013.0,Sedan,Hybrid,2.5,118402.0,4.0,Automatic,FWD,Black
16900,Toyota,Aqua,2013.0,Hatchback,Petrol,1.5,64012.0,4.0,Automatic,FWD,Orange
21012,Toyota,Camry,2012.0,Sedan,Petrol,2.5,52196.0,4.0,Automatic,FWD,White
21326,Toyota,Prius,2015.0,Hatchback,Hybrid,1.8,123281.0,4.0,Automatic,FWD,White
21326,Toyota,Camry,2012.0,Sedan,Petrol,2.5,55924.0,4.0,Automatic,FWD,White
13946,Toyota,Aqua,2013.0,Hatchback,Hybrid,1.5,70464.0,4.0,Automatic,FWD,Blue
549,Toyota,Corolla,2013.0,Sedan,Petrol,1.8,106206.0,4.0,Automatic,FWD,White
43905,Toyota,RAV4,2017.0,SUV,Petrol,2.5,17896.0,4.0,Automatic,AWD,White
57902,Hyundai,Santa Fe,2018.0,SUV,Diesel,2.0,41502.0,4.0,Automatic,FWD,Black
18503,Toyota,Prius,2011.0,Hatchback,Hybrid,1.8,62138.0,4.0,Automatic,FWD,White
8311,Honda,Civic,2013.0,Sedan,Hybrid,1.5,90020.0,4.0,Automatic,FWD,White
1725,Lexus,CT 200h,2013.0,Hatchback,Hybrid,1.8,116939.0,4.0,Automatic,FWD,Black
784,Ford,Escape,2012.0,SUV,Hybrid,2.5,59248.0,4.0,Automatic,FWD,Blue
862,Toyota,Camry,2014.0,Sedan,Hybrid,2.5,81076.0,4.0,Automatic,FWD,White
33243,Hyundai,Santa Fe,2014.0,SUV,Diesel,2.0,106961.0,4.0,Automatic,FWD,White
8154,Ford,Focus,2012.0,Sedan,Petrol,2.0,69149.0,4.0,Automatic,FWD,Blue
18503,Toyota,Prius,2020.0,Sedan,Petrol,1.8,8078.0,4.0,Automatic,FWD,White
11450,Toyota,Aqua,2014.0,Hatchback,Petrol,1.5,82643.0,4.0,Automatic,FWD,White
8154,Nissan,Note,2005.0,Hatchback,Petrol,1.5,110605.0,4.0,Automatic,FWD,Gold
21012,Toyota,C-HR,2019.0,SUV,Petrol,2.0,12325.0,4.0,Automatic,FWD,Silver
16778,Hyundai,H1,2010.0,Van,Diesel,2.5,47909.0,4.0,Automatic,FWD,Black
10036,Toyota,Ist,2005.0,Hatchback,Petrol,1.5,105634.0,4.0,Automatic,FWD,White
17158,Hyundai,Sonata,2010.0,Sedan,Petrol,2.0,108030.0,4.0,Automatic,FWD,Gray
45787,Mercedes-Benz,GLA,2017.0,SUV,Petrol,2.0,27959.0,4.0,Automatic,AWD,Black
42337,Toyota,Avalon,2013.0,Sedan,Hybrid,2.5,32028.0,4.0,Automatic,FWD,Silver
20698,Toyota,Camry,2013.0,Sedan,Petrol,2.5,63380.0,4.0,Automatic,FWD,Blue
14113,Hyundai,Sonata,2015.0,Sedan,Petrol,2.0,32228.0,4.0,Automatic,FWD,Silver
2509,Mercedes-Benz,GLA,2017.0,SUV,Petrol,2.0,27637.0,4.0,Automatic,FWD,Blue
14113,Chevrolet,Cruze,2011.0,Sedan,Petrol,1.8,61255.0,4.0,Automatic,FWD,Blue
9408,Nissan,Skyline,2005.0,Sedan,Petrol,2.5,110605.0,6.0,Automatic,RWD,White
18503,Toyota,Prius C,2012.0,Hatchback,Hybrid,1.5,62089.0,4.0,Automatic,FWD,White
63850,Toyota,Camry,2018.0,Sedan,Petrol,2.5,26956.0,4.0,Automatic,FWD,White
11133,Toyota,Camry,2014.0,Sedan,Hybrid,2.5,111463.0,4.0,Automatic,FWD,Black
40142,Toyota,RAV4,2017.0,SUV,Petrol,2.5,17399.0,6.0,Automatic,AWD,Blue
15367,Nissan,Rogue,2011.0,SUV,Petrol,2.5,44739.0,4.0,Automatic,AWD,Brown
22894,BMW,X1,2015.0,SUV,Petrol,2.0,60996.0,4.0,Automatic,AWD,Black
11917,Subaru,Forester,2006.0,SUV,Petrol,2.0,93206.0,4.0,Automatic,AWD,White
46534,Hyundai,Elantra,2018.0,Sedan,Petrol,2.0,13681.0,4.0,Automatic,FWD,Gray
11099,Hyundai,Genesis,2010.0,Coupe,Petrol,2.0,69500.0,4.0,Automatic,FWD,White
17876,Hyundai,Elantra,2015.0,Sedan,Petrol,1.8,71582.0,4.0,Automatic,FWD,Gold
36827,Hyundai,Santa Fe,2013.0,SUV,Diesel,2.0,106724.0,4.0,Automatic,FWD,Silver
19924,Hyundai,Tucson,2010.0,SUV,Diesel,2.0,31831.0,4.0,Automatic,FWD,Gray
19579,Toyota,Aqua,2012.0,Hatchback,Petrol,1.5,19741.0,4.0,Automatic,FWD,Silver
13172,Toyota,Prius,2008.0,Sedan,Hybrid,1.8,114333.0,4.0,Automatic,FWD,Red
4704,BMW,3 Series,1997.0,Sedan,Petrol,1.8,622.0,4.0,Manual,RWD,Blue
10349,Hyundai,Sonata,2015.0,Sedan,Petrol,2.0,53612.0,4.0,Automatic,FWD,Silver
3450,Toyota,Camry,2019.0,Sedan,Hybrid,2.5,5982.0,4.0,Automatic,FWD,Black
47989,Hyundai,Sonata,2017.0,Sedan,Petrol,2.0,9613.0,4.0,Automatic,FWD,Gray
49864,Mercedes-Benz,CLA,2013.0,Sedan,Petrol,2.0,49710.0,4.0,Automatic,FWD,White
2587,Ford,Fusion,2015.0,Sedan,Hybrid,2.0,55175.0,4.0,Automatic,FWD,Black
10663,Toyota,Aqua,2012.0,Hatchback,Hybrid,1.5,40390.0,4.0,Automatic,FWD,Gray
21442,Hyundai,Genesis,2011.0,Coupe,Petrol,2.0,83264.0,4.0,Automatic,FWD,Black
784,Ford,Escape,2012.0,SUV,Hybrid,2.5,59248.0,4.0,Automatic,FWD,Blue
15681,Hyundai,Elantra,2014.0,Sedan,Petrol,1.8,65244.0,4.0,Automatic,FWD,Blue
1490,Chevrolet,Malibu,2013.0,Sedan,Petrol,2.5,102217.0,4.0,Automatic,FWD,Blue
44890,Hyundai,Santa Fe,2016.0,SUV,Diesel,2.0,75139.0,4.0,Automatic,FWD,White
37633,Toyota,Corolla,2018.0,Sedan,Petrol,1.8,11185.0,4.0,Automatic,FWD,Silver
20385,Toyota,Camry,2011.0,Sedan,Petrol,2.5,65637.0,6.0,Automatic,FWD,Gray
17876,Toyota,Prius C,2015.0,Hatchback,Hybrid,1.5,26719.0,4.0,Automatic,FWD,Gray
29793,Hyundai,Elantra,2016.0,Sedan,Petrol,2.0,20506.0,4.0,Automatic,FWD,Gray
24775,Toyota,Camry,2012.0,Sedan,Hybrid,2.5,50953.0,4.0,Automatic,FWD,Gold
29793,Nissan,Rogue,2014.0,SUV,Petrol,2.5,42378.0,4.0,Automatic,AWD,White
15367,Ford,Fusion,2015.0,Sedan,Hybrid,2.0,62602.0,4.0,Automatic,FWD,Green
45436,Hyundai,H1,2018.0,Wagon,Diesel,2.5,28295.0,4.0,Automatic,FWD,Silver
24462,Toyota,Prius,2012.0,Hatchback,Hybrid,1.8,84507.0,4.0,Automatic,FWD,Gray
44843,Hyundai,H1,2016.0,Wagon,Diesel,2.5,68877.0,4.0,Automatic,FWD,Gray
2822,Ford,Fusion,2017.0,Sedan,Hybrid,2.0,49448.0,4.0,Automatic,FWD,Black
5018,Toyota,RAV4,2013.0,SUV,Petrol,2.5,120522.0,4.0,Automatic,FWD,Gray
2430,Nissan,Sentra,2015.0,Sedan,Petrol,1.8,19868.0,4.0,Automatic,FWD,Blue
14113,Toyota,Prius,2009.0,Hatchback,Hybrid,1.8,69042.0,4.0,Automatic,FWD,Green
18189,Hyundai,Elantra,2013.0,Sedan,Petrol,1.8,9942.0,4.0,Automatic,FWD,Black
9418,Hyundai,Sonata,2015.0,Sedan,Petrol,2.0,27039.0,4.0,Automatic,FWD,White
2901,Nissan,Sentra,2013.0,Sedan,Petrol,1.8,113972.0,4.0,Automatic,FWD,Gray
52520,Honda,Civic,2017.0,Sedan,Petrol,2.0,14434.0,4.0,Automatic,FWD,Black
17876,Hyundai,Elantra,2013.0,Sedan,Petrol,1.8,16778.0,4.0,Automatic,FWD,Silver
11917,Toyota,Vitz,2005.0,Hatchback,Petrol,1.5,90099.0,4.0,Automatic,FWD,Gray
59313,Honda,Fit,2017.0,Hatchback,Petrol,1.5,19263.0,4.0,Automatic,FWD,Blue
21326,Toyota,Camry,2012.0,Sedan,Petrol,2.5,78728.0,5.0,Automatic,FWD,Gray
44523,Hyundai,Santa Fe,2016.0,SUV,Diesel,2.0,75262.0,4.0,Automatic,FWD,White
27598,Toyota,Camry,2012.0,Sedan,Hybrid,2.5,99420.0,4.0,Automatic,FWD,Gray
14426,Kia,Sportage,2013.0,SUV,Diesel,2.0,41128.0,4.0,Automatic,FWD,Silver
26644,Honda,Fit,2015.0,Wagon,Hybrid,1.5,22136.0,4.0,Automatic,FWD,Black
19757,Toyota,Prius,2013.0,Hatchback,Hybrid,1.8,60273.0,4.0,Automatic,FWD,Silver
5018,Mercedes-Benz,GLA,2015.0,SUV,Petrol,2.0,57977.0,4.0,Automatic,AWD,White
549,Subaru,Forester,2014.0,SUV,Petrol,2.0,45120.0,4.0,Automatic,AWD,White
16308,Hyundai,Elantra,2015.0,Sedan,Petrol,1.8,58758.0,4.0,Automatic,FWD,Blue
9060,Toyota,Aqua,2015.0,Hatchback,Hybrid,1.5,103673.0,4.0,Automatic,FWD,Silver
41221,Hyundai,Santa Fe,2016.0,SUV,Diesel,2.0,101533.0,4.0,Automatic,FWD,Blue
25089,Toyota,Corolla,2015.0,Sedan,Petrol,1.8,50953.0,4.0,Automatic,FWD,Green
19757,Hyundai,Elantra,2016.0,Sedan,Petrol,2.0,27341.0,4.0,Automatic,FWD,Red
6429,Kia,other,2018.0,Sedan,Petrol,2.0,66555.0,4.0,Automatic,FWD,White
28532,Hyundai,Tucson,2010.0,SUV,Diesel,2.0,55329.0,4.0,Automatic,FWD,Brown
14113,Ford,Fusion,2014.0,Sedan,Hybrid,2.0,17212.0,4.0,Automatic,FWD,Black
6743,Chevrolet,Cruze,2010.0,Sedan,Petrol,1.8,31206.0,4.0,Automatic,FWD,White
1960,BMW,5 Series,2015.0,Sedan,Petrol,2.0,72509.0,4.0,Automatic,AWD,Black
59834,Honda,Civic,2018.0,Coupe,Petrol,2.0,16887.0,4.0,Automatic,FWD,White
15367,Hyundai,Sonata,2013.0,Sedan,Petrol,2.0,19500.0,4.0,Automatic,FWD,White
59837,Honda,Civic,2018.0,Hatchback,Petrol,1.5,8108.0,4.0,Automatic,FWD,Gray
4704,Toyota,Vitz,2002.0,Sedan,Petrol,1.5,15339.0,4.0,Manual,AWD,White
40889,Hyundai,H1,2016.0,Van,Diesel,2.5,49655.0,4.0,Automatic,FWD,Black
5959,Toyota,Avalon,2017.0,Sedan,Hybrid,2.5,31390.0,4.0,Automatic,FWD,White
7213,Hyundai,Tucson,2010.0,SUV,Diesel,2.0,80989.0,4.0,Automatic,FWD,Silver
14950,Honda,Fit,2014.0,Hatchback,Petrol,1.5,102527.0,4.0,Automatic,FWD,Blue
5645,Ford,Fusion,2016.0,Sedan,Hybrid,2.0,51137.0,4.0,Automatic,FWD,White
15681,Hyundai,Elantra,2013.0,Sedan,Petrol,1.8,60015.0,4.0,Automatic,FWD,Gray
21639,Toyota,Camry,2013.0,Sedan,Petrol,2.5,54681.0,5.0,Automatic,FWD,Black
42557,Chevrolet,Impala,2016.0,Sedan,Petrol,2.5,54508.0,4.0,Automatic,FWD,Black
5802,Chevrolet,Captiva,2007.0,SUV,Diesel,2.0,45246.0,5.0,Automatic,FWD,Silver
61894,Hyundai,Tucson,2019.0,SUV,Diesel,2.0,3796.0,4.0,Automatic,FWD,Silver
7317,Hyundai,H1,2010.0,Van,Diesel,2.5,44439.0,4.0,Automatic,FWD,Gold
16041,Chevrolet,Cruze,2013.0,Sedan,Petrol,1.8,76153.0,4.0,Automatic,FWD,Black
784,Ford,Escape,2012.0,SUV,Hybrid,2.5,59248.0,4.0,Automatic,FWD,Blue
36899,Hyundai,H1,2014.0,Van,Diesel,2.5,65531.0,4.0,Automatic,FWD,Gray
14426,Toyota,Prius C,2017.0,Hatchback,Hybrid,1.5,16606.0,4.0,Automatic,FWD,Blue
24543,Hyundai,Tucson,2012.0,SUV,Diesel,2.0,94446.0,4.0,Automatic,FWD,Gray
3293,Mazda,CX-9,2016.0,Sedan,Petrol,2.5,96227.0,4.0,Automatic,AWD,Red
33243,Lexus,CT 200h,2014.0,Hatchback,Hybrid,1.8,97556.0,4.0,Automatic,FWD,Gray
1882,Toyota,Prius,2017.0,Sedan,Hybrid,1.8,29622.0,4.0,Automatic,FWD,White
28241,Hyundai,Tucson,2010.0,SUV,Diesel,2.0,85759.0,4.0,Automatic,FWD,White
14740,Hyundai,H1,2008.0,Van,Diesel,2.5,41358.0,4.0,Automatic,FWD,Black
549,Nissan,Versa,2012.0,Hatchback,Petrol,1.8,113365.0,4.0,Automatic,FWD,Black
47217,Hyundai,H1,2017.0,Wagon,Diesel,2.5,69919.0,4.0,Automatic,FWD,Gray
21796,Ford,Fusion,2017.0,Sedan,Hybrid,2.0,11707.0,4.0,Automatic,FWD,Red
11917,Toyota,Camry,2014.0,Sedan,Petrol,2.5,45361.0,5.0,Automatic,FWD,Black
42152,Hyundai,H1,2016.0,Van,Diesel,2.5,37904.0,4.0,Automatic,FWD,Gray
52357,Hyundai,Santa Fe,2017.0,SUV,Diesel,2.0,43994.0,4.0,Automatic,FWD,Silver
19378,Honda,Civic,2013.0,Sedan,Petrol,1.8,105634.0,4.0,Automatic,FWD,White
7840,Subaru,Forester,2004.0,SUV,Petrol,2.0,74565.0,4.0,Automatic,AWD,Silver
9408,Mitsubishi,Pajero iO,2000.0,SUV,Petrol,1.8,69042.0,4.0,Automatic,AWD,White
23521,Toyota,Prius C,2012.0,Hatchback,Petrol,1.5,94449.0,4.0,Automatic,FWD,White
706,Honda,Civic,2012.0,Sedan,Hybrid,1.5,47010.0,4.0,Automatic,FWD,Blue
9408,Toyota,Prius,2009.0,Hatchback,Petrol,1.5,91342.0,4.0,Automatic,FWD,White
18312,Hyundai,Tucson,2011.0,SUV,Diesel,2.0,117697.0,4.0,Automatic,FWD,Black
48202,Hyundai,Santa Fe,2015.0,SUV,Diesel,2.0,32095.0,4.0,Automatic,FWD,Black
784,Toyota,Camry,2014.0,Sedan,Hybrid,2.5,63627.0,4.0,Automatic,FWD,Black
21940,Chevrolet,Orlando,2012.0,SUV,Diesel,2.0,99420.0,4.0,Automatic,FWD,Gray
6272,Honda,Civic,2001.0,Sedan,Petrol,1.5,69042.0,4.0,Automatic,FWD,White
5488,Ford,Fusion,2016.0,Sedan,Petrol,1.5,43848.0,4.0,Automatic,FWD,White
17562,Toyota,Prius,2011.0,Hatchback,Hybrid,1.8,96313.0,4.0,Automatic,RWD,Gray
17249,Toyota,Camry,2012.0,Sedan,Petrol,2.5,61516.0,4.0,Automatic,FWD,Black
16308,Kia,Optima,2014.0,Sedan,Petrol,2.0,22393.0,4.0,Automatic,FWD,Silver
30420,Hyundai,Tucson,2016.0,SUV,Petrol,2.0,14292.0,4.0,Automatic,FWD,Black
16935,Honda,Fit,2014.0,Hatchback,Petrol,1.5,114954.0,4.0,Automatic,FWD,Gray
706,Toyota,Camry,2014.0,Sedan,Hybrid,2.5,71652.0,4.0,Automatic,FWD,Gray
23521,Mercedes-Benz,C-Class,2014.0,Sedan,Petrol,1.8,97358.0,4.0,Automatic,RWD,White
18817,Toyota,Camry,2018.0,Sedan,Hybrid,2.5,21785.0,4.0,Automatic,FWD,White
27598,Hyundai,Elantra,2016.0,Sedan,Petrol,2.0,43496.0,4.0,Automatic,FWD,White
17876,Toyota,Prius,2010.0,Sedan,Petrol,1.8,114954.0,4.0,Automatic,FWD,Gold
22502,Toyota,Aqua,2013.0,Hatchback,Petrol,1.5,58291.0,4.0,Automatic,FWD,White
42692,Hyundai,Sonata,2015.0,Sedan,Petrol,2.0,36755.0,4.0,Automatic,FWD,Gray
22273,Hyundai,Sonata,2016.0,Sedan,Petrol,2.0,84818.0,4.0,Automatic,FWD,Black
39829,Kia,Sorento,2016.0,SUV,Diesel,2.0,33891.0,4.0,Automatic,FWD,White
4704,Ford,Fusion,2015.0,Sedan,Hybrid,2.0,92404.0,4.0,Automatic,FWD,Red
15530,Toyota,Aqua,2012.0,Hatchback,Hybrid,1.5,75454.0,4.0,Automatic,FWD,Black
23408,Hyundai,Santa Fe,2010.0,SUV,Diesel,2.0,93828.0,4.0,Automatic,FWD,White
18817,Toyota,Prius,2013.0,Sedan,Hybrid,1.8,80779.0,6.0,Automatic,FWD,Silver
1098,Nissan,Altima,2015.0,Sedan,Petrol,2.5,80533.0,4.0,Automatic,FWD,Silver
29793,Lexus,CT 200h,2014.0,Hatchback,Hybrid,1.8,41011.0,4.0,Automatic,FWD,White
11290,Ford,Focus,2015.0,Sedan,Petrol,2.0,62138.0,4.0,Automatic,FWD,Blue
43592,Toyota,Avalon,2015.0,Sedan,Hybrid,2.5,41011.0,4.0,Automatic,FWD,Black
25089,Hyundai,Elantra,2016.0,Sedan,Petrol,2.0,100414.0,4.0,Automatic,FWD,White
11133,Toyota,Camry,2014.0,Sedan,Hybrid,2.5,111463.0,4.0,Automatic,FWD,Black
13172,Toyota,Prius,2007.0,Hatchback,Hybrid,1.5,89478.0,4.0,Automatic,FWD,Silver
9879,Chevrolet,Volt,2017.0,Hatchback,Hybrid,1.5,71867.0,4.0,Automatic,FWD,Black
14113,Volkswagen,Jetta,2009.0,Sedan,Petrol,2.5,80779.0,8.0,Automatic,RWD,White
25089,Toyota,Camry,2012.0,Sedan,Hybrid,2.5,7457.0,6.0,Automatic,FWD,Black
22843,Hyundai,Santa Fe,2012.0,SUV,Diesel,2.0,108561.0,4.0,Automatic,FWD,Silver
9500,Volkswagen,Jetta,2010.0,Sedan,Petrol,2.5,8948.0,5.0,Automatic,FWD,Silver
10976,Nissan,Skyline,2008.0,Sedan,Petrol,2.5,69594.0,4.0,Automatic,RWD,Silver
21326,Volkswagen,Jetta,2013.0,Sedan,Petrol,2.5,46603.0,5.0,Automatic,FWD,Blue
34240,Hyundai,Tucson,2014.0,SUV,Diesel,2.0,72972.0,4.0,Automatic,FWD,White
11604,Nissan,X-Trail,2003.0,SUV,Petrol,2.0,90099.0,4.0,Automatic,AWD,White
15458,Hyundai,Genesis,2010.0,Coupe,Petrol,2.0,57936.0,4.0,Automatic,FWD,White
17562,Mercedes-Benz,GLA,2017.0,SUV,Petrol,2.0,68108.0,4.0,Automatic,FWD,White
18817,Ford,Focus,2017.0,Sedan,Petrol,1.5,20879.0,3.0,Automatic,FWD,Black
13423,Hyundai,Sonata,2011.0,Sedan,Petrol,2.0,40182.0,4.0,Automatic,FWD,White
40456,Ford,Fusion,2016.0,Sedan,Hybrid,2.0,27617.0,4.0,Automatic,FWD,Silver
37301,Honda,Fit,2015.0,Hatchback,Petrol,1.5,17891.0,4.0,Automatic,FWD,Black
33243,Hyundai,Santa Fe,2015.0,SUV,Diesel,2.0,102525.0,4.0,Automatic,FWD,Black
18817,Toyota,Camry,2018.0,Sedan,Hybrid,2.5,21785.0,4.0,Automatic,FWD,White
21937,Nissan,Sentra,2016.0,Sedan,Petrol,1.8,11931.0,4.0,Automatic,FWD,Silver
10036,Honda,Fit,2004.0,Hatchback,Petrol,1.5,77196.0,4.0,Automatic,FWD,Silver
9600,Nissan,Tiida,2005.0,Hatchback,Petrol,1.8,118061.0,4.0,Automatic,FWD,White
1568,Volkswagen,Jetta,2014.0,Sedan,Diesel,2.0,51196.0,4.0,Automatic,FWD,Silver
19761,Toyota,Camry,2011.0,Sedan,Petrol,2.5,96437.0,4.0,Automatic,FWD,Gray
26657,Toyota,Camry,2013.0,Sedan,Hybrid,2.5,105634.0,4.0,Automatic,FWD,Beige
784,Ford,Fusion,2016.0,Sedan,Hybrid,2.0,55428.0,4.0,Automatic,FWD,Black
16400,Volkswagen,Jetta,2011.0,Sedan,Petrol,2.5,84507.0,4.0,Automatic,FWD,Black
26030,Kia,Optima,2016.0,Sedan,Hybrid,2.0,47132.0,4.0,Automatic,FWD,White
3136,Toyota,Camry,2012.0,Sedan,Hybrid,2.5,99034.0,4.0,Automatic,FWD,White
37633,Kia,Optima,2017.0,Sedan,Hybrid,2.0,16156.0,4.0,Automatic,FWD,White
34497,Toyota,Camry,2019.0,Sedan,Petrol,2.5,11838.0,4.0,Automatic,FWD,Silver
8154,Honda,Fit,2003.0,Sedan,Petrol,1.5,117440.0,4.0,Automatic,FWD,Silver
19444,Subaru,Forester,2014.0,SUV,Petrol,2.5,50332.0,4.0,Automatic,AWD,Black
26657,Toyota,Camry,2012.0,Sedan,Petrol,2.5,89478.0,4.0,Automatic,FWD,Black
9722,Toyota,Aqua,2012.0,Hatchback,Hybrid,1.5,93206.0,4.0,Automatic,FWD,Blue
51373,Hyundai,Santa Fe,2015.0,SUV,Diesel,2.0,58465.0,4.0,Automatic,FWD,Silver
14884,Chevrolet,Cruze,2011.0,Sedan,Diesel,2.0,100663.0,4.0,Automatic,FWD,White
30583,Hyundai,H1,2014.0,Van,Diesel,2.5,74757.0,4.0,Automatic,FWD,Black
15053,Mitsubishi,Pajero iO,2005.0,SUV,Petrol,2.0,96810.0,4.0,Automatic,AWD,Silver
16869,Toyota,Aqua,2012.0,Hatchback,Petrol,1.5,97556.0,4.0,Automatic,FWD,Black
4861,Ford,Fusion,2014.0,Sedan,Hybrid,2.0,77357.0,4.0,Automatic,FWD,White
21639,Toyota,Corolla,2014.0,Sedan,Petrol,1.8,88857.0,4.0,Automatic,FWD,Red
18817,Hyundai,Elantra,2014.0,Sedan,Petrol,1.8,93455.0,6.0,Automatic,FWD,Red
4861,Toyota,Corolla,2015.0,Sedan,Petrol,1.8,94840.0,4.0,Automatic,FWD,White
25716,Subaru,Forester,2014.0,SUV,Petrol,2.5,31069.0,4.0,Automatic,AWD,Silver
8781,Toyota,Prius,2007.0,Hatchback,Hybrid,1.5,95692.0,4.0,Automatic,FWD,Blue
20071,Toyota,Prius V,2013.0,Hatchback,Hybrid,1.8,91342.0,4.0,Automatic,FWD,Silver
6899,Kia,Sportage,2007.0,SUV,Diesel,2.0,56689.0,4.0,Automatic,FWD,White
32340,Hyundai,Santa Fe,2012.0,SUV,Diesel,2.0,85758.0,4.0,Automatic,FWD,White
862,Honda,Fit,2016.0,SUV,Petrol,1.5,19803.0,4.0,Automatic,FWD,Black
21796,Toyota,Camry,2012.0,Sedan,Hybrid,2.5,61080.0,4.0,Automatic,FWD,Gray
15367,Hyundai,Elantra,2012.0,Sedan,Petrol,1.8,62138.0,4.0,Automatic,RWD,Black
549,Honda,Fit,2013.0,Hatchback,Petrol,1.5,74076.0,4.0,Automatic,FWD,Blue
14426,Ford,Escape,2008.0,SUV,Hybrid,2.5,92461.0,4.0,Automatic,AWD,Green
42218,Hyundai,H1,2016.0,Van,Diesel,2.5,59860.0,4.0,Automatic,FWD,Gray
36068,Hyundai,Tucson,2017.0,SUV,Diesel,2.0,86995.0,4.0,Automatic,FWD,Blue
17876,Toyota,Prius,2011.0,Sedan,Hybrid,1.8,62141.0,4.0,Automatic,FWD,White
18817,Toyota,Prius,2014.0,Hatchback,Hybrid,1.5,55915.0,4.0,Automatic,FWD,Gray
26030,Lexus,IS 250,2010.0,Sedan,Petrol,2.5,72701.0,6.0,Automatic,RWD,Black
706,Toyota,RAV4,2015.0,SUV,Petrol,2.5,61899.0,4.0,Automatic,AWD,Silver
11604,Toyota,Camry,2012.0,Sedan,Hybrid,2.5,54510.0,4.0,Automatic,FWD,Red
22580,Volkswagen,Passat,2013.0,Sedan,Petrol,2.5,37283.0,5.0,Automatic,FWD,Black
18660,Toyota,Prius,2013.0,Sedan,Hybrid,1.8,44278.0,4.0,Automatic,FWD,White
28068,Hyundai,Tucson,2017.0,SUV,Petrol,2.0,19413.0,4.0,Automatic,FWD,Blue
27598,Ford,Fusion,2013.0,Sedan,Hybrid,2.0,112469.0,4.0,Automatic,FWD,Silver
3763,Toyota,Camry,2016.0,SUV,Hybrid,2.5,24694.0,4.0,Automatic,FWD,Black
34387,Chevrolet,Impala,2016.0,Sedan,Petrol,2.5,100259.0,4.0,Automatic,FWD,Silver
20814,Hyundai,Tucson,2012.0,SUV,Diesel,2.0,106874.0,4.0,Automatic,FWD,Gray
15367,Honda,Fit,2013.0,Hatchback,Hybrid,1.5,101284.0,4.0,Automatic,FWD,Blue
706,Toyota,Camry,2014.0,Sedan,Hybrid,2.5,71652.0,4.0,Automatic,FWD,Gray
1882,Toyota,Avalon,2016.0,Sedan,Hybrid,2.5,34236.0,4.0,Automatic,FWD,Blue
24559,Hyundai,H1,2014.0,Van,Diesel,2.5,42613.0,4.0,Automatic,FWD,Silver
26033,Toyota,Aqua,2014.0,Wagon,Hybrid,1.5,23806.0,4.0,Automatic,FWD,Black
17876,Toyota,Prius,2010.0,Sedan,Petrol,1.8,124275.0,4.0,Automatic,FWD,Silver
29166,Hyundai,Santa Fe,2013.0,SUV,Diesel,2.0,33082.0,4.0,Automatic,FWD,Gray
10036,Toyota,Aqua,2013.0,Hatchback,Hybrid,1.5,72701.0,4.0,Automatic,FWD,White
25243,Honda,Fit,2014.0,Hatchback,Petrol,1.5,17585.0,4.0,Automatic,FWD,Silver
12720,Hyundai,Sonata,2010.0,Sedan,Petrol,2.0,69155.0,4.0,Automatic,FWD,Silver
12231,Toyota,Aqua,2013.0,Hatchback,Hybrid,1.5,114954.0,4.0,Automatic,FWD,White
3136,Hyundai,Elantra,2016.0,Hatchback,Petrol,2.0,25144.0,4.0,Automatic,FWD,Gray
2822,Toyota,RAV4,2010.0,SUV,Petrol,2.5,84613.0,4.0,Automatic,AWD,Black
66479,Hyundai,Tucson,2019.0,SUV,Hybrid,2.0,4829.0,4.0,Automatic,FWD,Gray
22894,Toyota,Camry,2014.0,Sedan,Petrol,2.5,58409.0,4.0,Automatic,FWD,Black
62355,Hyundai,Santa Fe,2017.0,SUV,Diesel,2.0,46603.0,4.0,Automatic,FWD,White
4234,Toyota,Camry,2013.0,Sedan,Hybrid,2.5,16727.0,4.0,Automatic,FWD,White
19130,Toyota,Prius,2013.0,Hatchback,Hybrid,1.8,67854.0,4.0,Automatic,FWD,Gray
14426,Volkswagen,Jetta,2012.0,Sedan,Petrol,2.5,105385.0,5.0,Automatic,FWD,Black
46728,Toyota,RAV4,2018.0,SUV,Petrol,2.5,31815.0,4.0,Automatic,AWD,Black
56136,Mercedes-Benz,E-Class,2017.0,Sedan,Petrol,2.0,31667.0,4.0,Automatic,RWD,Black
25264,Hyundai,H1,2014.0,Van,Diesel,2.5,123601.0,4.0,Automatic,FWD,Gold
21953,Nissan,Sentra,2016.0,Sedan,Petrol,1.8,34797.0,4.0,Automatic,FWD,White
47000,Toyota,Avalon,2014.0,Sedan,Hybrid,2.5,45735.0,4.0,Automatic,FWD,Silver
549,Subaru,Forester,2012.0,SUV,Petrol,2.5,92096.0,4.0,Automatic,AWD,Blue
55845,Honda,Fit,2018.0,Hatchback,Petrol,1.5,18604.0,4.0,Automatic,FWD,Silver
14900,Subaru,Impreza,2011.0,Hatchback,Petrol,2.0,79536.0,4.0,Automatic,AWD,Silver
13900,Volkswagen,Jetta,2013.0,Sedan,Petrol,2.0,59031.0,4.0,Automatic,FWD,Black
11290,Toyota,Prius,2008.0,Sedan,Petrol,1.5,14292.0,4.0,Automatic,FWD,Gray
43592,Nissan,Rogue,2018.0,SUV,Petrol,2.0,43496.0,4.0,Automatic,AWD,Gray
36899,Hyundai,H1,2014.0,Van,Diesel,2.5,53579.0,4.0,Automatic,FWD,Silver
51194,Hyundai,Santa Fe,2017.0,SUV,Diesel,2.0,70837.0,4.0,Automatic,FWD,Gray
21768,Chevrolet,Orlando,2012.0,SUV,Diesel,2.0,53651.0,4.0,Automatic,FWD,Gray
10349,Toyota,Aqua,2012.0,Hatchback,Hybrid,1.5,111847.0,4.0,Automatic,FWD,Silver
14426,Subaru,other,2019.0,Sedan,Petrol,2.0,793.0,4.0,Automatic,AWD,Silver
24148,Toyota,Prius,2014.0,Sedan,Hybrid,1.8,82437.0,4.0,Automatic,FWD,Green
32744,Hyundai,Santa Fe,2015.0,SUV,Diesel,2.0,108678.0,4.0,Automatic,FWD,White
22580,Volkswagen,Passat,2014.0,Sedan,Petrol,1.8,48467.0,6.0,Automatic,FWD,White
29793,Toyota,C-HR,2019.0,SUV,Petrol,2.0,2691.0,4.0,Automatic,FWD,White
16778,Kia,Optima,2014.0,Sedan,Petrol,2.0,24997.0,4.0,Automatic,FWD,Silver
6899,Kia,Sportage,2007.0,SUV,Diesel,2.0,49571.0,4.0,Automatic,FWD,White
6586,Toyota,Vitz,2004.0,Sedan,Petrol,1.5,110605.0,4.0,Automatic,FWD,Silver
22260,Toyota,Camry,2012.0,Sedan,Petrol,2.5,43496.0,4.0,Automatic,FWD,White
3763,Toyota,Camry,2013.0,Sedan,Hybrid,2.5,77617.0,4.0,Automatic,FWD,White
55638,Hyundai,Santa Fe,2014.0,SUV,Diesel,2.0,56745.0,4.0,Automatic,FWD,White
1411,Nissan,Rogue,2011.0,SUV,Petrol,2.5,84176.0,4.0,Automatic,AWD,White
2038,Toyota,Prius,2015.0,SUV,Hybrid,1.8,65117.0,4.0,Automatic,FWD,White
9500,Toyota,Aqua,2014.0,Hatchback,Hybrid,1.5,59652.0,4.0,Automatic,FWD,White
706,Lexus,CT 200h,2011.0,Hatchback,Hybrid,1.8,72620.0,4.0,Automatic,FWD,Black
14740,Toyota,Prius C,2014.0,Hatchback,Hybrid,1.5,94449.0,4.0,Automatic,FWD,Silver
12544,Nissan,Rogue,2011.0,SUV,Petrol,2.5,35419.0,4.0,Automatic,FWD,White
18100,Toyota,Prius,2012.0,Hatchback,Hybrid,1.8,71458.0,2.0,Automatic,FWD,Black
8311,Honda,Civic,2013.0,SUV,Hybrid,1.5,90020.0,4.0,Automatic,FWD,White
18817,Toyota,Prius,2013.0,Sedan,Hybrid,1.8,123885.0,4.0,Automatic,FWD,Silver
34074,Hyundai,Genesis,2014.0,Coupe,Petrol,2.0,40912.0,4.0,Automatic,FWD,White
21796,Toyota,Camry,2017.0,Sedan,Petrol,2.5,29826.0,4.0,Automatic,FWD,Black
53185,Honda,Civic,2018.0,Sedan,Petrol,2.0,24010.0,4.0,Automatic,FWD,Black
38251,Chevrolet,Impala,2016.0,Sedan,Petrol,2.5,80443.0,4.0,Automatic,FWD,Black
17876,Hyundai,Elantra,2016.0,Sedan,Petrol,2.0,33921.0,4.0,Manual,FWD,Black
18189,Ford,Fusion,2014.0,Sedan,Petrol,2.5,82643.0,4.0,Automatic,FWD,Green
627,Nissan,Sentra,2017.0,Sedan,Petrol,1.8,93670.0,4.0,Automatic,FWD,Gray
12544,Toyota,Prius,2008.0,Hatchback,Hybrid,1.5,109362.0,4.0,Automatic,FWD,Silver
44517,Hyundai,H1,2016.0,Wagon,Diesel,2.5,77490.0,4.0,Automatic,FWD,Gray
11447,Lexus,CT 200h,2014.0,Hatchback,Hybrid,1.8,82371.0,4.0,Automatic,FWD,Red
23000,Toyota,Prius,2014.0,Hatchback,Hybrid,1.8,42254.0,4.0,Automatic,FWD,White
13172,Hyundai,Elantra,2013.0,Sedan,Petrol,1.8,49710.0,4.0,Automatic,FWD,Gray
2038,Toyota,Prius,2015.0,Sedan,Hybrid,1.8,65117.0,4.0,Automatic,FWD,White
23436,Hyundai,H1,2014.0,Van,Diesel,2.5,107802.0,4.0,Automatic,FWD,Black
17249,Toyota,Prius,2011.0,Hatchback,Hybrid,1.8,88235.0,4.0,Automatic,FWD,Beige
17876,Toyota,Prius,2010.0,Hatchback,Hybrid,1.8,93206.0,4.0,Automatic,FWD,White
17249,Ford,Escape,2010.0,SUV,Hybrid,2.5,81400.0,4.0,Automatic,FWD,Gray
2587,Ford,Fusion,2015.0,Sedan,Hybrid,2.0,55175.0,4.0,Automatic,FWD,Black
5488,Toyota,C-HR,2019.0,SUV,Petrol,2.0,48731.0,4.0,Automatic,FWD,Red
9722,Toyota,Camry,2018.0,Sedan,Hybrid,2.5,79235.0,4.0,Automatic,FWD,Black
3293,Toyota,Prius,2010.0,Hatchback,Hybrid,1.8,99036.0,4.0,Automatic,FWD,White
23521,Toyota,RAV4,2015.0,SUV,Petrol,2.5,36217.0,4.0,Automatic,AWD,Blue
549,BMW,5 Series,2015.0,Sedan,Petrol,2.0,73886.0,4.0,Automatic,RWD,White
28225,BMW,X1,2013.0,SUV,Petrol,2.0,67109.0,12.0,Automatic,FWD,Black
16308,Toyota,Corolla,2012.0,Sedan,Petrol,1.8,77051.0,4.0,Automatic,FWD,Black
4234,Toyota,Prius,2015.0,Hatchback,Hybrid,1.8,76913.0,4.0,Automatic,FWD,Gray
13799,Hyundai,Sonata,2015.0,Sedan,Petrol,2.0,18802.0,4.0,Automatic,FWD,Silver
20071,Toyota,Camry,2012.0,Sedan,Petrol,2.5,58409.0,4.0,Automatic,FWD,White
9095,Subaru,Forester,2013.0,SUV,Petrol,2.5,107498.0,4.0,Automatic,AWD,Blue
44247,Hyundai,Santa Fe,2015.0,SUV,Diesel,2.0,95666.0,4.0,Automatic,FWD,White
29793,Kia,Sorento,2014.0,SUV,Diesel,2.0,26931.0,4.0,Automatic,FWD,White
16935,Toyota,Prius,2013.0,Hatchback,Hybrid,1.5,56794.0,4.0,Automatic,FWD,Silver
2038,Honda,Civic,2015.0,Sedan,Petrol,1.8,50047.0,4.0,Automatic,FWD,Gray
22423,Hyundai,H1,2012.0,Van,Diesel,2.5,46875.0,4.0,Automatic,FWD,Gray
32954,Hyundai,Tucson,2015.0,SUV,Diesel,2.0,64368.0,4.0,Automatic,FWD,Black
862,Ford,Escape,2010.0,SUV,Hybrid,2.5,108694.0,4.0,Automatic,FWD,Gray
18654,Hyundai,H1,2011.0,Van,Diesel,2.5,43263.0,4.0,Automatic,FWD,Black
16766,Chevrolet,Cruze,2012.0,Sedan,Diesel,2.0,56430.0,4.0,Automatic,FWD,White
14113,Volkswagen,Jetta,2012.0,Sedan,Petrol,2.5,74565.0,5.0,Automatic,FWD,White
1254,Audi,A4,2014.0,Sedan,Petrol,2.0,26344.0,4.0,Automatic,AWD,Gray
26030,Chevrolet,Volt,2017.0,Hatchback,Hybrid,1.5,32350.0,4.0,Automatic,FWD,Blue
27889,Hyundai,Santa Fe,2011.0,SUV,Diesel,2.0,94197.0,4.0,Automatic,FWD,Silver
12544,Toyota,Prius,2007.0,Sedan,Hybrid,1.5,93206.0,4.0,Automatic,FWD,Gray
42218,Hyundai,H1,2016.0,Van,Diesel,2.5,59860.0,4.0,Automatic,FWD,Gray
25264,Hyundai,H1,2014.0,Van,Diesel,2.5,123601.0,4.0,Automatic,FWD,Gold
20071,Toyota,Prius C,2014.0,Sedan,Hybrid,1.5,31690.0,4.0,Automatic,FWD,White
15900,Toyota,Prius,2011.0,Sedan,Hybrid,1.8,99420.0,4.0,Automatic,FWD,White
1725,Lexus,CT 200h,2015.0,Hatchback,Hybrid,1.8,58999.0,4.0,Automatic,FWD,White
41048,Hyundai,Genesis,2013.0,Coupe,Petrol,2.0,59407.0,4.0,Automatic,FWD,Black
862,Toyota,Camry,2014.0,Sedan,Hybrid,2.5,81076.0,4.0,Automatic,FWD,White
16308,Audi,other,2016.0,Sedan,Petrol,2.0,1067.0,4.0,Automatic,AWD,Black
45436,Hyundai,H1,2018.0,Wagon,Diesel,2.5,28295.0,4.0,Automatic,FWD,Silver
13485,Hyundai,Elantra,2011.0,Sedan,Petrol,1.8,92306.0,4.0,Automatic,FWD,Black
44247,Hyundai,Santa Fe,2015.0,SUV,Diesel,2.0,91679.0,4.0,Automatic,FWD,Blue
6272,Toyota,Prius,2012.0,Sedan,Hybrid,1.8,102333.0,4.0,Automatic,FWD,White
39499,Ford,Taurus,2013.0,Sedan,Petrol,2.0,44992.0,4.0,Automatic,FWD,White
16935,Toyota,Camry,2012.0,Sedan,Hybrid,2.5,69905.0,4.0,Automatic,FWD,Blue
2822,Ford,Fusion,2015.0,Sedan,Hybrid,2.0,62602.0,4.0,Automatic,FWD,Green
1411,Toyota,Corolla,2011.0,Sedan,Petrol,1.8,118551.0,4.0,Automatic,FWD,Red
862,Toyota,Camry,2014.0,Sedan,Hybrid,2.5,81076.0,4.0,Automatic,FWD,White
13172,Nissan,Serena,2012.0,Van,Hybrid,2.0,75186.0,4.0,Automatic,FWD,Silver
9722,BMW,3 Series,2016.0,Sedan,Petrol,2.0,43618.0,4.0,Automatic,RWD,White
10349,Hyundai,Elantra,2015.0,Sedan,Petrol,1.8,68351.0,4.0,Automatic,FWD,Silver
27093,Hyundai,H1,2014.0,Van,Diesel,2.5,117543.0,4.0,Automatic,FWD,Gray
32274,Hyundai,Elantra,2016.0,Sedan,Petrol,1.8,53681.0,4.0,Automatic,FWD,Silver
8947,Kia,Optima,2013.0,Sedan,Petrol,2.0,29349.0,4.0,Automatic,FWD,Silver
2509,Toyota,Corolla,2015.0,Sedan,Petrol,1.8,79337.0,4.0,Automatic,FWD,Gray
28225,Toyota,Camry,2018.0,Sedan,Petrol,2.5,88235.0,4.0,Automatic,FWD,White
35579,Hyundai,Santa Fe,2014.0,SUV,Diesel,2.0,108819.0,4.0,Automatic,FWD,Gray
15125,Chevrolet,Orlando,2012.0,SUV,Diesel,2.0,97453.0,4.0,Automatic,FWD,Gold
9095,Honda,CR-V,2002.0,SUV,Petrol,2.0,109983.0,4.0,Manual,AWD,Silver
11917,Kia,Optima,2013.0,Sedan,Petrol,2.0,33068.0,4.0,Automatic,FWD,Silver
16935,Hyundai,Elantra,2012.0,Sedan,Petrol,1.8,99519.0,4.0,Automatic,FWD,Black
22580,Subaru,Forester,2013.0,SUV,Petrol,2.5,52196.0,4.0,Automatic,AWD,White
16900,Toyota,Aqua,2012.0,Hatchback,Petrol,1.5,29053.0,4.0,Automatic,FWD,Black
37633,Toyota,Avalon,2017.0,Sedan,Hybrid,2.5,56545.0,4.0,Automatic,RWD,Black
10349,Toyota,Aqua,2012.0,Hatchback,Hybrid,1.5,83264.0,4.0,Automatic,FWD,Silver
15957,Hyundai,Tucson,2010.0,SUV,Diesel,2.0,87069.0,4.0,Automatic,FWD,Black
4391,Hyundai,Elantra,2015.0,SUV,Petrol,1.8,77912.0,4.0,Automatic,FWD,White
13642,Toyota,Prius,2010.0,Hatchback,Hybrid,1.5,85128.0,4.0,Automatic,FWD,White
3763,Toyota,Camry,2013.0,Sedan,Hybrid,2.5,77617.0,4.0,Automatic,FWD,White
31047,Toyota,Prius C,2018.0,Hatchback,Hybrid,1.5,6214.0,4.0,Automatic,FWD,Gray
37580,Hyundai,Tucson,2016.0,SUV,Diesel,2.0,55924.0,4.0,Automatic,FWD,White
9408,Volkswagen,Jetta,2012.0,Sedan,Diesel,2.0,74328.0,4.0,Automatic,FWD,Black
62161,Honda,Civic,2017.0,Sedan,Petrol,1.5,2085.0,4.0,Automatic,FWD,Blue
627,Hyundai,Elantra,2016.0,Hatchback,Petrol,2.0,29251.0,4.0,Automatic,FWD,Silver
29580,Hyundai,Santa Fe,2012.0,SUV,Diesel,2.0,92156.0,4.0,Automatic,FWD,Silver
25089,Hyundai,Elantra,2016.0,Sedan,Petrol,2.0,54681.0,4.0,Automatic,FWD,Black
11917,Toyota,Prius,2007.0,Sedan,Petrol,1.5,111847.0,4.0,Automatic,FWD,Red
56121,Hyundai,Santa Fe,2016.0,SUV,Diesel,2.0,69516.0,4.0,Automatic,FWD,Blue
41193,Honda,Civic,2015.0,Sedan,Petrol,1.8,36773.0,4.0,Automatic,FWD,White
12858,Honda,Fit,2008.0,Hatchback,Petrol,1.5,90099.0,4.0,Automatic,FWD,Blue
706,Toyota,RAV4,2017.0,SUV,Petrol,2.5,18227.0,4.0,Automatic,FWD,Gray
59834,Honda,Civic,2017.0,Coupe,Petrol,1.5,7486.0,4.0,Automatic,FWD,Blue
23521,Toyota,Camry,2013.0,Sedan,Petrol,2.5,78915.0,6.0,Automatic,FWD,Black
38731,Hyundai,H1,2017.0,Van,Diesel,2.5,18683.0,4.0,Automatic,FWD,Gray
4234,Audi,A4,2013.0,Sedan,Petrol,2.0,97919.0,4.0,Automatic,AWD,Black
1646,Ford,Fusion,2016.0,Sedan,Hybrid,2.0,74636.0,4.0,Automatic,FWD,Black
11133,Toyota,Camry,2014.0,Sedan,Hybrid,2.5,111463.0,4.0,Automatic,FWD,Black
13799,Hyundai,Elantra,2015.0,Sedan,Petrol,1.8,56545.0,4.0,Automatic,FWD,Silver
15624,Hyundai,Genesis,2009.0,Coupe,Petrol,2.0,98576.0,4.0,Automatic,FWD,Gray
1411,Nissan,Altima,2014.0,Sedan,Petrol,2.5,66140.0,4.0,Automatic,FWD,Black
627,Lexus,CT 200h,2012.0,Hatchback,Hybrid,1.8,88480.0,4.0,Automatic,FWD,White
38562,Hyundai,Santa Fe,2016.0,SUV,Diesel,2.0,121787.0,4.0,Automatic,FWD,White
67480,Honda,Civic,2017.0,Coupe,Petrol,1.5,10510.0,4.0,Automatic,FWD,Gray
7056,Hyundai,Sonata,2011.0,Sedan,Petrol,2.0,38033.0,4.0,Automatic,FWD,White
1568,Hyundai,Elantra,2016.0,Sedan,Petrol,1.8,75708.0,4.0,Automatic,FWD,Blue
9722,Toyota,Camry,2018.0,Sedan,Hybrid,2.5,79235.0,4.0,Automatic,FWD,Black
22266,Hyundai,H1,2011.0,Van,Diesel,2.5,75065.0,4.0,Automatic,FWD,Black
10976,Toyota,Prius,2013.0,Hatchback,Hybrid,1.8,89478.0,4.0,Automatic,FWD,Silver
25744,Chevrolet,Malibu,2015.0,Sedan,Diesel,2.0,69199.0,4.0,Automatic,FWD,Gray
30420,Toyota,Camry,2014.0,Sedan,Hybrid,2.5,64422.0,6.0,Automatic,FWD,Blue
12544,Hyundai,Elantra,2014.0,Sedan,Petrol,1.8,74565.0,4.0,Automatic,FWD,Silver
10964,Hyundai,Santa Fe,2010.0,SUV,Diesel,2.0,32066.0,4.0,Automatic,FWD,White
1646,Audi,A4,2011.0,Sedan,Petrol,2.0,77646.0,4.0,Automatic,AWD,White
21639,Hyundai,Elantra,2013.0,Hatchback,Petrol,1.8,82817.0,4.0,Automatic,FWD,Black
4391,Nissan,Sentra,2018.0,Sedan,Petrol,1.8,10299.0,4.0,Automatic,FWD,White
41259,Honda,Fit,2017.0,Wagon,Hybrid,1.5,13732.0,4.0,Automatic,FWD,Blue
5018,Hyundai,Sonata,2016.0,Sedan,Hybrid,2.0,44253.0,4.0,Automatic,FWD,Black
34497,Toyota,RAV4,2013.0,SUV,Petrol,2.5,78915.0,6.0,Automatic,AWD,Black
3450,Volkswagen,Jetta,2000.0,Sedan,Petrol,2.0,93206.0,4.0,Manual,FWD,Black
9722,Toyota,Prius,2009.0,Hatchback,Hybrid,1.5,114954.0,4.0,Automatic,FWD,White
8781,Chevrolet,Captiva,2008.0,SUV,Diesel,2.0,35573.0,4.0,Automatic,FWD,White
13485,Ford,Focus,2012.0,Hatchback,Petrol,2.0,75186.0,4.0,Automatic,FWD,White
65015,Hyundai,Tucson,2019.0,SUV,Petrol,2.0,4207.0,4.0,Automatic,FWD,Gray
5331,Lexus,CT 200h,2013.0,Hatchback,Hybrid,1.8,108146.0,4.0,Automatic,FWD,White
14799,Toyota,Aqua,2012.0,Hatchback,Petrol,1.5,43229.0,4.0,Automatic,FWD,Blue
1098,Audi,A6,2014.0,Sedan,Petrol,2.0,62870.0,4.0,Automatic,AWD,Black
21953,Toyota,Camry,2012.0,Sedan,Petrol,2.5,69447.0,4.0,Automatic,FWD,White
18500,Toyota,Camry,2016.0,Sedan,Petrol,2.5,88235.0,4.0,Automatic,FWD,Black
36827,Hyundai,H1,2017.0,Wagon,Diesel,2.5,85128.0,4.0,Automatic,FWD,White
12544,Toyota,Prius C,2013.0,Hatchback,Hybrid,1.5,88235.0,4.0,Automatic,FWD,Blue
27598,Toyota,Camry,2012.0,Sedan,Petrol,2.5,39768.0,4.0,Automatic,FWD,Gray
18245,Mitsubishi,Outlander,2012.0,SUV,Petrol,2.0,60273.0,4.0,Automatic,AWD,Blue
18817,Toyota,Prius,2013.0,Sedan,Hybrid,1.8,64623.0,4.0,Automatic,FWD,Black
16621,Toyota,Prius C,2012.0,Hatchback,Hybrid,1.5,106876.0,4.0,Automatic,FWD,Orange
52373,Toyota,RAV4,2017.0,SUV,Hybrid,2.5,1243.0,4.0,Automatic,AWD,Gray
14740,Dodge,Caliber,2011.0,Hatchback,Petrol,2.0,68351.0,4.0,Automatic,AWD,Black
16308,Toyota,Aqua,2014.0,Hatchback,Hybrid,1.5,76712.0,4.0,Automatic,FWD,White
7056,Chevrolet,Captiva,2008.0,SUV,Diesel,2.0,42470.0,4.0,Automatic,FWD,Silver
19130,Kia,Optima,2015.0,Sedan,Petrol,2.0,34221.0,4.0,Automatic,FWD,White
19547,Hyundai,Tucson,2013.0,SUV,Diesel,2.0,124180.0,4.0,Automatic,FWD,Black
17092,Honda,Fit,2014.0,Hatchback,Hybrid,1.5,73944.0,4.0,Automatic,FWD,Silver
9408,Mercedes-Benz,C-Class,1997.0,Wagon,Petrol,1.8,121845.0,4.0,Automatic,RWD,Black
21395,Hyundai,H1,2012.0,Wagon,Diesel,2.5,103238.0,4.0,Automatic,FWD,Silver
20071,Toyota,Prius,2013.0,Sedan,Hybrid,1.5,47846.0,4.0,Automatic,FWD,Black
13485,Volkswagen,Jetta,2013.0,Sedan,Petrol,2.5,68351.0,4.0,Automatic,FWD,Gold
18189,Nissan,Rogue,2014.0,SUV,Petrol,2.5,84507.0,4.0,Automatic,FWD,Gray
17876,Hyundai,Elantra,2011.0,Sedan,Petrol,1.8,38526.0,4.0,Automatic,FWD,Gray
40688,Hyundai,H1,2016.0,Wagon,Diesel,2.5,60671.0,4.0,Automatic,FWD,Silver
26971,Ford,Fusion,2015.0,Sedan,Hybrid,2.0,50332.0,4.0,Automatic,FWD,Gray
9722,Toyota,Aqua,2013.0,Hatchback,Hybrid,1.5,90721.0,4.0,Automatic,FWD,Blue
12880,Hyundai,Sonata,2010.0,Sedan,Petrol,2.0,107608.0,4.0,Automatic,FWD,White
28225,Toyota,RAV4,2014.0,SUV,Petrol,2.5,112018.0,4.0,Automatic,AWD,White
14426,Dodge,Caliber,2011.0,Hatchback,Petrol,2.0,107498.0,4.0,Automatic,FWD,Gray
29636,Hyundai,H1,2017.0,Van,Diesel,2.5,20244.0,4.0,Automatic,FWD,Silver
25089,Toyota,Aqua,2015.0,Hatchback,Petrol,1.5,42254.0,4.0,Automatic,FWD,Black
22894,Toyota,Camry,2013.0,Sedan,Petrol,2.5,99420.0,4.0,Automatic,FWD,Gray
7524,Mitsubishi,Pajero iO,2001.0,SUV,Petrol,2.0,81358.0,4.0,Manual,AWD,Silver
30107,Lexus,CT 200h,2014.0,Hatchback,Hybrid,1.8,70837.0,4.0,Automatic,FWD,Brown
17923,Chevrolet,Malibu,2011.0,Sedan,Petrol,2.0,93076.0,4.0,Automatic,FWD,Black
45160,Chevrolet,Volt,2016.0,Hatchback,Hybrid,1.5,49710.0,4.0,Automatic,FWD,Black
28532,Honda,Fit,2014.0,Hatchback,Petrol,1.5,47970.0,4.0,Automatic,FWD,Black
16894,Chevrolet,Orlando,2012.0,SUV,Diesel,2.0,96517.0,4.0,Automatic,FWD,Silver
7119,Kia,Sportage,2007.0,SUV,Diesel,2.0,46396.0,4.0,Automatic,FWD,Silver
4861,Toyota,Corolla,2015.0,Sedan,Petrol,1.8,94840.0,4.0,Automatic,FWD,White
862,Ford,Escape,2010.0,SUV,Hybrid,2.5,108694.0,4.0,Automatic,FWD,Gray
9408,Toyota,Aqua,2012.0,Hatchback,Petrol,1.5,68973.0,4.0,Automatic,FWD,Black
16599,Hyundai,Sonata,2011.0,Sedan,Petrol,2.0,111445.0,4.0,Automatic,FWD,Black
25889,Hyundai,Elantra,2014.0,Coupe,Petrol,2.0,31366.0,4.0,Automatic,FWD,White
17663,Toyota,Aqua,2012.0,Hatchback,Hybrid,1.5,36292.0,4.0,Automatic,FWD,Silver
23828,Chevrolet,Orlando,2012.0,SUV,Diesel,2.0,68833.0,4.0,Automatic,FWD,White
16151,Hyundai,Elantra,2012.0,Coupe,Petrol,1.8,59031.0,4.0,Automatic,FWD,Black
12544,Toyota,RAV4,2001.0,SUV,Petrol,2.0,105012.0,4.0,Automatic,AWD,Black
14113,Kia,Optima,2014.0,Sedan,Petrol,2.0,44182.0,4.0,Automatic,FWD,White
17249,Toyota,Prius,2015.0,Hatchback,Hybrid,1.8,103397.0,4.0,Automatic,FWD,Blue
25456,Chevrolet,Captiva,2014.0,SUV,Diesel,2.0,99474.0,4.0,Automatic,FWD,Gray
21953,Subaru,other,2018.0,Wagon,Petrol,2.0,18890.0,4.0,Automatic,AWD,Orange
87927,Hyundai,Santa Fe,2020.0,SUV,Petrol,2.0,3667.0,4.0,Automatic,FWD,Gray
49174,Chevrolet,Captiva,2016.0,SUV,Diesel,2.0,30307.0,4.0,Automatic,FWD,Black
32929,Toyota,Camry,2015.0,Sedan,Hybrid,2.5,24855.0,4.0,Automatic,FWD,Silver
23436,Hyundai,H1,2014.0,Van,Diesel,2.5,107802.0,4.0,Automatic,FWD,Black
17562,Nissan,Rogue,2011.0,SUV,Petrol,2.5,96313.0,4.0,Automatic,FWD,Red
18503,Hyundai,Elantra,2014.0,Sedan,Petrol,1.8,29826.0,4.0,Automatic,FWD,Silver
6586,Nissan,Note,2006.0,Hatchback,Petrol,1.5,622.0,4.0,Automatic,FWD,Silver
16894,Hyundai,Sonata,2010.0,Sedan,Petrol,2.0,107034.0,4.0,Automatic,FWD,Gray
5000,Ford,Transit,1990.0,Van,Diesel,2.5,6214.0,4.0,Manual,RWD,White
17876,Toyota,Camry,2012.0,Sedan,Hybrid,2.5,55924.0,4.0,Automatic,FWD,Black
11133,Toyota,Camry,2014.0,Sedan,Hybrid,2.5,111463.0,4.0,Automatic,FWD,Black
43952,Hyundai,H1,2017.0,Wagon,Diesel,2.5,69372.0,4.0,Automatic,FWD,Gray
5645,Nissan,Serena,2004.0,Van,Petrol,2.0,99420.0,4.0,Automatic,FWD,White
37580,Hyundai,H1,2016.0,Wagon,Diesel,2.5,90615.0,4.0,Automatic,FWD,White
11604,Toyota,Prius,2008.0,Sedan,Hybrid,1.5,92585.0,4.0,Automatic,FWD,White
13764,Toyota,Aqua,2012.0,Hatchback,Petrol,1.5,72361.0,4.0,Automatic,FWD,Gold
22580,Mazda,Mazda6,2014.0,Sedan,Petrol,2.5,120298.0,4.0,Automatic,FWD,Red
11412,Chevrolet,Cruze,2011.0,Sedan,Petrol,1.8,66656.0,4.0,Automatic,FWD,Gray
27435,Hyundai,Tucson,2013.0,SUV,Diesel,2.0,103867.0,4.0,Automatic,FWD,Gray
25402,Toyota,Camry,2014.0,Sedan,Petrol,2.5,57664.0,6.0,Automatic,FWD,White
18503,Nissan,Rogue,2014.0,SUV,Petrol,2.5,84321.0,4.0,Automatic,FWD,Gray
19030,Toyota,Aqua,2014.0,Wagon,Hybrid,1.5,41143.0,4.0,Automatic,FWD,Black
26858,Honda,Fit,2013.0,Hatchback,Petrol,1.5,34765.0,4.0,Automatic,FWD,Orange
15994,Ford,Fusion,2010.0,Sedan,Hybrid,2.5,114954.0,4.0,Automatic,FWD,Gray
24462,Toyota,Camry,2012.0,Sedan,Petrol,2.0,107373.0,4.0,Automatic,RWD,White
12544,Toyota,Prius,2010.0,Sedan,Petrol,1.8,86992.0,4.0,Automatic,FWD,Blue
34074,Hyundai,H1,2014.0,Van,Diesel,2.5,78896.0,4.0,Automatic,FWD,Silver
14831,Toyota,Aqua,2017.0,Hatchback,Hybrid,1.5,112763.0,4.0,Automatic,FWD,White
1646,Volkswagen,Jetta,2013.0,Sedan,Diesel,2.0,118029.0,4.0,Automatic,FWD,Silver
11290,Honda,Fit,2014.0,Hatchback,Hybrid,1.5,113090.0,4.0,Automatic,FWD,Silver
29950,Hyundai,Santa Fe,2016.0,SUV,Diesel,2.0,31118.0,4.0,Automatic,FWD,White
43545,Honda,Civic,2015.0,Sedan,Petrol,1.8,23031.0,4.0,Automatic,FWD,White
9879,Toyota,Aqua,2014.0,Sedan,Hybrid,1.5,67109.0,4.0,Automatic,FWD,Silver
9408,Toyota,RAV4,1997.0,SUV,Petrol,2.0,86992.0,4.0,Manual,AWD,Green
38731,Hyundai,H1,2017.0,Van,Diesel,2.5,18683.0,4.0,Automatic,FWD,Gray
39226,Hyundai,Santa Fe,2015.0,SUV,Diesel,2.0,91844.0,4.0,Automatic,FWD,Gray
52034,Hyundai,Santa Fe,2017.0,SUV,Diesel,2.0,51210.0,4.0,Automatic,FWD,Gray
5645,Mercedes-Benz,C-Class,1995.0,Sedan,Petrol,1.8,29066.0,4.0,Manual,RWD,Gray
784,Toyota,Camry,2014.0,Sedan,Hybrid,2.5,63627.0,4.0,Automatic,FWD,Black
2901,Honda,Civic,2012.0,SUV,Hybrid,1.5,90971.0,4.0,Automatic,FWD,White
39797,Ford,Taurus,2013.0,Sedan,Petrol,2.0,36600.0,4.0,Automatic,FWD,White
52853,Hyundai,Santa Fe,2016.0,SUV,Diesel,2.0,55585.0,4.0,Automatic,FWD,Black
5331,Chevrolet,Captiva,2007.0,SUV,Diesel,2.0,30155.0,4.0,Automatic,FWD,Silver
36228,Hyundai,Santa Fe,2013.0,SUV,Diesel,2.0,108209.0,4.0,Automatic,FWD,Black
52959,Hyundai,Sonata,2017.0,Sedan,Petrol,2.0,8663.0,4.0,Automatic,FWD,White
11500,Nissan,X-Trail,2005.0,SUV,Petrol,2.0,88235.0,4.0,Automatic,AWD,Silver
6272,Ford,Fusion,2013.0,Sedan,Hybrid,2.0,110605.0,4.0,Automatic,FWD,Gray
14700,Toyota,Prius,2011.0,Sedan,Petrol,1.8,93206.0,4.0,Automatic,RWD,Black
10820,Toyota,Aqua,2014.0,Sedan,Hybrid,1.5,63380.0,4.0,Automatic,FWD,Silver
13485,Toyota,Camry,2010.0,Sedan,Hybrid,2.5,76429.0,4.0,Manual,RWD,White
6586,Kia,Sportage,2007.0,SUV,Diesel,2.0,49014.0,4.0,Automatic,FWD,Blue
22715,Toyota,Aqua,2012.0,Hatchback,Petrol,1.5,27962.0,4.0,Automatic,FWD,Orange
20385,Lexus,IS 250,2008.0,Sedan,Petrol,2.5,100849.0,6.0,Automatic,RWD,Gray
19416,Hyundai,Sonata,2011.0,Sedan,Petrol,2.0,108878.0,4.0,Automatic,FWD,White
55343,Hyundai,Sonata,2018.0,Sedan,Petrol,2.0,26448.0,4.0,Automatic,FWD,White
2000,Audi,A4,1995.0,Sedan,Petrol,1.8,62138.0,4.0,Manual,FWD,Black
941,Volkswagen,Jetta,2011.0,Sedan,Diesel,2.5,108982.0,5.0,Automatic,FWD,Gray
13485,Nissan,X-Trail,2005.0,SUV,Petrol,2.0,111226.0,4.0,Automatic,AWD,Black
11133,Toyota,Camry,2014.0,Sedan,Hybrid,2.5,111463.0,4.0,Automatic,FWD,Black
3293,Audi,A4,2013.0,Sedan,Petrol,2.0,94119.0,4.0,Automatic,AWD,White
19287,Ford,Fusion,2013.0,Sedan,Hybrid,2.0,60273.0,4.0,Automatic,FWD,Brown
6125,Chevrolet,Captiva,2007.0,SUV,Diesel,2.0,46698.0,4.0,Automatic,FWD,Black
10976,Toyota,Prius,2007.0,Hatchback,Petrol,1.5,55924.0,4.0,Automatic,FWD,Gold
27911,Toyota,RAV4,2018.0,Sedan,Petrol,2.5,17886.0,4.0,Automatic,FWD,Black
4500,Subaru,Legacy,2004.0,Sedan,Petrol,2.0,6905.0,4.0,Automatic,AWD,Black
7527,Nissan,Note,2007.0,Sedan,Petrol,1.5,99420.0,4.0,Automatic,FWD,Silver
12231,Hyundai,Tucson,2010.0,SUV,Diesel,2.0,42798.0,4.0,Automatic,FWD,White
14113,Ford,Fusion,2014.0,Sedan,Petrol,2.5,83264.0,4.0,Automatic,FWD,White
13172,Toyota,Prius,2013.0,Hatchback,Hybrid,1.8,111847.0,4.0,Automatic,FWD,Red
12544,Ford,Focus,2012.0,Sedan,Petrol,2.0,86377.0,4.0,Automatic,FWD,Gray
11604,Toyota,Aqua,2013.0,Hatchback,Hybrid,1.5,73322.0,4.0,Automatic,FWD,White
862,Nissan,Altima,2012.0,Sedan,Petrol,2.5,60663.0,4.0,Automatic,FWD,Black
22357,Chevrolet,Orlando,2012.0,SUV,Diesel,2.0,82558.0,4.0,Automatic,FWD,Gray
15000,Volkswagen,Jetta,2012.0,Sedan,Petrol,2.0,80779.0,4.0,Automatic,FWD,White
784,Toyota,Camry,2014.0,Sedan,Hybrid,2.5,63627.0,4.0,Automatic,FWD,Black
50018,Hyundai,Santa Fe,2013.0,SUV,Diesel,2.0,79658.0,4.0,Automatic,FWD,Gray
784,Ford,Escape,2012.0,SUV,Hybrid,2.5,59248.0,4.0,Automatic,FWD,Blue
15323,Hyundai,Genesis,2010.0,Coupe,Petrol,2.0,82026.0,4.0,Automatic,FWD,Gray
23521,Toyota,Prius,2012.0,Hatchback,Hybrid,1.8,66487.0,4.0,Automatic,FWD,Blue
18817,Toyota,Prius C,2014.0,Hatchback,Hybrid,1.5,39147.0,4.0,Automatic,FWD,Orange
68053,Toyota,Camry,2018.0,Sedan,Petrol,2.5,24855.0,4.0,Automatic,FWD,Black
24571,Chevrolet,Captiva,2013.0,SUV,Diesel,2.0,95070.0,4.0,Automatic,FWD,Gray
12544,Ford,Fusion,2011.0,Sedan,Hybrid,2.5,51328.0,4.0,Automatic,FWD,Blue
11300,Toyota,Prius,2007.0,Sedan,Hybrid,1.5,93206.0,4.0,Automatic,FWD,Red
36065,Hyundai,Tucson,2017.0,SUV,Petrol,2.0,22867.0,4.0,Automatic,FWD,Gray
7527,Kia,Sorento,2008.0,SUV,Diesel,2.5,46210.0,4.0,Automatic,FWD,Silver
22260,Chevrolet,Malibu,2014.0,Sedan,Petrol,2.0,74565.0,4.0,Automatic,FWD,White
9252,Honda,Fit,2007.0,Hatchback,Petrol,1.5,91031.0,4.0,Manual,FWD,Black
10000,Toyota,Aqua,2014.0,Hatchback,Hybrid,1.5,60895.0,4.0,Automatic,FWD,Brown
17876,Volkswagen,Passat,2013.0,Sedan,Petrol,2.5,66048.0,6.0,Automatic,FWD,Beige
26030,Chevrolet,Volt,2017.0,Hatchback,Hybrid,1.5,32350.0,4.0,Automatic,FWD,Blue
7840,Nissan,Tiida,2005.0,Hatchback,Petrol,1.5,123653.0,4.0,Automatic,FWD,Gray
1176,Hyundai,Elantra,2019.0,Sedan,Petrol,2.0,9951.0,4.0,Automatic,FWD,Gray
42218,Hyundai,Tucson,2017.0,SUV,Diesel,2.0,55760.0,4.0,Automatic,FWD,Silver
18973,Hyundai,Elantra,2010.0,Sedan,Petrol,2.0,76832.0,4.0,Automatic,FWD,Gold
2352,Toyota,Camry,2016.0,Sedan,Petrol,2.5,49039.0,4.0,Automatic,FWD,Black
8781,Hyundai,Elantra,2014.0,Sedan,Petrol,1.8,37283.0,4.0,Automatic,FWD,Gray
3607,Toyota,Camry,2012.0,Sedan,Hybrid,2.5,97256.0,4.0,Automatic,FWD,White
12858,Subaru,Forester,2015.0,SUV,Petrol,2.5,57894.0,4.0,Automatic,AWD,Red
25716,Hyundai,Sonata,2016.0,Sedan,Petrol,2.0,35724.0,4.0,Automatic,FWD,Red
33741,Hyundai,H1,2014.0,Van,Diesel,2.5,65990.0,4.0,Automatic,FWD,Gray
6429,Chevrolet,Captiva,2007.0,SUV,Diesel,2.0,47348.0,4.0,Automatic,FWD,Silver
50196,Hyundai,Santa Fe,2016.0,SUV,Diesel,2.0,73085.0,4.0,Automatic,FWD,White
19924,Hyundai,Tucson,2013.0,SUV,Diesel,2.0,25603.0,4.0,Automatic,FWD,White
6586,Kia,Sportage,2007.0,SUV,Diesel,2.0,39450.0,4.0,Automatic,FWD,Silver
29166,Honda,Civic,2016.0,Sedan,Petrol,2.0,27851.0,4.0,Manual,FWD,White
38217,Chevrolet,Captiva,2014.0,SUV,Diesel,2.0,30106.0,4.0,Automatic,FWD,White
14426,Hyundai,Elantra,2013.0,Sedan,Petrol,1.8,49710.0,4.0,Automatic,FWD,Brown
19943,Hyundai,Tucson,2012.0,SUV,Diesel,2.0,63477.0,4.0,Automatic,FWD,White
9361,Volkswagen,Passat,2013.0,Sedan,Petrol,2.5,81400.0,5.0,Automatic,FWD,Black
23994,Hyundai,Tucson,2013.0,SUV,Diesel,2.0,102529.0,4.0,Automatic,FWD,Red
36711,Hyundai,Genesis,2012.0,Coupe,Petrol,2.0,47990.0,4.0,Automatic,FWD,Gray
36997,Toyota,Aqua,2019.0,Hatchback,Petrol,1.5,1615.0,4.0,Automatic,FWD,White
14247,Hyundai,Sonata,2010.0,Sedan,Petrol,2.0,39554.0,4.0,Automatic,FWD,Black
34497,Toyota,RAV4,2014.0,SUV,Petrol,2.5,86495.0,4.0,Automatic,AWD,Gray
6899,Subaru,Forester,2015.0,SUV,Petrol,2.5,56167.0,4.0,Automatic,AWD,White
22106,Hyundai,Genesis,2011.0,Coupe,Petrol,2.0,83264.0,4.0,Automatic,FWD,Black
18817,BMW,3 Series,2014.0,Sedan,Petrol,2.0,75188.0,4.0,Automatic,RWD,Red
13150,Chevrolet,Malibu,2015.0,Sedan,Petrol,2.0,34877.0,4.0,Automatic,FWD,White
22000,Toyota,Camry,2016.0,Sedan,Petrol,2.5,88235.0,4.0,Automatic,FWD,Black
7500,Volkswagen,Jetta,2010.0,Sedan,Petrol,2.5,64623.0,4.0,Automatic,FWD,Silver
14740,Toyota,Prius,2011.0,Sedan,Hybrid,1.8,69594.0,4.0,Automatic,FWD,White
9800,Ford,Transit Connect,2011.0,Van,Petrol,2.0,100041.0,4.0,Automatic,FWD,White
3763,Ford,Transit,1994.0,Van,Diesel,2.5,6905.0,4.0,Manual,RWD,Red
16935,Toyota,Prius,2014.0,Hatchback,Hybrid,1.8,56768.0,4.0,Automatic,FWD,Gray
22693,Hyundai,Santa Fe,2010.0,SUV,Diesel,2.0,95690.0,4.0,Automatic,FWD,Silver
19444,Toyota,Prius C,2012.0,Hatchback,Hybrid,1.5,109362.0,4.0,Automatic,FWD,White
47957,Hyundai,H1,2015.0,Wagon,Diesel,2.5,25224.0,4.0,Automatic,FWD,Black
20432,Honda,Fit,2013.0,Hatchback,Petrol,1.5,49399.0,4.0,Automatic,FWD,Black
18189,Toyota,Camry,2014.0,Sedan,Petrol,2.5,91342.0,4.0,Automatic,FWD,Black
10945,Hyundai,H1,2010.0,Van,Diesel,2.5,69730.0,4.0,Automatic,FWD,Silver
16599,Hyundai,Sonata,2010.0,Sedan,Petrol,2.0,114640.0,4.0,Automatic,FWD,Silver
27259,Hyundai,Tucson,2012.0,SUV,Diesel,2.0,73237.0,4.0,Automatic,FWD,White
2352,Honda,Fit,2012.0,Sedan,Petrol,1.5,103868.0,4.0,Automatic,FWD,Gray
8467,Toyota,Vitz,2008.0,Hatchback,Petrol,1.5,105634.0,4.0,Automatic,AWD,White
13799,Ford,Fusion,2014.0,Sedan,Petrol,2.5,85361.0,4.0,Automatic,FWD,Silver
27441,Kia,Optima,2017.0,Sedan,Petrol,2.0,18696.0,4.0,Automatic,FWD,Black
1803,Toyota,Prius,2013.0,Hatchback,Hybrid,1.8,114661.0,4.0,Automatic,FWD,White
49848,Honda,Civic,2019.0,Sedan,Petrol,2.0,12863.0,4.0,Automatic,FWD,Gray
6586,Toyota,Prius,2009.0,Hatchback,Hybrid,1.5,107630.0,4.0,Automatic,FWD,White
9565,Lexus,CT 200h,2016.0,Hatchback,Hybrid,1.8,44680.0,4.0,Automatic,FWD,White
21796,Toyota,Camry,2017.0,Sedan,Petrol,2.5,28643.0,4.0,Automatic,FWD,Black
45633,Hyundai,H1,2016.0,Wagon,Diesel,2.5,57788.0,4.0,Automatic,FWD,White
40769,Mercedes-Benz,C-Class,2008.0,Sedan,Petrol,1.8,1678.0,4.0,Manual,RWD,Black
14113,Toyota,Prius,2012.0,Sedan,Hybrid,1.8,82302.0,4.0,Automatic,FWD,Red
16465,Hyundai,Elantra,2017.0,Sedan,Petrol,2.0,43019.0,4.0,Automatic,FWD,Gray
42651,Mercedes-Benz,GLA,2017.0,SUV,Petrol,2.0,27959.0,4.0,Automatic,AWD,Black
5018,Audi,A4,2014.0,Sedan,Petrol,2.0,50840.0,4.0,Automatic,AWD,Blue
31581,Hyundai,Tucson,2013.0,SUV,Diesel,2.0,62785.0,4.0,Automatic,FWD,White
13172,Toyota,RAV4,2002.0,SUV,Petrol,2.0,74565.0,4.0,Automatic,AWD,Gray
11917,Ford,Fusion,2010.0,Sedan,Hybrid,2.5,109362.0,4.0,Automatic,FWD,Gray
7840,Honda,CR-V,1999.0,SUV,Petrol,2.0,27341.0,4.0,Manual,AWD,Green
7213,Subaru,Forester,2002.0,Hatchback,Petrol,2.0,74565.0,4.0,Automatic,AWD,Silver
6899,Nissan,Skyline,2001.0,Sedan,Petrol,2.5,89478.0,6.0,Automatic,RWD,Blue
20071,Mitsubishi,Outlander,2012.0,SUV,Petrol,2.0,109581.0,4.0,Automatic,FWD,White
2500,Subaru,Forester,2001.0,Wagon,Petrol,2.0,111847.0,4.0,Manual,AWD,Silver
2352,Toyota,Corolla,2018.0,Sedan,Petrol,1.8,19372.0,4.0,Automatic,FWD,Black
13291,Toyota,Prius,2012.0,Sedan,Hybrid,1.8,123281.0,4.0,Automatic,FWD,Gray
549,Hyundai,Elantra,2016.0,Sedan,Petrol,1.8,29467.0,4.0,Automatic,FWD,Black
17249,Honda,Fit,2014.0,Sedan,Hybrid,1.5,78915.0,4.0,Automatic,FWD,Silver
18189,Toyota,Prius,2013.0,Hatchback,Hybrid,1.5,26098.0,4.0,Automatic,FWD,White
15367,Chevrolet,Malibu,2015.0,Sedan,Petrol,2.0,20527.0,4.0,Automatic,FWD,Black
62992,Hyundai,Sonata,2018.0,Sedan,Petrol,2.0,45307.0,4.0,Automatic,FWD,Black
23536,Hyundai,Santa Fe,2010.0,SUV,Diesel,2.0,123326.0,4.0,Automatic,FWD,Silver
3450,Toyota,Prius,2014.0,Hatchback,Hybrid,1.5,59697.0,4.0,Automatic,FWD,Blue
47042,Toyota,RAV4,2018.0,SUV,Petrol,2.5,9321.0,4.0,Automatic,FWD,Black
25299,Hyundai,Tucson,2010.0,SUV,Diesel,2.0,69097.0,4.0,Automatic,FWD,Silver
39201,Toyota,Camry,2015.0,Sedan,Hybrid,2.5,25414.0,4.0,Automatic,FWD,Black
20385,Toyota,Camry,2011.0,Sedan,Petrol,2.5,111847.0,4.0,Automatic,FWD,Gray
32929,Toyota,Camry,2017.0,Sedan,Petrol,2.5,50953.0,4.0,Automatic,FWD,Silver
17876,Honda,Civic,2013.0,Sedan,Hybrid,1.5,58223.0,4.0,Automatic,FWD,Gray
20610,Hyundai,Genesis,2009.0,Coupe,Petrol,2.0,49388.0,4.0,Automatic,FWD,Black
6899,BMW,3 Series,1995.0,Sedan,Petrol,1.8,11185.0,4.0,Automatic,RWD,Silver
36802,Honda,Civic,2015.0,Sedan,Petrol,1.8,41479.0,4.0,Automatic,FWD,Gray
21326,Toyota,Prius,2012.0,Sedan,Hybrid,1.8,79536.0,4.0,Automatic,FWD,Red
5018,Toyota,Camry,2013.0,Sedan,Hybrid,2.5,118402.0,4.0,Automatic,FWD,Black
9408,Nissan,Versa,2012.0,Hatchback,Petrol,1.8,74565.0,4.0,Automatic,FWD,Gray
32302,Toyota,Camry,2017.0,Sedan,Petrol,2.5,30199.0,4.0,Automatic,FWD,Black
14113,Mercedes-Benz,C-Class,2006.0,Sedan,Petrol,2.0,88503.0,4.0,Automatic,RWD,Black
30784,Hyundai,H1,2014.0,Van,Diesel,2.5,84949.0,4.0,Automatic,FWD,Silver
14113,Toyota,Prius,2012.0,Hatchback,Hybrid,1.8,97212.0,4.0,Automatic,FWD,Black
10036,Toyota,Prius,2008.0,Hatchback,Hybrid,1.5,82519.0,4.0,Automatic,FWD,Green
26324,Chevrolet,Orlando,2013.0,SUV,Diesel,2.0,82624.0,4.0,Automatic,FWD,Gray
16935,Lexus,CT 200h,2015.0,Hatchback,Hybrid,1.8,58999.0,4.0,Automatic,FWD,White
30583,Hyundai,H1,2014.0,Van,Diesel,2.5,74757.0,4.0,Automatic,FWD,Black
22580,Toyota,Camry,2014.0,Sedan,Petrol,2.5,29826.0,6.0,Automatic,FWD,Black
16320,Honda,Fit,2015.0,Hatchback,Petrol,1.5,69454.0,4.0,Automatic,FWD,Silver
46101,Toyota,RAV4,2019.0,SUV,Hybrid,2.5,13021.0,4.0,Automatic,AWD,White
3293,Toyota,Prius,2010.0,Hatchback,Hybrid,1.8,99036.0,4.0,Automatic,FWD,White
8938,Nissan,Tiida,2005.0,Hatchback,Petrol,1.5,98177.0,4.0,Automatic,FWD,White
784,Toyota,Camry,2014.0,Sedan,Hybrid,2.5,63627.0,4.0,Automatic,FWD,Black
9252,Toyota,Aqua,2013.0,Hatchback,Hybrid,1.5,68973.0,4.0,Automatic,FWD,Silver
16383,Toyota,Aqua,2013.0,Sedan,Petrol,1.5,61889.0,4.0,Automatic,FWD,Gold
14113,Toyota,Aqua,2012.0,Hatchback,Hybrid,1.5,89478.0,4.0,Automatic,FWD,Silver
18033,Chevrolet,Malibu,2015.0,Sedan,Diesel,2.0,20692.0,4.0,Automatic,FWD,Black
22800,Toyota,Camry,2012.0,Sedan,Hybrid,2.5,60895.0,4.0,Automatic,FWD,White
18817,Toyota,Camry,2018.0,Sedan,Hybrid,2.5,21785.0,4.0,Automatic,FWD,White
5018,Honda,Civic,2013.0,Sedan,Hybrid,1.5,73471.0,4.0,Automatic,FWD,White
7213,BMW,5 Series,2000.0,Sedan,Petrol,2.5,118061.0,6.0,Automatic,RWD,Green
12231,Toyota,Prius,2008.0,Sedan,Hybrid,1.5,10564.0,4.0,Automatic,FWD,Red
14740,Toyota,Prius,2010.0,Sedan,Hybrid,1.8,85849.0,4.0,Automatic,FWD,Black
11917,Toyota,RAV4,2013.0,SUV,Petrol,2.5,68363.0,4.0,Automatic,FWD,Gray
17876,Toyota,Prius,2011.0,Sedan,Hybrid,1.8,121789.0,4.0,Automatic,FWD,Gray
28830,Hyundai,Tucson,2011.0,SUV,Diesel,2.0,51986.0,4.0,Automatic,FWD,Silver
26657,Toyota,Camry,2014.0,Sedan,Petrol,2.5,73028.0,4.0,Automatic,FWD,Black
24148,Toyota,Prius,2016.0,Sedan,Hybrid,1.8,57167.0,4.0,Automatic,FWD,White
19184,Toyota,Aqua,2015.0,Hatchback,Hybrid,1.5,60584.0,4.0,Automatic,FWD,White
9408,Toyota,VOXY,2002.0,Van,Petrol,2.0,6905.0,4.0,Automatic,FWD,Black
17619,Hyundai,Tucson,2011.0,SUV,Diesel,2.0,115569.0,4.0,Automatic,FWD,Silver
26971,Toyota,Prius,2015.0,Hatchback,Hybrid,1.8,54060.0,4.0,Automatic,FWD,Silver
12074,Ford,Fusion,2013.0,Sedan,Hybrid,2.0,100041.0,4.0,Automatic,FWD,Beige
19444,Lexus,ES 300,2014.0,Sedan,Hybrid,2.5,70217.0,4.0,Automatic,FWD,Black
25402,Ford,Fusion,2013.0,Sedan,Hybrid,2.0,83886.0,4.0,Automatic,FWD,White
10976,Subaru,Legacy,2005.0,Sedan,Petrol,2.0,99420.0,4.0,Automatic,AWD,White
15367,Hyundai,Elantra,2013.0,Sedan,Petrol,1.8,56670.0,4.0,Automatic,FWD,Silver
1176,Hyundai,Elantra,2019.0,Sedan,Petrol,2.0,9951.0,4.0,Automatic,FWD,Gray
12544,Ford,Focus,2017.0,Hatchback,Petrol,2.0,42371.0,4.0,Automatic,FWD,Red
12500,Toyota,Prius,2008.0,Hatchback,Hybrid,1.5,96313.0,4.0,Automatic,FWD,Silver
25089,Ford,Fusion,2016.0,Sedan,Petrol,2.5,30448.0,4.0,Automatic,FWD,White
18189,Hyundai,Elantra,2011.0,Sedan,Petrol,1.8,75559.0,4.0,Automatic,FWD,Brown
22580,Toyota,Prius,2012.0,Sedan,Hybrid,1.8,72080.0,4.0,Automatic,FWD,Silver
8781,Ford,Fusion,2016.0,Sedan,Hybrid,2.0,121152.0,4.0,Automatic,FWD,Black
14426,Toyota,Prius,2008.0,Hatchback,Hybrid,1.5,39768.0,4.0,Automatic,FWD,Red
20071,Kia,Optima,2016.0,Sedan,Petrol,2.0,19549.0,4.0,Automatic,FWD,Black
13796,Hyundai,Genesis,2010.0,Coupe,Petrol,2.0,105634.0,4.0,Automatic,FWD,Black
16621,Toyota,Prius,2010.0,Sedan,Hybrid,1.8,105634.0,4.0,Automatic,FWD,Black
56136,Mercedes-Benz,E-Class,2017.0,Sedan,Petrol,2.0,31667.0,4.0,Automatic,RWD,Black
16308,Ford,Fusion,2010.0,Sedan,Hybrid,2.5,87179.0,4.0,Automatic,FWD,Blue
8075,Volkswagen,Jetta,2012.0,Sedan,Petrol,2.5,102402.0,4.0,Automatic,FWD,Gray
21639,Toyota,Prius V,2014.0,Wagon,Hybrid,1.8,111239.0,4.0,Automatic,FWD,White
31317,Hyundai,H1,2014.0,Van,Diesel,2.5,86575.0,4.0,Automatic,FWD,Silver
11604,Toyota,Aqua,2012.0,Hatchback,Hybrid,1.5,57167.0,4.0,Automatic,FWD,Blue
23207,Hyundai,Elantra,2016.0,Sedan,Petrol,2.0,57167.0,4.0,Automatic,FWD,Black
2587,Ford,Escape,2018.0,Sedan,Petrol,2.0,47475.0,4.0,Automatic,FWD,White
15834,Toyota,Aqua,2015.0,Hatchback,Hybrid,1.5,78293.0,4.0,Automatic,FWD,Silver
21953,Hyundai,Santa Fe,2010.0,SUV,Diesel,2.0,116846.0,4.0,Automatic,FWD,Silver
24596,Lexus,IS 250,2009.0,Sedan,Petrol,2.5,71738.0,4.0,Automatic,FWD,Black
59586,Toyota,Camry,2018.0,Sedan,Hybrid,2.5,11309.0,4.0,Automatic,FWD,Black
18817,Hyundai,Elantra,2017.0,Sedan,Petrol,2.0,23861.0,4.0,Automatic,FWD,Red
52373,Toyota,RAV4,2017.0,SUV,Hybrid,2.5,21748.0,6.0,Automatic,AWD,Blue
17249,Volkswagen,Passat,2013.0,Sedan,Petrol,2.5,53965.0,5.0,Automatic,FWD,Black
26927,Hyundai,Santa Fe,2013.0,SUV,Diesel,2.0,92608.0,4.0,Automatic,FWD,White
19444,Volkswagen,Passat,2012.0,Sedan,Petrol,2.5,75559.0,6.0,Automatic,FWD,Silver
1960,BMW,5 Series,2015.0,Sedan,Petrol,2.0,72509.0,4.0,Automatic,AWD,Black
9095,Volkswagen,Golf,2003.0,Hatchback,Petrol,2.0,74565.0,4.0,Automatic,FWD,Black
22000,Toyota,Prius,2016.0,Hatchback,Hybrid,1.8,30448.0,4.0,Automatic,FWD,White
4000,BMW,5 Series,1996.0,Sedan,Petrol,2.0,622.0,6.0,Automatic,RWD,Silver
27924,Hyundai,H1,2014.0,Van,Diesel,2.5,108420.0,4.0,Automatic,FWD,Silver
23521,Toyota,Camry,2014.0,Sedan,Petrol,2.5,54060.0,4.0,Automatic,FWD,Red
16935,Hyundai,Elantra,2014.0,Sedan,Petrol,1.8,37283.0,4.0,Automatic,FWD,Black
20237,Hyundai,Tucson,2012.0,SUV,Diesel,2.0,111972.0,4.0,Automatic,FWD,White
35570,Hyundai,Tucson,2015.0,SUV,Diesel,2.0,51075.0,4.0,Automatic,FWD,White
16549,Hyundai,Genesis,2011.0,Coupe,Petrol,2.0,66490.0,4.0,Automatic,FWD,Gray
4547,Hyundai,Elantra,2017.0,Sedan,Petrol,2.0,40411.0,4.0,Automatic,FWD,Blue
21953,Mitsubishi,Outlander,2011.0,SUV,Petrol,2.0,88484.0,4.0,Automatic,FWD,White
862,Toyota,Camry,2014.0,Sedan,Hybrid,2.5,81076.0,4.0,Automatic,FWD,White
39201,Nissan,Rogue,2018.0,SUV,Petrol,2.5,7457.0,4.0,Automatic,AWD,White
8467,Honda,Fit,2011.0,Hatchback,Petrol,1.5,82643.0,4.0,Automatic,FWD,White
10663,Nissan,Tiida,2006.0,Sedan,Petrol,1.8,104391.0,4.0,Automatic,FWD,Blue
56136,Mercedes-Benz,E-Class,2017.0,Sedan,Petrol,2.0,31667.0,4.0,Automatic,RWD,Black
20385,Volkswagen,Passat,2012.0,Sedan,Petrol,2.5,44118.0,5.0,Automatic,FWD,Gray
7840,Nissan,Note,2005.0,Hatchback,Petrol,1.5,84507.0,4.0,Automatic,FWD,Brown
1646,BMW,5 Series,2015.0,Sedan,Petrol,2.0,71924.0,4.0,Automatic,AWD,Silver
549,Toyota,C-HR,2018.0,SUV,Petrol,2.0,29039.0,4.0,Automatic,FWD,Silver
10945,Hyundai,H1,2010.0,Van,Diesel,2.5,69730.0,4.0,Automatic,FWD,Silver
10976,Hyundai,Elantra,2014.0,Sedan,Petrol,1.8,84162.0,4.0,Automatic,FWD,Blue
4077,Mercedes-Benz,C-Class,2015.0,Sedan,Petrol,2.0,82673.0,4.0,Automatic,RWD,White
21326,Toyota,Prius,2012.0,Hatchback,Hybrid,1.8,83264.0,4.0,Automatic,FWD,Silver
6586,Volkswagen,Jetta,1999.0,Sedan,Petrol,2.0,77672.0,4.0,Automatic,FWD,Gray
52034,Chevrolet,Captiva,2018.0,SUV,Diesel,2.0,12240.0,4.0,Automatic,FWD,Black
15677,Toyota,Prius,2010.0,Sedan,Hybrid,1.8,95163.0,4.0,Automatic,FWD,Silver
12858,Hyundai,Elantra,2014.0,Sedan,Petrol,1.8,70837.0,4.0,Automatic,FWD,Red
12858,Ford,Focus,2014.0,Sedan,Petrol,2.0,75559.0,4.0,Automatic,FWD,Blue
47669,Mercedes-Benz,GLA,2017.0,SUV,Petrol,2.0,34613.0,4.0,Automatic,AWD,Black
4077,Toyota,Camry,2013.0,Sedan,Petrol,2.5,103797.0,4.0,Automatic,FWD,Gray
16894,Hyundai,Sonata,2011.0,Sedan,Petrol,2.0,116269.0,4.0,Automatic,FWD,Black
2666,Mercedes-Benz,C-Class,2016.0,Sedan,Petrol,2.0,32141.0,4.0,Automatic,RWD,Black
21900,Volkswagen,Passat,2013.0,Sedan,Petrol,2.5,77548.0,5.0,Automatic,FWD,Black
3607,Toyota,Camry,2012.0,Sedan,Hybrid,2.5,97256.0,4.0,Automatic,FWD,White
13172,Ford,Transit,2004.0,Van,Diesel,2.0,111847.0,4.0,Manual,RWD,Silver
1019,Toyota,Prius,2015.0,Hatchback,Hybrid,1.8,25574.0,4.0,Automatic,FWD,White
17663,Honda,Fit,2014.0,Hatchback,Hybrid,1.5,50829.0,4.0,Automatic,FWD,Blue
16621,Kia,Optima,2014.0,Sedan,Petrol,2.0,21635.0,4.0,Automatic,FWD,Black
22580,Ford,Fusion,2013.0,Sedan,Hybrid,2.0,55091.0,4.0,Automatic,FWD,White
36485,Chevrolet,Captiva,2014.0,SUV,Diesel,2.0,50962.0,4.0,Automatic,FWD,Black
18189,Toyota,Camry,2014.0,Sedan,Petrol,2.5,74565.0,4.0,Automatic,FWD,Gray
37006,Ford,Fusion,2016.0,Sedan,Hybrid,2.0,21127.0,4.0,Automatic,FWD,Black
2587,Ford,Fusion,2015.0,Sedan,Hybrid,2.0,55175.0,4.0,Automatic,FWD,Black
10192,Volkswagen,Jetta,2011.0,Sedan,Petrol,2.5,88235.0,4.0,Automatic,FWD,Silver
7997,Toyota,RAV4,2017.0,SUV,Petrol,2.5,18227.0,4.0,Automatic,FWD,Gray
49751,Hyundai,Santa Fe,2016.0,SUV,Diesel,2.0,83737.0,4.0,Automatic,FWD,Gray
14113,Toyota,Camry,2014.0,Sedan,Hybrid,2.5,94449.0,4.0,Automatic,FWD,Black
43062,Hyundai,Santa Fe,2014.0,SUV,Diesel,2.0,96313.0,4.0,Automatic,FWD,Gray
13953,Hyundai,Sonata,2010.0,Sedan,Petrol,2.0,93252.0,4.0,Automatic,FWD,White
35971,Hyundai,Santa Fe,2014.0,SUV,Diesel,2.0,49826.0,4.0,Automatic,FWD,Blue
7840,Hyundai,Sonata,2011.0,Sedan,Petrol,2.0,46918.0,4.0,Automatic,FWD,Silver
4704,Volkswagen,Jetta,2001.0,Sedan,Petrol,2.0,69042.0,4.0,Manual,FWD,Black
21326,Ford,Fusion,2017.0,Sedan,Petrol,1.5,33005.0,4.0,Automatic,FWD,Blue
49864,Hyundai,Santa Fe,2017.0,SUV,Diesel,2.0,60890.0,4.0,Automatic,FWD,Black
22649,Hyundai,Tucson,2010.0,SUV,Diesel,2.0,117315.0,4.0,Automatic,FWD,Black
19416,Hyundai,Sonata,2010.0,Sedan,Petrol,2.0,93183.0,4.0,Automatic,FWD,Black
42651,Mercedes-Benz,GLA,2017.0,SUV,Petrol,2.0,27959.0,4.0,Automatic,AWD,Black
29777,Hyundai,Tucson,2014.0,SUV,Diesel,2.0,80779.0,4.0,Automatic,FWD,Silver
16308,Volkswagen,Golf,2011.0,Hatchback,Petrol,2.5,65244.0,5.0,Automatic,FWD,Black
627,Subaru,XV,2015.0,SUV,Petrol,2.0,70635.0,4.0,Automatic,AWD,Black
25889,Hyundai,Tucson,2012.0,SUV,Diesel,2.0,96934.0,4.0,Automatic,FWD,White
42337,Toyota,Avalon,2017.0,Sedan,Hybrid,2.5,35543.0,4.0,Automatic,FWD,Red
8781,Mitsubishi,Pajero iO,2001.0,SUV,Petrol,2.0,75186.0,4.0,Manual,AWD,Gold
9095,Nissan,Altima,2009.0,Sedan,Hybrid,2.5,15411.0,4.0,Automatic,FWD,Blue
9408,Toyota,Aqua,2012.0,Sedan,Hybrid,1.5,75186.0,4.0,Automatic,FWD,Blue
20500,Mazda,Mazda3,2016.0,Sedan,Petrol,2.0,74565.0,4.0,Automatic,FWD,Blue
21473,Hyundai,Tucson,2010.0,SUV,Diesel,2.0,106876.0,4.0,Automatic,FWD,Gray
21326,Subaru,Forester,2013.0,SUV,Petrol,2.5,72577.0,4.0,Automatic,AWD,Gray
5802,Nissan,Altima,2016.0,Sedan,Petrol,2.5,66300.0,4.0,Automatic,FWD,Black
8154,Kia,Sportage,2007.0,SUV,Diesel,2.0,68351.0,4.0,Automatic,FWD,Blue
8154,Hyundai,Sonata,2019.0,Sedan,Hybrid,2.0,11041.0,4.0,Automatic,FWD,White
18189,Hyundai,H1,2009.0,Van,Diesel,2.5,26627.0,4.0,Automatic,FWD,White
9408,Hyundai,Sonata,2013.0,Sedan,Petrol,2.0,30196.0,4.0,Automatic,FWD,Silver
862,Toyota,Camry,2014.0,Sedan,Hybrid,2.5,81076.0,4.0,Automatic,FWD,White
706,Lexus,CT 200h,2011.0,Hatchback,Hybrid,1.8,72620.0,4.0,Automatic,FWD,Black
19444,Hyundai,Elantra,2015.0,Sedan,Petrol,2.0,59031.0,4.0,Automatic,RWD,Blue
10349,Mercedes-Benz,C-Class,2002.0,Van,Petrol,2.0,13981.0,4.0,Manual,RWD,Silver
23834,Toyota,Camry,2014.0,Sedan,Hybrid,2.5,32809.0,4.0,Automatic,FWD,Gold
47757,Jeep,Cherokee,2015.0,SUV,Diesel,2.0,106604.0,4.0,Automatic,FWD,Gray
42102,Hyundai,H1,2017.0,Wagon,Diesel,2.5,68351.0,4.0,Automatic,FWD,Gray
15677,Hyundai,H1,2011.0,Van,Diesel,2.5,40672.0,4.0,Automatic,FWD,Black
28222,Hyundai,Santa Fe,2013.0,SUV,Diesel,2.0,37302.0,4.0,Automatic,FWD,Black
627,Mercedes-Benz,E-Class,2017.0,Sedan,Petrol,2.0,19955.0,4.0,Automatic,RWD,Silver
7840,Toyota,Prius,2008.0,Hatchback,Hybrid,1.5,93970.0,4.0,Automatic,FWD,Silver
10349,Toyota,Aqua,2012.0,Hatchback,Hybrid,1.5,91342.0,4.0,Automatic,FWD,White
42651,Mercedes-Benz,GLA,2017.0,SUV,Petrol,2.0,27959.0,4.0,Automatic,AWD,Black
71817,Toyota,RAV4,2016.0,SUV,Hybrid,2.5,27962.0,4.0,Automatic,AWD,Gray
26657,Toyota,Camry,2016.0,Sedan,Petrol,2.5,31816.0,4.0,Automatic,FWD,Black
17249,Toyota,Aqua,2013.0,Sedan,Hybrid,1.5,48654.0,4.0,Automatic,FWD,White
2430,Toyota,Camry,2011.0,Sedan,Petrol,2.5,75778.0,4.0,Automatic,FWD,Gray
862,Hyundai,Sonata,2017.0,Sedan,Hybrid,2.0,86035.0,4.0,Automatic,FWD,Silver
15681,Toyota,Prius,2012.0,Hatchback,Hybrid,1.8,71458.0,4.0,Automatic,FWD,Green
35570,Hyundai,Santa Fe,2014.0,SUV,Diesel,2.0,104787.0,4.0,Automatic,FWD,White
16308,Honda,Fit,2014.0,Hatchback,Hybrid,1.5,85750.0,4.0,Automatic,FWD,Blue
48610,Lexus,IS 250,2014.0,Sedan,Petrol,2.5,59652.0,6.0,Automatic,RWD,Gray
9095,Mitsubishi,Airtrek,2003.0,SUV,Petrol,2.0,11185.0,4.0,Automatic,AWD,White
11917,Honda,Civic,2007.0,Sedan,Petrol,1.8,92585.0,4.0,Automatic,FWD,Silver
21012,Ford,Focus,2017.0,Hatchback,Petrol,2.0,46728.0,4.0,Automatic,FWD,Silver
20344,Hyundai,Sonata,2016.0,Sedan,Petrol,2.0,27719.0,4.0,Automatic,FWD,White
23521,Mercedes-Benz,C-Class,2014.0,Sedan,Petrol,1.8,39936.0,4.0,Automatic,RWD,Gray
18817,Toyota,Camry,2012.0,Sedan,Petrol,2.5,51699.0,4.0,Automatic,FWD,Black
31361,Toyota,Prius,2017.0,Sedan,Hybrid,1.8,49710.0,4.0,Automatic,FWD,Gray
25719,Chevrolet,Malibu,2015.0,Sedan,Petrol,2.0,67125.0,4.0,Automatic,FWD,Silver
5488,Toyota,Camry,2014.0,Sedan,Hybrid,2.5,68226.0,4.0,Automatic,FWD,White
37301,Toyota,Aqua,2015.0,Hatchback,Petrol,1.5,9963.0,4.0,Automatic,FWD,Blue
38229,Hyundai,H1,2016.0,Van,Diesel,2.5,57215.0,4.0,Automatic,FWD,Black
38574,Hyundai,H1,2015.0,Wagon,Petrol,2.5,82220.0,4.0,Automatic,FWD,Silver
50018,Hyundai,Sonata,2017.0,Sedan,Petrol,2.0,34132.0,4.0,Automatic,FWD,White
23129,Hyundai,H1,2013.0,Wagon,Diesel,2.5,122685.0,4.0,Automatic,FWD,Silver
17300,Toyota,Prius,2010.0,Hatchback,Hybrid,1.8,99212.0,4.0,Automatic,FWD,Black
9095,Mitsubishi,Pajero iO,2000.0,SUV,Petrol,2.0,105634.0,4.0,Automatic,AWD,White
19444,Toyota,Camry,2016.0,Sedan,Petrol,2.5,37904.0,4.0,Automatic,FWD,Black
44542,Hyundai,H1,2017.0,Wagon,Diesel,2.5,62669.0,4.0,Automatic,FWD,Silver
20855,Kia,Optima,2016.0,Sedan,Petrol,2.0,19326.0,4.0,Automatic,FWD,Black
18189,Toyota,Prius,2012.0,Hatchback,Hybrid,1.8,60273.0,4.0,Automatic,FWD,Red
9396,Toyota,Aqua,2015.0,Hatchback,Hybrid,1.5,99942.0,4.0,Automatic,FWD,White
16308,Toyota,Prius,2010.0,Hatchback,Hybrid,1.8,80779.0,4.0,Automatic,FWD,White
32340,Hyundai,Santa Fe,2012.0,SUV,Diesel,2.0,85758.0,4.0,Automatic,FWD,White
17562,Toyota,Prius,2010.0,Hatchback,Petrol,1.8,84507.0,4.0,Automatic,FWD,Red
12231,Toyota,Prius,2007.0,Sedan,Hybrid,1.5,96934.0,4.0,Automatic,FWD,Silver
16621,Toyota,Prius C,2012.0,Wagon,Hybrid,1.5,65023.0,4.0,Automatic,FWD,Gray
40769,Lexus,ES 300,2013.0,Sedan,Hybrid,2.5,5406.0,12.0,Automatic,FWD,White
36219,Hyundai,Tucson,2014.0,SUV,Petrol,2.0,63380.0,4.0,Automatic,FWD,Gray
26510,Hyundai,Santa Fe,2013.0,SUV,Diesel,2.0,26460.0,4.0,Automatic,FWD,Silver
65996,Hyundai,Santa Fe,2018.0,SUV,Diesel,2.0,17399.0,4.0,Automatic,FWD,Black
39722,Hyundai,Sonata,2015.0,Sedan,Petrol,2.0,40086.0,4.0,Automatic,FWD,Gray
12231,Honda,Fit,2014.0,Hatchback,Hybrid,1.5,43496.0,4.0,Automatic,FWD,Silver
11563,Chevrolet,Cruze,2011.0,Sedan,Petrol,1.8,106851.0,4.0,Automatic,FWD,White
862,Toyota,Camry,2014.0,Sedan,Hybrid,2.5,81076.0,4.0,Automatic,FWD,White
3136,Toyota,Camry,2012.0,Sedan,Hybrid,2.5,99034.0,4.0,Automatic,FWD,White
12000,Mitsubishi,Pajero iO,2003.0,SUV,Petrol,1.8,104514.0,4.0,Automatic,AWD,White
43905,Toyota,RAV4,2017.0,SUV,Petrol,2.5,39147.0,4.0,Automatic,AWD,Silver
11563,Hyundai,Tucson,2010.0,SUV,Diesel,2.0,70837.0,4.0,Automatic,FWD,Silver
1646,Toyota,Camry,2017.0,Sedan,Petrol,2.5,96041.0,4.0,Automatic,FWD,Black
25512,Hyundai,Tucson,2010.0,SUV,Diesel,2.0,73642.0,4.0,Automatic,FWD,Gray
16621,Volkswagen,Passat,2011.0,Sedan,Petrol,2.5,66487.0,5.0,Automatic,FWD,White
40456,Toyota,Prius,2016.0,Sedan,Hybrid,1.8,18642.0,4.0,Automatic,FWD,Gray
12231,Ford,Focus,2013.0,Hatchback,Petrol,2.0,95692.0,4.0,Automatic,FWD,Black
23521,Mercedes-Benz,C-Class,2012.0,Sedan,Petrol,1.8,29205.0,4.0,Automatic,RWD,White
22580,Toyota,Prius,2015.0,Sedan,Hybrid,1.8,57434.0,4.0,Automatic,FWD,White
44878,Hyundai,Tucson,2017.0,SUV,Diesel,2.0,39444.0,4.0,Automatic,FWD,Silver
1254,Toyota,Prius,2012.0,Hatchback,Hybrid,1.8,62138.0,4.0,Automatic,FWD,White
18817,Toyota,Prius,2011.0,Sedan,Petrol,1.8,104014.0,4.0,Automatic,FWD,Gray
38063,Hyundai,Santa Fe,2016.0,SUV,Diesel,2.0,91830.0,4.0,Automatic,FWD,White
50651,Chevrolet,Impala,2016.0,Sedan,Petrol,2.5,41335.0,4.0,Automatic,FWD,Silver
24000,Toyota,C-HR,2019.0,SUV,Hybrid,1.5,3729.0,4.0,Automatic,FWD,White
16452,Hyundai,Genesis,2010.0,Coupe,Petrol,2.0,66193.0,4.0,Automatic,FWD,Red
2038,Honda,Civic,2015.0,Sedan,Petrol,1.8,50047.0,4.0,Automatic,FWD,Gray
6272,Honda,Civic,2012.0,Sedan,Hybrid,1.5,87801.0,4.0,Automatic,FWD,Blue
26594,Chevrolet,Orlando,2018.0,SUV,Petrol,2.0,87036.0,4.0,Automatic,FWD,Gray
18817,Hyundai,Sonata,2013.0,Sedan,Petrol,2.0,57464.0,4.0,Automatic,FWD,Blue
21950,Toyota,Prius,2014.0,Hatchback,Hybrid,1.8,66487.0,4.0,Automatic,FWD,Red
9252,Kia,Sportage,2009.0,SUV,Diesel,2.0,33546.0,4.0,Automatic,FWD,White
6611,Kia,Sportage,2007.0,SUV,Diesel,2.0,88642.0,4.0,Automatic,FWD,Silver
3136,Toyota,Camry,2012.0,Sedan,Hybrid,2.5,99034.0,4.0,Automatic,FWD,White
31349,Hyundai,H1,2014.0,Van,Diesel,2.5,94740.0,4.0,Automatic,FWD,Black
16935,Lexus,CT 200h,2015.0,Hatchback,Hybrid,1.8,58999.0,4.0,Automatic,FWD,White
18817,Toyota,Corolla,2012.0,Sedan,Petrol,1.8,78915.0,4.0,Automatic,FWD,White
21953,Honda,Civic,2014.0,Sedan,Hybrid,1.5,86992.0,4.0,Automatic,FWD,Gray
9722,Ford,Transit,2004.0,Van,Diesel,2.0,124275.0,4.0,Manual,FWD,White
13485,Toyota,Aqua,2012.0,Sedan,Hybrid,1.5,91610.0,3.0,Automatic,FWD,White
37476,Toyota,C-HR,2017.0,SUV,Petrol,2.0,22431.0,4.0,Automatic,FWD,Silver
70678,Hyundai,Sonata,2018.0,Sedan,Petrol,2.0,21565.0,4.0,Automatic,FWD,Gray
8781,Ford,Fusion,2016.0,Sedan,Hybrid,2.0,121152.0,4.0,Automatic,FWD,Black
18817,Hyundai,Elantra,2012.0,Sedan,Petrol,1.8,50487.0,4.0,Automatic,FWD,Silver
40983,Hyundai,H1,2015.0,Wagon,Diesel,2.5,70040.0,4.0,Automatic,FWD,Silver
17562,Toyota,Prius,2010.0,Hatchback,Hybrid,1.8,44118.0,4.0,Automatic,FWD,Gray
33243,Hyundai,Santa Fe,2015.0,SUV,Diesel,2.0,108819.0,4.0,Automatic,FWD,Black
2274,Toyota,Camry,2011.0,Sedan,Petrol,2.5,118495.0,4.0,Automatic,FWD,Gray
20071,Toyota,Camry,2015.0,Sedan,Petrol,2.5,53660.0,4.0,Automatic,FWD,Blue
9408,Toyota,Prius,2008.0,Hatchback,Hybrid,1.5,124275.0,4.0,Automatic,FWD,Gray
20385,Hyundai,Elantra,2014.0,Sedan,Petrol,1.8,111350.0,4.0,Automatic,FWD,Black
31361,Mazda,Mazda6,2015.0,Sedan,Petrol,2.5,108119.0,4.0,Automatic,FWD,White
17249,Toyota,RAV4,2003.0,SUV,Petrol,2.0,78542.0,4.0,Automatic,AWD,Silver
36899,Hyundai,H1,2016.0,Van,Diesel,2.5,56006.0,4.0,Automatic,FWD,Silver
9408,Toyota,Prius,2007.0,Hatchback,Hybrid,1.5,120607.0,4.0,Automatic,FWD,Blue
8781,Chevrolet,Captiva,2009.0,SUV,Diesel,2.0,33715.0,4.0,Automatic,FWD,White
16621,Volkswagen,Jetta,2013.0,Sedan,Petrol,1.8,42254.0,4.0,Automatic,FWD,Silver
21805,Hyundai,H1,2011.0,Van,Diesel,2.0,34562.0,4.0,Automatic,FWD,Silver
2666,BMW,3 Series,2018.0,Sedan,Petrol,2.0,15735.0,4.0,Automatic,AWD,Black
17305,Hyundai,Sonata,2010.0,Sedan,Petrol,2.0,98177.0,4.0,Automatic,FWD,Gray
26343,Hyundai,Elantra,2016.0,Sedan,Petrol,2.0,57167.0,4.0,Automatic,FWD,Blue
50184,Hyundai,Santa Fe,2016.0,SUV,Diesel,2.0,76117.0,4.0,Automatic,FWD,Blue
26030,Subaru,Legacy,2016.0,Sedan,Petrol,2.5,84465.0,4.0,Automatic,AWD,Silver
20488,Hyundai,H1,2011.0,Van,Diesel,2.5,28314.0,4.0,Automatic,FWD,White
16599,Hyundai,Sonata,2010.0,Sedan,Petrol,2.0,107498.0,4.0,Automatic,FWD,Black
17111,Toyota,Camry,2015.0,Sedan,Petrol,2.5,60895.0,6.0,Automatic,RWD,White
12544,Toyota,Prius,2008.0,Hatchback,Hybrid,1.5,56545.0,4.0,Automatic,FWD,Blue
30950,Chevrolet,Captiva,2014.0,SUV,Diesel,2.0,64956.0,4.0,Automatic,FWD,Gray
8154,Hyundai,Elantra,2012.0,Sedan,Petrol,1.8,45982.0,4.0,Automatic,FWD,Black
14113,Ford,Focus,2013.0,Hatchback,Petrol,2.0,84507.0,4.0,Automatic,FWD,Red
13172,Toyota,Aqua,2013.0,Hatchback,Hybrid,1.5,114954.0,4.0,Automatic,FWD,White
1725,Lexus,CT 200h,2013.0,Hatchback,Hybrid,1.8,116939.0,4.0,Automatic,FWD,Black
12701,Hyundai,H1,2010.0,SUV,Diesel,2.5,35273.0,4.0,Automatic,FWD,Silver
16621,Toyota,Prius,2011.0,Sedan,Hybrid,1.8,106379.0,4.0,Automatic,FWD,Gray
8311,Nissan,Note,2005.0,Sedan,Petrol,1.5,9957.0,3.0,Automatic,FWD,White
25089,Toyota,Aqua,2012.0,Hatchback,Petrol,1.5,31964.0,4.0,Automatic,FWD,Orange
38609,Hyundai,H1,2016.0,Wagon,Diesel,2.5,75186.0,4.0,Automatic,FWD,White
7527,BMW,5 Series,2000.0,Sedan,Petrol,2.5,10564.0,6.0,Manual,RWD,Green
17719,Hyundai,Grandeur,2015.0,Sedan,Petrol,2.0,50409.0,4.0,Automatic,FWD,Silver
10349,Toyota,Aqua,2013.0,Hatchback,Hybrid,1.5,40390.0,4.0,Automatic,FWD,Black
42337,Hyundai,Tucson,2017.0,SUV,Diesel,2.0,30881.0,4.0,Automatic,FWD,Gray
14586,Toyota,Aqua,2013.0,Hatchback,Petrol,1.5,66177.0,4.0,Automatic,FWD,Blue
18817,Toyota,Camry,2018.0,Sedan,Hybrid,2.5,21785.0,4.0,Automatic,FWD,White
706,Toyota,Camry,2014.0,Sedan,Hybrid,2.5,71652.0,4.0,Automatic,FWD,Gray
9095,Mazda,Mazda3,2013.0,Hatchback,Petrol,2.0,5593.0,4.0,Automatic,FWD,Gray
39066,Honda,Fit,2015.0,Hatchback,Petrol,1.5,8700.0,4.0,Automatic,FWD,Silver
2901,Hyundai,Elantra,2017.0,Sedan,Petrol,2.0,51024.0,4.0,Automatic,FWD,White
20385,Toyota,Prius,2012.0,Hatchback,Hybrid,1.8,54725.0,4.0,Automatic,FWD,White
17562,Toyota,Camry,2014.0,Sedan,Petrol,2.5,36661.0,4.0,Automatic,FWD,Black
15681,Volkswagen,Golf,2010.0,Hatchback,Petrol,2.5,12428.0,4.0,Automatic,FWD,Black
9095,Toyota,Prius,2008.0,Sedan,Hybrid,1.5,110605.0,4.0,Automatic,FWD,Silver
14113,Chevrolet,Orlando,2015.0,SUV,Petrol,2.0,21332.0,4.0,Automatic,FWD,Black
16308,Toyota,Prius C,2012.0,Hatchback,Petrol,1.5,90472.0,4.0,Automatic,FWD,Black
4547,Hyundai,Elantra,2017.0,Sedan,Petrol,2.0,72063.0,4.0,Automatic,FWD,White
3763,Toyota,Camry,2013.0,Sedan,Hybrid,2.5,77617.0,4.0,Automatic,FWD,White
16308,Hyundai,Elantra,2015.0,Sedan,Petrol,1.8,53687.0,4.0,Automatic,FWD,Red
16778,Hyundai,Elantra,2013.0,Sedan,Petrol,1.8,43496.0,4.0,Automatic,FWD,Silver
9879,Ford,Focus,2015.0,Sedan,Petrol,1.5,34136.0,3.0,Manual,FWD,Black
4861,Hyundai,Elantra,2016.0,Sedan,Petrol,1.8,94622.0,4.0,Automatic,FWD,Blue
34808,Hyundai,H1,2017.0,Van,Diesel,2.5,9695.0,4.0,Automatic,FWD,Silver
10976,Toyota,Prius,2008.0,Sedan,Hybrid,1.5,90472.0,4.0,Automatic,FWD,Blue
14113,Honda,Fit,2013.0,Sedan,Hybrid,1.5,99420.0,4.0,Automatic,FWD,White
14426,Toyota,Prius,2010.0,Sedan,Hybrid,1.8,90472.0,4.0,Automatic,FWD,Blue
19444,Hyundai,Elantra,2015.0,Sedan,Petrol,1.8,22991.0,4.0,Automatic,FWD,Gold
17562,Toyota,Prius,2012.0,Hatchback,Hybrid,1.8,93206.0,4.0,Automatic,FWD,Gray
6272,Volkswagen,Jetta,2015.0,Sedan,Diesel,1.8,39639.0,4.0,Automatic,FWD,Black
43062,Hyundai,Santa Fe,2016.0,SUV,Diesel,2.0,99998.0,4.0,Automatic,FWD,White
8624,Hyundai,Sonata,2013.0,Sedan,Petrol,2.0,56840.0,4.0,Automatic,FWD,White
15685,Honda,Fit,2013.0,Hatchback,Hybrid,1.5,73637.0,4.0,Automatic,FWD,White
8467,Mitsubishi,Airtrek,2003.0,SUV,Petrol,2.0,80157.0,4.0,Automatic,FWD,Black
6743,Lexus,ES 300,2013.0,Sedan,Hybrid,2.5,115920.0,4.0,Automatic,FWD,White
21410,Chevrolet,Malibu,2012.0,Sedan,Petrol,2.0,83126.0,4.0,Automatic,FWD,Black
10349,Volkswagen,Passat,2017.0,Sedan,Petrol,1.8,41707.0,4.0,Automatic,FWD,Blue
14050,Hyundai,Santa Fe,2010.0,SUV,Diesel,2.0,33004.0,4.0,Automatic,FWD,Silver
50560,Chevrolet,Captiva,2018.0,SUV,Diesel,2.0,23421.0,4.0,Automatic,FWD,Black
13338,Hyundai,Sonata,2010.0,Sedan,Petrol,2.0,61819.0,4.0,Automatic,FWD,White
28780,Hyundai,Santa Fe,2011.0,SUV,Diesel,2.0,80238.0,4.0,Automatic,FWD,Silver
6899,Chevrolet,Captiva,2008.0,SUV,Diesel,2.0,48329.0,4.0,Automatic,FWD,Silver
6899,Ford,Focus,2013.0,Hatchback,Petrol,2.0,89478.0,4.0,Automatic,FWD,Gray
15994,Toyota,Prius C,2014.0,Hatchback,Hybrid,1.5,74390.0,4.0,Automatic,FWD,White
22894,Lexus,CT 200h,2012.0,Hatchback,Hybrid,1.8,55303.0,4.0,Automatic,FWD,Brown
19757,Toyota,Prius C,2014.0,Hatchback,Hybrid,1.5,45361.0,4.0,Automatic,FWD,Black
5175,Subaru,Impreza,2003.0,Hatchback,Petrol,1.5,99420.0,4.0,Automatic,FWD,Red
21639,Lexus,CT 200h,2012.0,Hatchback,Hybrid,1.8,86371.0,4.0,Automatic,FWD,White
20610,Hyundai,Tucson,2012.0,SUV,Diesel,2.0,121417.0,4.0,Automatic,FWD,Gray
49259,Hyundai,Santa Fe,2015.0,SUV,Diesel,2.0,75429.0,4.0,Automatic,FWD,White
24148,Hyundai,Sonata,2014.0,Sedan,Petrol,2.0,32787.0,4.0,Automatic,FWD,Black
47512,Hyundai,Santa Fe,2016.0,SUV,Diesel,2.0,89685.0,4.0,Automatic,FWD,White
6899,Nissan,Note,2006.0,Hatchback,Petrol,1.5,74565.0,4.0,Automatic,FWD,Gray
17249,Ford,Fusion,2015.0,Sedan,Hybrid,2.0,91963.0,4.0,Automatic,FWD,Gray
57990,Hyundai,Sonata,2018.0,Sedan,Petrol,2.0,8523.0,4.0,Automatic,FWD,Blue
3136,Toyota,Camry,2012.0,Sedan,Hybrid,2.5,99034.0,4.0,Automatic,FWD,White
14069,Toyota,Aqua,2012.0,Hatchback,Petrol,1.5,70819.0,4.0,Automatic,FWD,Blue
12544,Mercedes-Benz,E-Class,2000.0,Sedan,Petrol,2.0,119381.0,4.0,Automatic,RWD,Silver
50178,Toyota,RAV4,2015.0,SUV,Hybrid,2.5,66611.0,4.0,Automatic,AWD,White
15681,Hyundai,H1,2008.0,Van,Diesel,2.5,44456.0,4.0,Automatic,FWD,Blue
21953,Hyundai,Elantra,2015.0,Sedan,Petrol,2.0,93206.0,4.0,Automatic,FWD,Blue
14906,Hyundai,Sonata,2015.0,Sedan,Petrol,2.0,21481.0,4.0,Automatic,FWD,Black
27654,Hyundai,Tucson,2011.0,SUV,Diesel,2.0,56566.0,4.0,Automatic,FWD,Silver
17405,Volkswagen,Tiguan,2015.0,SUV,Petrol,2.0,67225.0,4.0,Automatic,AWD,White
15825,Hyundai,Genesis,2010.0,Coupe,Petrol,2.0,50570.0,4.0,Automatic,FWD,White
16621,Kia,Optima,2014.0,Sedan,Petrol,2.0,23921.0,4.0,Automatic,FWD,White
11604,Toyota,Prius,2007.0,Hatchback,Hybrid,1.5,103769.0,4.0,Automatic,FWD,Gold
34572,Hyundai,Tucson,2015.0,SUV,Diesel,2.0,91310.0,4.0,Automatic,FWD,White
18305,Hyundai,H1,2012.0,Van,Diesel,2.5,38073.0,4.0,Automatic,FWD,Silver
2666,Volkswagen,Passat,2015.0,Sedan,Petrol,1.8,22516.0,4.0,Automatic,FWD,Black
24775,Toyota,Camry,2015.0,Sedan,Hybrid,2.5,87614.0,6.0,Automatic,FWD,Black
16960,Toyota,Aqua,2012.0,Hatchback,Petrol,1.5,50580.0,4.0,Automatic,FWD,Orange
16041,Chevrolet,Cruze,2012.0,Sedan,Petrol,1.8,52022.0,4.0,Automatic,FWD,White
8154,Dodge,Caliber,2008.0,Hatchback,Petrol,2.0,95692.0,4.0,Automatic,FWD,White
2500,Toyota,Ist,2003.0,Hatchback,Petrol,1.5,80779.0,4.0,Automatic,FWD,White
31361,Toyota,Prius,2015.0,Hatchback,Hybrid,1.8,16156.0,4.0,Automatic,FWD,Gray
18817,Toyota,Prius,2013.0,Hatchback,Hybrid,1.8,6649.0,4.0,Automatic,FWD,Beige
784,Hyundai,Elantra,2016.0,Sedan,Petrol,1.8,27306.0,4.0,Automatic,FWD,Blue
941,Volkswagen,Jetta,2011.0,Sedan,Diesel,2.5,108982.0,5.0,Automatic,FWD,Gray
9722,Toyota,Camry,2018.0,Sedan,Hybrid,2.5,79235.0,4.0,Automatic,FWD,Black
2430,Chevrolet,Malibu,2015.0,Sedan,Petrol,2.5,88679.0,4.0,Automatic,FWD,Black
1568,Ford,Fusion,2015.0,Sedan,Hybrid,2.0,66590.0,4.0,Automatic,FWD,White
10036,Toyota,Prius,2007.0,Hatchback,Hybrid,1.5,105634.0,4.0,Automatic,FWD,Gray
14113,Subaru,Forester,2010.0,SUV,Petrol,2.5,65866.0,4.0,Automatic,AWD,Black
17249,Hyundai,Elantra,2013.0,Sedan,Petrol,1.8,86910.0,4.0,Automatic,FWD,Silver
4234,Mercedes-Benz,C-Class,2014.0,Sedan,Petrol,1.8,65809.0,4.0,Automatic,RWD,White
15367,Toyota,Prius C,2012.0,Hatchback,Hybrid,1.5,113090.0,4.0,Automatic,FWD,White
18817,Lexus,CT 200h,2011.0,Sedan,Hybrid,1.8,88857.0,4.0,Automatic,FWD,Black
14740,Hyundai,Elantra,2019.0,Sedan,Petrol,2.0,17006.0,4.0,Automatic,FWD,Silver
3293,Mazda,CX-9,2016.0,Sedan,Petrol,2.5,96227.0,4.0,Automatic,AWD,Red
17562,Toyota,Prius C,2015.0,Sedan,Petrol,1.5,26719.0,4.0,Automatic,FWD,Black
18817,Hyundai,Elantra,2014.0,Sedan,Petrol,1.8,14913.0,4.0,Automatic,FWD,Red
13799,Toyota,Camry,2017.0,Sedan,Petrol,2.5,39667.0,4.0,Automatic,FWD,Gray
13799,Toyota,Prius,2009.0,Sedan,Hybrid,1.8,112549.0,4.0,Automatic,FWD,Black
16778,Kia,Optima,2014.0,Sedan,Petrol,2.0,22709.0,4.0,Automatic,FWD,White
4391,Subaru,Legacy,2005.0,Sedan,Petrol,2.0,114954.0,4.0,Automatic,AWD,Silver
16465,Kia,Optima,2014.0,Sedan,Petrol,2.0,24399.0,4.0,Automatic,FWD,Black
10349,Volkswagen,Passat,2013.0,Sedan,Petrol,2.5,96489.0,4.0,Automatic,FWD,Red
17249,Toyota,Camry,2012.0,Sedan,Hybrid,2.5,77051.0,6.0,Automatic,FWD,White
31361,Lexus,CT 200h,2014.0,Hatchback,Hybrid,1.8,59652.0,4.0,Automatic,FWD,Gray
13488,Toyota,Aqua,2012.0,Hatchback,Petrol,1.5,52817.0,4.0,Automatic,FWD,White
5018,Hyundai,Sonata,2016.0,Sedan,Hybrid,2.0,44253.0,4.0,Automatic,FWD,Black
10964,Toyota,Aqua,2013.0,Hatchback,Petrol,1.5,103086.0,4.0,Automatic,FWD,Blue
41553,Hyundai,Sonata,2018.0,Sedan,Petrol,2.0,10515.0,4.0,Automatic,FWD,White
21796,Mitsubishi,Outlander Sport,2016.0,SUV,Petrol,2.0,45697.0,4.0,Automatic,FWD,Black
11133,Toyota,Prius C,2012.0,Sedan,Hybrid,1.5,79039.0,4.0,Automatic,FWD,Brown
8311,Nissan,Note,2005.0,Hatchback,Petrol,1.5,69042.0,4.0,Automatic,FWD,Silver
32929,Lexus,CT 200h,2014.0,Hatchback,Hybrid,1.8,43186.0,4.0,Automatic,FWD,Red
20385,Mitsubishi,Outlander,2012.0,SUV,Petrol,2.0,64002.0,4.0,Automatic,FWD,Gray
14113,Toyota,Prius,2007.0,Hatchback,Hybrid,1.5,113339.0,4.0,Automatic,FWD,Red
706,Toyota,Camry,2014.0,Sedan,Hybrid,2.5,71652.0,4.0,Automatic,FWD,Gray
5488,Toyota,Camry,2014.0,Sedan,Hybrid,2.5,68226.0,4.0,Automatic,FWD,White
72130,Toyota,Camry,2018.0,Sedan,Hybrid,2.5,32312.0,4.0,Automatic,FWD,Gray
19444,Toyota,Prius,2013.0,Hatchback,Hybrid,1.8,85750.0,4.0,Automatic,FWD,Green
21953,Toyota,Prius,2012.0,Hatchback,Hybrid,1.8,97431.0,4.0,Automatic,FWD,Silver
16935,Ford,Fusion,2015.0,Sedan,Petrol,2.5,85501.0,4.0,Automatic,FWD,Black
25716,Toyota,Prius,2012.0,Hatchback,Hybrid,1.8,83513.0,4.0,Automatic,FWD,Silver
8154,Audi,Q5,2012.0,SUV,Petrol,2.0,97844.0,4.0,Automatic,AWD,Silver
27946,Hyundai,Tucson,2011.0,SUV,Diesel,2.0,57968.0,4.0,Automatic,FWD,Black
8154,Nissan,Tiida,2005.0,Sedan,Petrol,1.5,691.0,4.0,Automatic,FWD,White
7527,Mitsubishi,Colt,2003.0,Sedan,Petrol,1.5,86992.0,4.0,Automatic,AWD,Black
3607,Toyota,Camry,2012.0,Sedan,Hybrid,2.5,97256.0,4.0,Automatic,FWD,White
28608,Chevrolet,Malibu,2014.0,Sedan,Petrol,2.0,71540.0,4.0,Automatic,FWD,Black
10349,Mitsubishi,Pajero iO,2000.0,SUV,Petrol,2.0,60273.0,4.0,Automatic,AWD,Silver
10036,Toyota,Prius,2008.0,Hatchback,Petrol,1.5,8078.0,4.0,Automatic,FWD,White
20071,Kia,Optima,2016.0,Sedan,Petrol,2.0,18696.0,4.0,Automatic,FWD,White
14500,Nissan,Serena,2010.0,Van,Petrol,2.0,68609.0,4.0,Automatic,FWD,Red
3920,Subaru,XV,2014.0,SUV,Hybrid,2.0,76722.0,4.0,Automatic,AWD,White
7837,Kia,Sportage,2008.0,SUV,Diesel,2.0,117645.0,4.0,Automatic,FWD,Black
6899,Hyundai,Sonata,2013.0,Sedan,Petrol,2.0,42647.0,4.0,Automatic,FWD,Silver
18422,Toyota,Aqua,2013.0,Hatchback,Petrol,1.5,14216.0,4.0,Automatic,FWD,Silver
14113,Hyundai,Elantra,2012.0,Sedan,Petrol,1.8,70588.0,4.0,Automatic,FWD,White
38574,Hyundai,H1,2015.0,Wagon,Petrol,2.5,82220.0,4.0,Automatic,FWD,Silver
16308,Toyota,Prius,2018.0,Sedan,Hybrid,1.8,10294.0,4.0,Automatic,FWD,Red
16935,Volkswagen,Passat,2013.0,Sedan,Petrol,2.5,52196.0,6.0,Automatic,FWD,White
7840,Chevrolet,Captiva,2008.0,SUV,Diesel,2.0,33727.0,4.0,Automatic,FWD,White
53420,Hyundai,Santa Fe,2017.0,SUV,Diesel,2.0,48543.0,4.0,Automatic,FWD,Silver
10349,Kia,Optima,2013.0,Sedan,Petrol,2.0,31279.0,4.0,Automatic,FWD,White
11447,Toyota,Camry,2018.0,Sedan,Petrol,2.5,19825.0,4.0,Automatic,FWD,Blue
21953,Toyota,Prius,2012.0,Hatchback,Hybrid,1.8,123281.0,4.0,Automatic,FWD,Gray
33500,Chevrolet,Malibu,2018.0,Sedan,Petrol,1.5,4039.0,4.0,Automatic,FWD,Gray
22894,Toyota,Camry,2012.0,Sedan,Petrol,2.5,46603.0,4.0,Automatic,FWD,White
19757,Toyota,Prius,2014.0,Hatchback,Hybrid,1.8,105385.0,4.0,Automatic,FWD,Silver
46991,Hyundai,Santa Fe,2016.0,SUV,Diesel,2.0,121748.0,4.0,Automatic,FWD,White
43905,Toyota,Avalon,2014.0,Sedan,Hybrid,2.5,22805.0,4.0,Automatic,FWD,Gray
12231,Ford,Transit,2004.0,Van,Diesel,2.0,77672.0,4.0,Manual,FWD,Blue
13172,Chevrolet,Volt,2017.0,Hatchback,Hybrid,1.5,47984.0,4.0,Automatic,FWD,Silver
35752,Hyundai,Tucson,2016.0,SUV,Petrol,2.0,19263.0,4.0,Automatic,FWD,Black
18817,Toyota,Prius V,2012.0,Hatchback,Hybrid,1.8,42779.0,4.0,Automatic,FWD,Red
30750,Hyundai,H1,2014.0,Van,Diesel,2.5,71753.0,4.0,Automatic,FWD,White
8163,Toyota,Aqua,2015.0,Hatchback,Hybrid,1.5,79433.0,4.0,Automatic,FWD,Silver
47217,Hyundai,H1,2017.0,Wagon,Diesel,2.5,69919.0,4.0,Automatic,FWD,Gray
40983,Hyundai,Santa Fe,2013.0,SUV,Diesel,2.0,59031.0,4.0,Automatic,FWD,Black
23521,BMW,3 Series,2014.0,Sedan,Petrol,2.0,36148.0,4.0,Automatic,RWD,Black
16935,Lexus,CT 200h,2015.0,Hatchback,Hybrid,1.8,58999.0,4.0,Automatic,FWD,White
42692,Hyundai,Santa Fe,2014.0,SUV,Diesel,2.0,97936.0,4.0,Automatic,FWD,Black
10000,Mitsubishi,Pajero iO,2001.0,SUV,Petrol,2.0,60895.0,4.0,Automatic,AWD,Silver
8467,Kia,Optima,2013.0,Sedan,Petrol,2.0,38439.0,4.0,Automatic,FWD,Silver
14113,Toyota,Prius,2010.0,Hatchback,Hybrid,1.8,105385.0,4.0,Automatic,FWD,Silver
9408,Volkswagen,Passat,2012.0,Sedan,Petrol,2.5,111350.0,6.0,Automatic,FWD,Red
21326,Toyota,Prius,2012.0,Sedan,Hybrid,1.8,73322.0,4.0,Automatic,FWD,Gray
10976,Honda,Fit,2010.0,Hatchback,Petrol,1.5,1243.0,4.0,Automatic,FWD,Blue
22894,Hyundai,H1,2011.0,Van,Diesel,2.5,77326.0,4.0,Automatic,FWD,Gold
19444,Toyota,Prius,2013.0,Hatchback,Hybrid,1.8,56670.0,4.0,Automatic,FWD,Blue
9095,Ford,Focus,2012.0,Hatchback,Petrol,2.0,86495.0,4.0,Automatic,FWD,Gray
18817,Toyota,Prius,2014.0,Hatchback,Hybrid,1.8,73854.0,4.0,Automatic,FWD,White
20385,Toyota,Prius V,2011.0,Sedan,Hybrid,1.8,98798.0,4.0,Automatic,FWD,Silver
11967,Toyota,Aqua,2012.0,Hatchback,Petrol,1.5,108865.0,4.0,Automatic,FWD,Silver
38762,Honda,Fit,2017.0,Hatchback,Petrol,1.5,17043.0,4.0,Automatic,FWD,Red
42337,Toyota,Camry,2018.0,Sedan,Petrol,2.5,19018.0,4.0,Automatic,FWD,Blue
6115,Volkswagen,Jetta,2000.0,Sedan,Petrol,2.0,20506.0,4.0,Manual,FWD,Red
38157,Hyundai,Tucson,2017.0,SUV,Diesel,2.0,49710.0,4.0,Automatic,FWD,Gray
14740,Chevrolet,Malibu,2013.0,Sedan,Petrol,2.0,23733.0,4.0,Automatic,FWD,Black
20322,Hyundai,H1,2014.0,Van,Diesel,2.5,28231.0,4.0,Automatic,FWD,Gold
3136,Toyota,Camry,2012.0,Sedan,Hybrid,2.5,99034.0,4.0,Automatic,FWD,White
28589,Hyundai,Tucson,2014.0,SUV,Diesel,2.0,64471.0,4.0,Automatic,FWD,Black
15988,Toyota,Aqua,2013.0,Wagon,Hybrid,1.5,27679.0,4.0,Automatic,FWD,Gray
3450,Toyota,Camry,2019.0,Sedan,Hybrid,2.5,5982.0,4.0,Automatic,FWD,Black
4391,Toyota,Prius,2014.0,Hatchback,Hybrid,1.8,94401.0,4.0,Automatic,FWD,White
27654,Hyundai,Tucson,2011.0,SUV,Diesel,2.0,88257.0,4.0,Automatic,FWD,Black
18189,Toyota,Prius,2011.0,Hatchback,Hybrid,1.8,50332.0,6.0,Automatic,FWD,Silver
38445,Hyundai,Tucson,2016.0,SUV,Diesel,2.0,57469.0,4.0,Automatic,FWD,White
13328,Ford,Focus,2011.0,Sedan,Petrol,2.0,86495.0,4.0,Automatic,FWD,Red
43655,Hyundai,H1,2017.0,Wagon,Diesel,2.5,59725.0,4.0,Automatic,FWD,Silver
48998,Hyundai,Santa Fe,2014.0,SUV,Diesel,2.0,56556.0,4.0,Automatic,FWD,Black
15245,Hyundai,Genesis,2011.0,Coupe,Petrol,2.0,73007.0,4.0,Automatic,FWD,Gray
29420,Hyundai,Santa Fe,2013.0,SUV,Diesel,2.0,116818.0,4.0,Automatic,FWD,Gray
18211,Hyundai,Sonata,2012.0,Sedan,Petrol,2.0,93206.0,4.0,Automatic,FWD,Black
14113,Toyota,RAV4,2005.0,SUV,Petrol,2.0,77672.0,4.0,Automatic,AWD,White
13589,Chevrolet,Cruze,2014.0,Sedan,Diesel,2.0,104199.0,4.0,Automatic,FWD,Silver
39201,Lexus,CT 200h,2016.0,Hatchback,Hybrid,1.8,9321.0,4.0,Automatic,FWD,Black
18817,Toyota,Prius,2010.0,Sedan,Hybrid,1.8,113898.0,4.0,Automatic,FWD,Blue
60499,Honda,Civic,2018.0,Hatchback,Petrol,1.5,16929.0,4.0,Automatic,FWD,Black
20450,Volkswagen,Passat,2012.0,Sedan,Petrol,2.5,50403.0,4.0,Automatic,FWD,Black
12544,Toyota,Prius,2007.0,Sedan,Hybrid,1.5,83886.0,4.0,Automatic,FWD,Red
26795,Toyota,Aqua,2014.0,Hatchback,Hybrid,1.5,35077.0,4.0,Automatic,FWD,White
12231,Toyota,Aqua,2013.0,Hatchback,Hybrid,1.5,25477.0,4.0,Automatic,FWD,Gray
16960,Toyota,Aqua,2015.0,Hatchback,Petrol,1.5,50953.0,4.0,Automatic,FWD,White
42171,Hyundai,H1,2016.0,Wagon,Diesel,2.5,63590.0,4.0,Automatic,FWD,Silver
38311,Hyundai,Santa Fe,2014.0,SUV,Diesel,2.0,105130.0,4.0,Automatic,FWD,Gray
12541,Toyota,Prius,2013.0,Hatchback,Hybrid,1.8,55924.0,4.0,Automatic,FWD,Gray
8467,Toyota,Prius,2010.0,Sedan,Hybrid,1.8,118061.0,4.0,Automatic,FWD,Gray
36401,Hyundai,Tucson,2017.0,SUV,Diesel,2.0,92963.0,4.0,Automatic,FWD,Gray
12544,Volkswagen,Jetta,2012.0,Sedan,Petrol,2.5,6836.0,4.0,Automatic,RWD,Black
28391,Hyundai,H1,2014.0,Van,Diesel,2.5,89478.0,4.0,Automatic,FWD,Silver
3607,Toyota,Camry,2012.0,Sedan,Hybrid,2.5,97256.0,4.0,Automatic,FWD,White
27598,Toyota,C-HR,2018.0,SUV,Petrol,2.0,11654.0,4.0,Automatic,FWD,Red
15053,Ford,Transit,1996.0,Van,Diesel,2.5,116818.0,4.0,Manual,RWD,White
5488,Toyota,Camry,2014.0,Sedan,Hybrid,2.5,68226.0,4.0,Automatic,FWD,White
53154,Hyundai,Santa Fe,2016.0,SUV,Diesel,2.0,63575.0,4.0,Automatic,FWD,White
15367,Ford,Fusion,2014.0,Sedan,Petrol,2.0,74565.0,4.0,Automatic,FWD,White
45204,Honda,Civic,2016.0,Coupe,Petrol,2.0,33516.0,4.0,Automatic,FWD,Blue
3450,Lexus,CT 200h,2012.0,Hatchback,Hybrid,1.8,47490.0,4.0,Automatic,FWD,Silver
627,Lexus,CT 200h,2012.0,Hatchback,Hybrid,1.8,119728.0,4.0,Automatic,FWD,White
4861,Honda,Civic,2015.0,Sedan,Hybrid,1.5,30617.0,4.0,Automatic,FWD,Blue
43655,Hyundai,H1,2017.0,Wagon,Diesel,2.5,59725.0,4.0,Automatic,FWD,Silver
6272,Subaru,Forester,2011.0,SUV,Petrol,2.5,63380.0,4.0,Automatic,AWD,Black
18817,Kia,Optima,2012.0,Sedan,Petrol,2.0,27962.0,4.0,Automatic,FWD,Silver
22580,Toyota,Camry,2014.0,Sedan,Petrol,2.5,67109.0,4.0,Automatic,FWD,White
11290,Toyota,Prius C,2012.0,Sedan,Hybrid,1.5,62138.0,4.0,Automatic,FWD,Black
63349,Mazda,CX-5,2019.0,SUV,Petrol,2.5,35164.0,4.0,Automatic,AWD,Gray
23521,Mitsubishi,Outlander Sport,2013.0,SUV,Petrol,2.0,37780.0,4.0,Automatic,AWD,Black
4704,Nissan,Note,2005.0,Hatchback,Petrol,1.5,98177.0,4.0,Automatic,FWD,Black
25089,Toyota,Camry,2013.0,Sedan,Hybrid,2.5,46603.0,4.0,Automatic,FWD,Black
14113,Subaru,Outback,2007.0,Wagon,Petrol,2.5,89145.0,4.0,Automatic,AWD,Beige
1019,Hyundai,Elantra,2016.0,Sedan,Petrol,1.8,45374.0,4.0,Automatic,FWD,Black
17249,Hyundai,Elantra,2014.0,Sedan,Petrol,1.8,41011.0,4.0,Automatic,FWD,White
1725,Lexus,CT 200h,2013.0,Hatchback,Hybrid,1.8,116939.0,4.0,Automatic,FWD,Black
19130,Toyota,Prius,2012.0,Hatchback,Hybrid,1.8,114333.0,4.0,Automatic,FWD,White
36235,Toyota,Aqua,2017.0,Hatchback,Petrol,1.5,6960.0,4.0,Automatic,FWD,Silver
20385,Audi,other,2016.0,SUV,Petrol,2.0,46096.0,4.0,Automatic,FWD,Gray
7222,Hyundai,Sonata,2010.0,Sedan,Petrol,2.0,69895.0,4.0,Automatic,FWD,White
36636,Hyundai,H1,2014.0,Van,Diesel,2.5,77578.0,4.0,Automatic,FWD,Silver
6200,Volkswagen,Jetta,2003.0,Sedan,Petrol,2.0,34176.0,4.0,Manual,FWD,Silver
22279,Chevrolet,Orlando,2014.0,SUV,Diesel,2.0,61246.0,4.0,Automatic,FWD,Silver
1646,Dodge,Caliber,2011.0,Hatchback,Petrol,2.0,104494.0,4.0,Automatic,FWD,Orange
7527,Chevrolet,Cruze,2014.0,Sedan,Petrol,1.8,94449.0,4.0,Automatic,FWD,White
3450,Toyota,Camry,2019.0,Sedan,Hybrid,2.5,5982.0,4.0,Automatic,FWD,Black
9722,Toyota,Camry,2018.0,Sedan,Hybrid,2.5,79235.0,4.0,Automatic,FWD,Black
15681,Hyundai,Elantra,2012.0,Sedan,Petrol,1.8,53314.0,4.0,Automatic,FWD,White
17158,Chevrolet,Orlando,2013.0,SUV,Diesel,2.0,110520.0,4.0,Automatic,FWD,Silver
37232,Hyundai,Santa Fe,2015.0,SUV,Diesel,2.0,115089.0,4.0,Automatic,FWD,Black
35269,Hyundai,H1,2015.0,Wagon,Diesel,2.5,78931.0,4.0,Automatic,FWD,White
6586,Toyota,Prius,2009.0,Hatchback,Hybrid,1.5,107630.0,4.0,Automatic,FWD,White
14113,Toyota,Aqua,2014.0,Hatchback,Hybrid,1.5,59031.0,4.0,Automatic,FWD,Brown
7213,Subaru,Outback,2007.0,Wagon,Petrol,2.0,117370.0,4.0,Automatic,AWD,Blue
19757,Hyundai,Elantra,2019.0,Sedan,Petrol,2.0,6151.0,4.0,Automatic,FWD,White
16621,Hyundai,Elantra,2014.0,Sedan,Petrol,1.8,37531.0,4.0,Automatic,FWD,White
16308,Hyundai,Sonata,2013.0,Sedan,Petrol,2.0,120677.0,4.0,Automatic,FWD,Black
4547,Hyundai,Elantra,2017.0,Sedan,Petrol,2.0,72063.0,4.0,Automatic,FWD,White
13799,Ford,Fusion,2014.0,Sedan,Hybrid,2.0,60850.0,4.0,Automatic,FWD,Red
12544,Volkswagen,Jetta,2011.0,Sedan,Petrol,2.5,51574.0,5.0,Automatic,FWD,Black
21326,Toyota,Camry,2013.0,Sedan,Petrol,2.5,44739.0,4.0,Automatic,FWD,Silver
26306,Hyundai,Tucson,2014.0,SUV,Diesel,2.0,94489.0,4.0,Automatic,FWD,Silver
7310,Toyota,Aqua,2012.0,Hatchback,Hybrid,1.5,94379.0,4.0,Automatic,FWD,Black
12858,Mercedes-Benz,GLA,2015.0,SUV,Petrol,2.0,99375.0,4.0,Automatic,FWD,Black
15035,Hyundai,Sonata,2012.0,Sedan,Petrol,2.0,81790.0,4.0,Automatic,FWD,Black
15367,Hyundai,Sonata,2015.0,Sedan,Petrol,2.0,31861.0,4.0,Automatic,FWD,Silver
32274,Hyundai,Elantra,2016.0,Sedan,Petrol,1.8,54748.0,4.0,Automatic,FWD,White
24433,Hyundai,H1,2014.0,Van,Diesel,2.5,79536.0,4.0,Automatic,FWD,Gray
34497,Toyota,Camry,2016.0,Sedan,Petrol,2.5,36661.0,6.0,Automatic,FWD,Black
57077,Toyota,Camry,2018.0,Sedan,Petrol,2.5,11807.0,4.0,Automatic,FWD,Black
9829,Chevrolet,Cruze,2011.0,Sedan,Petrol,1.8,102394.0,4.0,Automatic,FWD,Black
941,Honda,Fit,2013.0,Hatchback,Petrol,1.5,105923.0,4.0,Automatic,FWD,Silver
28391,Hyundai,H1,2014.0,Van,Diesel,2.5,89478.0,4.0,Automatic,FWD,Silver
38838,Hyundai,Santa Fe,2016.0,SUV,Diesel,2.0,105716.0,4.0,Automatic,FWD,Black
26196,Hyundai,H1,2010.0,Van,Diesel,2.5,28447.0,4.0,Automatic,FWD,Black
1882,Volkswagen,Jetta,2013.0,Sedan,Petrol,2.5,114843.0,5.0,Automatic,FWD,White
706,Toyota,Camry,2014.0,Sedan,Hybrid,2.5,71652.0,4.0,Automatic,FWD,Gray
53154,Hyundai,Santa Fe,2016.0,SUV,Diesel,2.0,74093.0,4.0,Automatic,FWD,Blue
549,Lexus,CT 200h,2011.0,Hatchback,Hybrid,1.8,51817.0,4.0,Automatic,FWD,Black
17405,Hyundai,Elantra,2015.0,Sedan,Petrol,1.8,59652.0,4.0,Automatic,FWD,Silver
18817,Hyundai,Elantra,2014.0,Sedan,Petrol,1.8,80530.0,4.0,Automatic,FWD,Gray
1490,Lexus,CT 200h,2012.0,Hatchback,Hybrid,1.8,108185.0,4.0,Automatic,FWD,White
37959,Honda,Civic,2016.0,Sedan,Petrol,1.5,33947.0,4.0,Automatic,FWD,Black
27679,Toyota,Aqua,2012.0,Hatchback,Petrol,1.5,43434.0,4.0,Automatic,FWD,Black
941,Volkswagen,Jetta,2014.0,Sedan,Diesel,1.8,43029.0,4.0,Automatic,FWD,Blue
1725,BMW,3 Series,2013.0,Sedan,Petrol,2.0,117601.0,4.0,Automatic,RWD,Black
8467,Nissan,Tiida,2005.0,Sedan,Petrol,1.5,95825.0,4.0,Automatic,FWD,Silver
18189,Hyundai,Elantra,2016.0,Sedan,Petrol,2.0,33139.0,4.0,Automatic,FWD,Silver
24932,Hyundai,H1,2010.0,Van,Diesel,2.5,52611.0,4.0,Automatic,FWD,Silver
3293,Audi,A4,2014.0,Sedan,Petrol,2.0,76827.0,4.0,Automatic,AWD,Blue
43049,Hyundai,Santa Fe,2016.0,SUV,Diesel,2.0,75262.0,4.0,Automatic,FWD,White
8781,Toyota,Aqua,2012.0,Sedan,Hybrid,1.5,54060.0,4.0,Automatic,FWD,Black
10976,Subaru,Outback,2005.0,Wagon,Petrol,2.5,105634.0,4.0,Automatic,AWD,Black
42538,Honda,Fit,2017.0,Hatchback,Petrol,1.5,5593.0,4.0,Automatic,FWD,Black
20764,Hyundai,Santa Fe,2012.0,SUV,Diesel,2.0,123632.0,4.0,Automatic,FWD,White
21181,Hyundai,Tucson,2011.0,SUV,Diesel,2.0,87289.0,4.0,Automatic,FWD,White
17092,Hyundai,Tucson,2012.0,SUV,Diesel,2.0,32124.0,4.0,Automatic,FWD,Gray
11481,Toyota,Aqua,2016.0,Hatchback,Hybrid,1.5,56428.0,4.0,Automatic,FWD,Blue
18189,Mazda,Mazda6,2014.0,Sedan,Petrol,2.5,80157.0,4.0,Automatic,FWD,Black
784,Chevrolet,Volt,2017.0,Hatchback,Hybrid,1.5,50605.0,4.0,Automatic,FWD,Black
32929,Toyota,Camry,2017.0,Sedan,Petrol,2.5,44739.0,6.0,Automatic,FWD,Black
6272,Chevrolet,Captiva,2007.0,SUV,Diesel,2.0,49090.0,4.0,Automatic,FWD,Silver
14113,Honda,Fit,2010.0,Hatchback,Petrol,1.5,103148.0,4.0,Automatic,FWD,Gray
18948,Chevrolet,Cruze,2012.0,Sedan,Petrol,1.8,37904.0,4.0,Automatic,FWD,Gray
6241,Chevrolet,Cruze,2010.0,Sedan,Diesel,2.0,41937.0,4.0,Automatic,FWD,Gray
8154,Subaru,Legacy,2003.0,Sedan,Petrol,2.0,100041.0,4.0,Manual,AWD,Blue
13799,Toyota,Aqua,2014.0,Hatchback,Hybrid,1.5,100663.0,4.0,Automatic,FWD,Silver
18817,Toyota,Prius C,2013.0,Sedan,Petrol,1.5,40390.0,4.0,Automatic,FWD,Blue
30784,Hyundai,H1,2014.0,Van,Diesel,2.5,84949.0,4.0,Automatic,FWD,Silver
44878,Hyundai,Santa Fe,2014.0,SUV,Diesel,2.0,43500.0,4.0,Automatic,FWD,White
33575,Hyundai,H1,2014.0,Van,Diesel,2.5,93206.0,4.0,Automatic,FWD,Gray
1725,Lexus,CT 200h,2013.0,Hatchback,Hybrid,1.8,116939.0,4.0,Automatic,FWD,Black
549,Hyundai,Elantra,2013.0,Sedan,Petrol,1.8,88374.0,4.0,Automatic,FWD,Gray
45473,Toyota,RAV4,2016.0,SUV,Petrol,2.5,39768.0,4.0,Automatic,AWD,Gray
14583,Toyota,Camry,2013.0,Sedan,Hybrid,2.5,81649.0,4.0,Automatic,FWD,Blue
7527,Hyundai,Sonata,2011.0,Sedan,Petrol,2.0,28335.0,4.0,Automatic,FWD,Silver
4704,Mercedes-Benz,E-Class,1995.0,Sedan,Petrol,2.0,69042.0,4.0,Manual,RWD,Blue
37633,Toyota,Prius,2017.0,Sedan,Hybrid,1.8,20506.0,4.0,Automatic,FWD,Blue
24543,Hyundai,Tucson,2012.0,SUV,Diesel,2.0,94446.0,4.0,Automatic,FWD,Gray
28225,Toyota,RAV4,2014.0,SUV,Petrol,2.5,92166.0,4.0,Automatic,AWD,Gray
11200,Toyota,Camry,2013.0,Sedan,Petrol,2.5,49710.0,4.0,Automatic,FWD,Black
14269,Toyota,Prius,2010.0,Hatchback,Hybrid,1.8,100041.0,4.0,Automatic,FWD,Silver
13485,Hyundai,Santa Fe,2010.0,SUV,Diesel,2.0,27262.0,4.0,Automatic,FWD,Black
16308,Toyota,Prius,2010.0,Hatchback,Hybrid,1.8,100663.0,4.0,Automatic,FWD,Black
8781,Ford,Fusion,2016.0,Sedan,Hybrid,2.0,98611.0,4.0,Automatic,FWD,Gray
6115,Chevrolet,Captiva,2007.0,SUV,Diesel,2.0,50616.0,4.0,Automatic,FWD,Silver
10976,Toyota,Aqua,2014.0,Hatchback,Petrol,1.5,22991.0,4.0,Automatic,FWD,Silver
4000,Ford,Transit,1991.0,Van,Diesel,2.5,3052.0,4.0,Manual,RWD,Orange
51075,Hyundai,Tucson,2017.0,SUV,Diesel,2.0,53153.0,4.0,Automatic,FWD,Black
14294,Hyundai,Genesis,2009.0,Coupe,Petrol,2.0,94935.0,4.0,Automatic,FWD,Gray
18817,Honda,Fit,2019.0,Hatchback,Petrol,1.5,952.0,4.0,Automatic,FWD,White
7370,Kia,Sportage,2007.0,SUV,Diesel,2.0,42950.0,4.0,Automatic,FWD,Black
5488,Toyota,C-HR,2019.0,SUV,Petrol,2.0,48731.0,4.0,Automatic,FWD,Red
3607,Hyundai,Sonata,2011.0,Sedan,Petrol,2.0,105488.0,4.0,Automatic,FWD,Silver
23339,Chevrolet,Captiva,2014.0,SUV,Diesel,2.0,89114.0,4.0,Automatic,FWD,White
16308,Hyundai,Elantra,2014.0,Sedan,Petrol,1.8,69594.0,4.0,Automatic,FWD,White
14113,Chevrolet,Malibu,2015.0,Sedan,Petrol,2.0,20527.0,4.0,Automatic,FWD,Black
5018,Toyota,Camry,2013.0,Sedan,Hybrid,2.5,118402.0,4.0,Automatic,FWD,Black
12544,Subaru,Forester,2012.0,SUV,Petrol,2.5,85750.0,4.0,Automatic,AWD,White
34127,Chevrolet,Orlando,2015.0,SUV,Diesel,2.0,37904.0,4.0,Automatic,FWD,Blue
1176,Honda,Civic,2015.0,Sedan,Petrol,1.8,37687.0,4.0,Automatic,FWD,Gray
44843,Hyundai,H1,2016.0,Wagon,Diesel,2.5,83070.0,4.0,Automatic,FWD,Gray
10192,Hyundai,Sonata,2014.0,Sedan,Petrol,2.0,39520.0,4.0,Automatic,FWD,Silver
51432,Toyota,Camry,2018.0,Sedan,Petrol,2.5,38774.0,4.0,Automatic,FWD,White
18817,Toyota,Prius,2012.0,Sedan,Hybrid,1.8,117440.0,6.0,Automatic,FWD,White
6586,Toyota,C-HR,2019.0,SUV,Petrol,2.0,12408.0,4.0,Automatic,FWD,White
17415,Hyundai,H1,2009.0,Van,Diesel,2.5,47217.0,4.0,Automatic,FWD,Black
23834,Hyundai,Elantra,2013.0,Sedan,Petrol,1.8,104603.0,4.0,Automatic,FWD,Blue
784,Toyota,RAV4,2018.0,Sedan,Petrol,2.5,36760.0,4.0,Automatic,FWD,Gray
2587,Hyundai,Elantra,2017.0,Sedan,Petrol,2.0,52688.0,4.0,Automatic,FWD,Black
27190,Chevrolet,Malibu,2013.0,Sedan,Petrol,2.0,74037.0,4.0,Automatic,FWD,White
13642,Hyundai,Santa Fe,2011.0,SUV,Diesel,2.0,47219.0,4.0,Automatic,FWD,Gray
44611,Honda,Civic,2016.0,Sedan,Petrol,2.0,27909.0,4.0,Automatic,FWD,Silver
13799,Toyota,Prius,2008.0,Hatchback,Hybrid,1.5,95692.0,4.0,Automatic,FWD,White
706,Audi,A4,2014.0,Sedan,Petrol,2.0,100682.0,4.0,Automatic,FWD,Black
28523,Hyundai,Elantra,2011.0,Sedan,Petrol,1.8,50953.0,4.0,Automatic,FWD,Black
5645,Subaru,XV,2013.0,Sedan,Petrol,2.0,65569.0,4.0,Automatic,AWD,Blue
37291,Hyundai,Tucson,2016.0,SUV,Diesel,2.0,90184.0,4.0,Automatic,FWD,White
13172,Toyota,Camry,2016.0,Sedan,Petrol,2.5,94103.0,4.0,Automatic,FWD,Gray
7213,Subaru,other,2019.0,Sedan,Petrol,2.0,3967.0,4.0,Automatic,AWD,Blue
88438,Hyundai,Santa Fe,2020.0,SUV,Petrol,2.0,7664.0,4.0,Automatic,FWD,Blue
18779,Hyundai,Tucson,2011.0,SUV,Diesel,2.0,98552.0,4.0,Automatic,FWD,Silver
31659,Honda,Civic,2016.0,Sedan,Petrol,2.0,51041.0,4.0,Automatic,FWD,Red
29144,Hyundai,Tucson,2016.0,SUV,Diesel,2.0,29529.0,4.0,Automatic,FWD,White
3136,Toyota,Camry,2012.0,Sedan,Hybrid,2.5,99034.0,4.0,Automatic,FWD,White
7056,Hyundai,Sonata,2011.0,Sedan,Petrol,2.0,53077.0,4.0,Automatic,FWD,White
41811,Hyundai,H1,2017.0,Wagon,Diesel,2.5,91121.0,4.0,Automatic,FWD,Black
30750,Hyundai,H1,2014.0,Van,Diesel,2.5,90855.0,4.0,Automatic,FWD,Silver
29793,Toyota,Camry,2014.0,Sedan,Hybrid,2.5,108368.0,4.0,Automatic,FWD,Gray
56814,Hyundai,Sonata,2017.0,Sedan,Petrol,2.0,41859.0,4.0,Automatic,FWD,Black
26030,Volkswagen,Passat,2016.0,Sedan,Petrol,1.8,46603.0,4.0,Automatic,FWD,Blue
10506,Subaru,XV,2014.0,Sedan,Petrol,2.0,88366.0,4.0,Automatic,AWD,Black
21012,Toyota,Prius,2013.0,Sedan,Petrol,1.8,79536.0,4.0,Automatic,FWD,Blue
19757,Ford,Focus,2016.0,Hatchback,Petrol,2.0,18642.0,4.0,Automatic,FWD,Red
21326,Toyota,Camry,2012.0,Sedan,Petrol,2.5,62138.0,4.0,Automatic,FWD,Gray
11133,Toyota,Camry,2014.0,Sedan,Hybrid,2.5,111463.0,4.0,Automatic,FWD,Black
8781,BMW,5 Series,1998.0,Sedan,Petrol,2.5,110605.0,6.0,Manual,RWD,Beige
7213,Volkswagen,Passat,1999.0,Sedan,Petrol,1.8,114333.0,4.0,Manual,FWD,Silver
28755,Hyundai,Tucson,2015.0,SUV,Diesel,2.0,93754.0,4.0,Automatic,FWD,White
63886,Hyundai,Sonata,2020.0,Sedan,Petrol,2.0,3297.0,4.0,Automatic,FWD,Silver
9722,Toyota,Camry,2018.0,Sedan,Hybrid,2.5,79235.0,4.0,Automatic,FWD,Black
11917,Toyota,Prius C,2012.0,Hatchback,Hybrid,1.5,97556.0,3.0,Automatic,FWD,Silver
21326,Toyota,Camry,2012.0,Sedan,Petrol,2.5,62324.0,6.0,Automatic,FWD,Gray
25402,BMW,3 Series,2013.0,Sedan,Petrol,2.0,93206.0,4.0,Automatic,AWD,Black
61154,Toyota,RAV4,2017.0,SUV,Hybrid,2.5,44263.0,4.0,Automatic,AWD,White
7997,Hyundai,Elantra,2018.0,Sedan,Petrol,2.0,13105.0,4.0,Automatic,FWD,Red
28225,Toyota,RAV4,2015.0,SUV,Petrol,2.5,92597.0,4.0,Automatic,AWD,Gray
18817,Hyundai,Elantra,2013.0,Sedan,Petrol,1.8,71458.0,4.0,Automatic,FWD,White
7500,Toyota,VOXY,2005.0,Van,Petrol,2.0,11496.0,4.0,Automatic,AWD,Black
22075,Toyota,Aqua,2012.0,Wagon,Hybrid,1.5,32595.0,4.0,Automatic,FWD,White
22197,Toyota,Aqua,2012.0,Hatchback,Petrol,1.5,31069.0,4.0,Automatic,FWD,Black
34811,Toyota,RAV4,2013.0,SUV,Petrol,2.5,75435.0,4.0,Automatic,FWD,Gray
13808,Hyundai,H1,2010.0,SUV,Diesel,2.5,40819.0,4.0,Automatic,FWD,Silver
50037,Hyundai,Santa Fe,2016.0,SUV,Diesel,2.0,75747.0,4.0,Automatic,FWD,Black
6586,Toyota,Prius,2007.0,Sedan,Hybrid,1.5,98258.0,4.0,Automatic,FWD,Brown
37633,Toyota,RAV4,2017.0,SUV,Petrol,2.5,14559.0,4.0,Automatic,FWD,Beige
19444,Toyota,Prius,2013.0,Sedan,Hybrid,1.8,87370.0,4.0,Automatic,FWD,Gray
15681,Volkswagen,Jetta,2013.0,Sedan,Petrol,2.5,50456.0,5.0,Manual,FWD,Silver
26108,Hyundai,Tucson,2010.0,SUV,Diesel,2.0,72306.0,4.0,Automatic,FWD,Gray
5331,Chevrolet,Captiva,2007.0,SUV,Diesel,2.0,31851.0,4.0,Automatic,FWD,Black
17200,Chevrolet,Trax,2022.0,SUV,Petrol,1.2,46400.0,3.0,Automatic,FWD,Gray
21000,Lexus,IS 300,2018.0,Sedan,Petrol,2.0,89900.0,4.0,Automatic,RWD,Black
19700,Kia,Sportage,2023.0,SUV,Petrol,2.4,32700.0,4.0,Automatic,AWD,Silver
7300,Volkswagen,Jetta,2016.0,Sedan,Petrol,1.5,138600.0,4.0,Automatic,FWD,Black
29300,Ford,F-150,2018.0,Pickup,Petrol,3.5,76800.0,6.0,Automatic,AWD,Silver
20700,Volkswagen,Jetta,2023.0,Sedan,Petrol,1.5,8500.0,4.0,Automatic,FWD,White
23600,Toyota,Tacoma,2017.0,Pickup,Petrol,3.5,130400.0,6.0,Automatic,RWD,Gray
23600,Honda,CR-V,2020.0,SUV,Petrol,1.5,69900.0,4.0,Automatic,FWD,Blue
22800,Hyundai,Tucson,2022.0,SUV,Petrol,2.5,52200.0,4.0,Automatic,AWD,White
33300,Toyota,Prius,2025.0,Hatchback,Hybrid,1.8,4100.0,4.0,Automatic,FWD,Silver
30700,Toyota,Prius,2024.0,Hatchback,Hybrid,1.8,16100.0,4.0,Automatic,AWD,Blue
14800,Ford,Fusion Hybrid,2020.0,Sedan,Hybrid,2.0,89900.0,4.0,Automatic,FWD,White
41700,Lexus,RX 350,2022.0,SUV,Petrol,3.5,46100.0,6.0,Automatic,AWD,Black
46300,Lexus,RX 350,2022.0,SUV,Petrol,3.5,47000.0,6.0,Automatic,AWD,Gray
26700,Hyundai,Ioniq 5,2024.0,SUV,Electric,0.0,36400.0,0.0,Automatic,RWD,Silver
29600,Toyota,RAV4,2023.0,SUV,Petrol,2.5,37800.0,4.0,Automatic,AWD,Silver
19200,Nissan,Sentra,2024.0,Sedan,Petrol,2.0,2200.0,4.0,Automatic,FWD,Gray
46800,Ford,F-150,2023.0,Pickup,Petrol,3.5,31300.0,6.0,Automatic,RWD,Silver
40300,Audi,A4,2024.0,Sedan,Petrol,2.0,26200.0,4.0,Automatic,AWD,Silver
25400,Subaru,Forester,2022.0,SUV,Petrol,2.5,60200.0,4.0,Automatic,AWD,White
19800,Ford,Fusion Hybrid,2022.0,Sedan,Hybrid,2.0,30600.0,4.0,Automatic,FWD,Silver
18800,Hyundai,Elantra,2025.0,Sedan,Petrol,2.0,10200.0,4.0,Automatic,FWD,Blue
27600,Honda,CR-V,2022.0,SUV,Petrol,1.5,69500.0,4.0,Automatic,FWD,White
20600,Nissan,Sentra,2024.0,Sedan,Petrol,2.0,32100.0,4.0,Automatic,FWD,Red
25200,Toyota,Camry Hybrid,2021.0,Sedan,Hybrid,2.5,47300.0,4.0,Automatic,FWD,Black
22400,Toyota,Corolla,2024.0,Sedan,Petrol,2.0,13700.0,4.0,Automatic,FWD,White
12500,Jeep,Compass,2020.0,SUV,Petrol,2.4,106500.0,4.0,Automatic,FWD,Silver
28000,Toyota,Prius,2022.0,Hatchback,Hybrid,1.8,26200.0,4.0,Automatic,AWD,Black
16800,Nissan,Sentra,2024.0,Sedan,Petrol,2.0,23700.0,4.0,Automatic,FWD,Black
20058,Chevrolet,Trax,2024.0,SUV,Petrol,1.2,28500.0,3.0,Automatic,FWD,Black
16200,Nissan,Leaf,2022.0,Hatchback,Electric,0.0,49500.0,0.0,Automatic,FWD,Black
23600,Subaru,Forester,2022.0,SUV,Petrol,2.5,98600.0,4.0,Automatic,AWD,Red
39000,BMW,3 Series,2024.0,Sedan,Petrol,2.0,25000.0,4.0,Automatic,RWD,Blue
20700,Honda,Civic,2021.0,Sedan,Petrol,2.0,54000.0,4.0,Automatic,FWD,Black
20900,Ford,Fusion Hybrid,2023.0,Sedan,Hybrid,2.0,19900.0,4.0,Automatic,FWD,White
15700,Kia,Sportage,2022.0,SUV,Petrol,2.4,83300.0,4.0,Automatic,AWD,White
20100,Subaru,Forester,2019.0,SUV,Petrol,2.5,69400.0,4.0,Automatic,AWD,Blue
24500,Subaru,Forester,2021.0,SUV,Petrol,2.5,62700.0,4.0,Automatic,AWD,Silver
21742,Chevrolet,Trax,2024.0,SUV,Petrol,1.2,15800.0,3.0,Automatic,FWD,Black
34900,Toyota,RAV4,2023.0,SUV,Petrol,2.5,12700.0,4.0,Automatic,FWD,White
20200,Jeep,Compass,2022.0,SUV,Petrol,2.4,62100.0,4.0,Automatic,AWD,White
9100,Hyundai,Elantra,2017.0,Sedan,Petrol,2.0,108900.0,4.0,Automatic,FWD,Blue
28900,Jeep,Compass,2025.0,SUV,Petrol,2.4,8500.0,4.0,Automatic,AWD,Red
30700,Toyota,Prius,2024.0,Hatchback,Hybrid,1.8,17800.0,4.0,Automatic,AWD,Silver
17300,Ford,Edge,2020.0,SUV,Petrol,2.0,61100.0,4.0,Automatic,AWD,Black
23300,Lexus,RX 350,2017.0,SUV,Petrol,3.5,68600.0,6.0,Automatic,FWD,White
23700,Ford,Fusion Hybrid,2023.0,Sedan,Hybrid,2.0,34700.0,4.0,Automatic,FWD,Silver
35100,Toyota,RAV4,2025.0,SUV,Petrol,2.5,6600.0,4.0,Automatic,FWD,Blue
26800,Toyota,RAV4,2021.0,SUV,Petrol,2.5,55100.0,4.0,Automatic,FWD,Red
31400,Toyota,RAV4,2023.0,SUV,Petrol,2.5,43700.0,4.0,Automatic,AWD,Green
23800,Toyota,Corolla,2023.0,Sedan,Petrol,2.0,12100.0,4.0,Automatic,FWD,Blue
17000,Hyundai,Elantra,2025.0,Sedan,Petrol,2.0,11900.0,4.0,Automatic,FWD,Black
38400,Toyota,RAV4,2024.0,SUV,Petrol,2.5,14100.0,4.0,Automatic,AWD,Black
20786,Toyota,Corolla,2024.0,Sedan,Petrol,2.0,13500.0,4.0,Automatic,FWD,Red
14200,Hyundai,Elantra,2022.0,Sedan,Petrol,2.0,36400.0,4.0,Automatic,FWD,Red
34400,Toyota,RAV4,2025.0,SUV,Petrol,2.5,19400.0,4.0,Automatic,AWD,White
16300,Volkswagen,Jetta,2021.0,Sedan,Petrol,1.5,50800.0,4.0,Automatic,FWD,Black
20800,Chevrolet,Silverado 1500,2015.0,Pickup,Petrol,5.3,118300.0,8.0,Automatic,RWD,Black
13500,Hyundai,Elantra,2021.0,Sedan,Petrol,2.0,71000.0,4.0,Automatic,FWD,Gray
24300,Hyundai,Santa Fe,2021.0,SUV,Petrol,2.5,74300.0,4.0,Automatic,AWD,Silver
23000,Hyundai,Tucson,2023.0,SUV,Petrol,2.5,50500.0,4.0,Automatic,FWD,Silver
18600,Honda,Civic,2021.0,Sedan,Petrol,2.0,80900.0,4.0,Automatic,FWD,Gray
28900,Hyundai,Ioniq 5,2024.0,SUV,Electric,0.0,5600.0,0.0,Automatic,RWD,Gray
27200,Toyota,Tacoma,2017.0,Pickup,Petrol,3.5,97800.0,6.0,Automatic,RWD,Gray
19200,Toyota,Corolla,2023.0,Sedan,Petrol,2.0,43800.0,4.0,Automatic,FWD,Silver
17200,Ford,Fusion Hybrid,2022.0,Sedan,Hybrid,2.0,61800.0,4.0,Automatic,FWD,Silver
23300,Toyota,Corolla,2024.0,Sedan,Petrol,2.0,18400.0,4.0,Automatic,FWD,Gray
10900,Nissan,Frontier,2015.0,Pickup,Petrol,3.8,200200.0,6.0,Automatic,RWD,Red
19300,Nissan,Sentra,2024.0,Sedan,Petrol,2.0,12300.0,4.0,Automatic,FWD,Silver
27000,Lexus,IS 300,2021.0,Sedan,Petrol,2.0,75900.0,4.0,Automatic,RWD,Gray
18600,Nissan,Sentra,2024.0,Sedan,Petrol,2.0,28000.0,4.0,Automatic,FWD,Silver
22100,Toyota,Corolla,2024.0,Sedan,Petrol,2.0,20200.0,4.0,Automatic,FWD,Black
25000,Toyota,Camry,2020.0,Sedan,Petrol,2.5,55800.0,4.0,Automatic,AWD,Black
34800,Hyundai,Santa Fe,2024.0,SUV,Petrol,2.5,12600.0,4.0,Automatic,AWD,Silver
25000,Hyundai,Tucson,2024.0,SUV,Petrol,2.5,22500.0,4.0,Automatic,FWD,Silver
30300,Toyota,Prius,2022.0,Hatchback,Hybrid,1.8,32100.0,4.0,Automatic,AWD,Gray
31100,Subaru,Forester,2024.0,SUV,Petrol,2.5,17000.0,4.0,Automatic,AWD,Silver
32900,Hyundai,Ioniq 5,2025.0,SUV,Electric,0.0,10500.0,0.0,Automatic,AWD,White
19300,Hyundai,Elantra,2023.0,Sedan,Petrol,2.0,23300.0,4.0,Automatic,FWD,Black
16400,Honda,CR-V,2016.0,SUV,Petrol,1.5,500.0,4.0,Automatic,AWD,White
37500,Honda,CR-V,2025.0,SUV,Petrol,1.5,9300.0,4.0,Automatic,FWD,White
30700,Toyota,RAV4,2023.0,SUV,Petrol,2.5,36800.0,4.0,Automatic,FWD,Silver
19385,Kia,K4,2025.0,Sedan,Petrol,2.0,7500.0,4.0,Automatic,FWD,Red
23600,Kia,Sportage,2024.0,SUV,Petrol,2.4,11000.0,4.0,Automatic,AWD,Black
20400,Chevrolet,Colorado,2017.0,Pickup,Petrol,3.6,95800.0,6.0,Automatic,RWD,Gray
17500,Volkswagen,Jetta,2023.0,Sedan,Petrol,1.5,51100.0,4.0,Automatic,FWD,Black
20300,Nissan,Rogue,2021.0,SUV,Petrol,1.5,67300.0,4.0,Automatic,AWD,Blue
22400,Jeep,Compass,2024.0,SUV,Petrol,2.4,16000.0,4.0,Automatic,AWD,Silver
40200,BMW,3 Series,2023.0,Sedan,Petrol,2.0,16800.0,4.0,Automatic,AWD,Black
22549,Toyota,Corolla,2025.0,Sedan,Petrol,2.0,13800.0,4.0,Automatic,FWD,Silver
19800,Subaru,Forester,2019.0,SUV,Petrol,2.5,64700.0,4.0,Automatic,AWD,Black
21900,Kia,K4,2025.0,Sedan,Petrol,2.0,3900.0,4.0,Automatic,FWD,White
29100,Hyundai,Santa Fe,2022.0,SUV,Petrol,2.5,49000.0,4.0,Automatic,AWD,Black
22700,Honda,Civic,2021.0,Sedan,Petrol,2.0,49200.0,4.0,Automatic,FWD,Silver
15500,Nissan,Frontier,2016.0,Pickup,Petrol,3.8,119200.0,6.0,Automatic,AWD,Black
18500,Toyota,Prius,2019.0,Hatchback,Hybrid,1.8,88400.0,4.0,Automatic,FWD,White
17900,Ford,Edge,2020.0,SUV,Petrol,2.0,42000.0,4.0,Automatic,AWD,Green
21700,Mazda,Mazda3,2021.0,Hatchback,Petrol,2.5,50500.0,4.0,Automatic,FWD,Black
37000,Tesla,Model Y,2024.0,SUV,Electric,0.0,14600.0,0.0,Automatic,AWD,White
18800,Nissan,Sentra,2024.0,Sedan,Petrol,2.0,23200.0,4.0,Automatic,FWD,White
16100,Hyundai,Santa Fe,2018.0,SUV,Petrol,2.5,89600.0,4.0,Automatic,FWD,Blue
20800,Audi,A4,2018.0,Sedan,Petrol,2.0,96400.0,4.0,Automatic,FWD,Silver
19312,Toyota,Corolla,2024.0,Sedan,Petrol,2.0,20300.0,4.0,Automatic,FWD,Black
28800,Audi,A4,2020.0,Sedan,Petrol,2.0,52100.0,4.0,Automatic,AWD,Black
25800,Toyota,Camry,2021.0,Sedan,Petrol,2.5,66300.0,4.0,Automatic,AWD,Black
17000,Chevrolet,Silverado 1500,2016.0,Pickup,Petrol,5.3,174500.0,8.0,Automatic,RWD,Red
19665,Chevrolet,Trax,2025.0,SUV,Petrol,1.2,4000.0,3.0,Automatic,FWD,Red
24500,Honda,CR-V,2019.0,SUV,Petrol,1.5,69600.0,4.0,Automatic,AWD,Black
16700,Nissan,Sentra,2024.0,Sedan,Petrol,2.0,21200.0,4.0,Automatic,FWD,Black
17300,Kia,K4,2022.0,Sedan,Petrol,2.0,31000.0,4.0,Automatic,FWD,Red
38800,Audi,A4,2025.0,Sedan,Petrol,2.0,7300.0,4.0,Automatic,AWD,Gray
30200,Toyota,Camry,2022.0,Sedan,Petrol,2.5,37400.0,4.0,Automatic,AWD,Gray
13100,Nissan,Rogue,2018.0,SUV,Petrol,1.5,81400.0,4.0,Automatic,FWD,Blue
20400,Hyundai,Elantra,2023.0,Sedan,Petrol,2.0,30000.0,4.0,Automatic,FWD,Silver
24700,Toyota,Tundra,2016.0,Pickup,Petrol,5.7,155000.0,8.0,Automatic,RWD,Gray
17500,Nissan,Leaf,2023.0,Hatchback,Electric,0.0,36200.0,0.0,Automatic,FWD,Silver
37100,Ford,F-150,2020.0,Pickup,Petrol,3.5,26200.0,6.0,Automatic,AWD,Blue
9500,Nissan,Rogue,2016.0,SUV,Petrol,1.5,77100.0,4.0,Automatic,FWD,Black
23700,Honda,Civic,2021.0,Sedan,Petrol,2.0,65300.0,4.0,Automatic,FWD,Silver
32600,Toyota,RAV4,2024.0,SUV,Petrol,2.5,18100.0,4.0,Automatic,AWD,Black
14100,Nissan,Sentra,2023.0,Sedan,Petrol,2.0,37300.0,4.0,Automatic,FWD,Red
23000,Subaru,Outback,2020.0,Wagon,Petrol,2.5,69800.0,4.0,Automatic,AWD,Black
23800,Honda,Civic,2023.0,Sedan,Petrol,2.0,28000.0,4.0,Automatic,FWD,Blue
16400,Hyundai,Elantra,2023.0,Sedan,Petrol,2.0,40000.0,4.0,Automatic,FWD,Silver
19900,Chevrolet,Silverado 1500,2017.0,Pickup,Petrol,5.3,126300.0,8.0,Automatic,RWD,Blue
18803,Nissan,Sentra,2025.0,Sedan,Petrol,2.0,500.0,4.0,Automatic,FWD,Silver
38000,Toyota,RAV4,2025.0,SUV,Petrol,2.5,10800.0,4.0,Automatic,AWD,White
33600,Toyota,Camry,2024.0,Sedan,Petrol,2.5,20700.0,4.0,Automatic,AWD,Black
16300,Chevrolet,Colorado,2017.0,Pickup,Petrol,3.6,144800.0,6.0,Automatic,AWD,Red
22500,Jeep,Compass,2024.0,SUV,Petrol,2.4,18700.0,4.0,Automatic,FWD,Black
19900,Toyota,Corolla,2023.0,Sedan,Petrol,2.0,28100.0,4.0,Automatic,FWD,Gray
26000,Toyota,Camry,2021.0,Sedan,Petrol,2.5,52300.0,4.0,Automatic,FWD,White
18400,Hyundai,Tucson,2019.0,SUV,Petrol,2.5,64400.0,4.0,Automatic,AWD,Silver
33000,Honda,CR-V,2024.0,SUV,Petrol,1.5,14200.0,4.0,Automatic,FWD,Black
22000,Chevrolet,Trax,2024.0,SUV,Petrol,1.2,5000.0,3.0,Automatic,FWD,Red
46600,Audi,A4,2025.0,Sedan,Petrol,2.0,5500.0,4.0,Automatic,FWD,Silver
36100,Toyota,Tacoma,2021.0,Pickup,Petrol,3.5,65000.0,6.0,Automatic,AWD,Silver
21200,Kia,Sportage,2025.0,SUV,Petrol,2.4,20900.0,4.0,Automatic,AWD,Black
27200,Ford,F-150,2017.0,Pickup,Petrol,3.5,88700.0,6.0,Automatic,AWD,Blue
24405,Toyota,Corolla,2025.0,Sedan,Petrol,2.0,9600.0,4.0,Automatic,FWD,Gray
44300,Ford,F-150,2023.0,Pickup,Petrol,3.5,39100.0,6.0,Automatic,RWD,Black
28200,Hyundai,Ioniq 5,2024.0,SUV,Electric,0.0,15000.0,0.0,Automatic,AWD,Black
23700,Volkswagen,Jetta,2024.0,Sedan,Petrol,1.5,12500.0,4.0,Automatic,FWD,Blue
31000,Toyota,Prius,2024.0,Hatchback,Hybrid,1.8,19400.0,4.0,Automatic,AWD,Blue
34400,Ford,F-150,2020.0,Pickup,Petrol,3.5,73600.0,6.0,Automatic,AWD,Red
9200,Volkswagen,Jetta,2016.0,Sedan,Petrol,1.5,88500.0,4.0,Automatic,FWD,Silver
28700,Mazda,Mazda3,2025.0,Hatchback,Petrol,2.5,11600.0,4.0,Automatic,FWD,Silver
31600,Mercedes-Benz,C-Class,2021.0,Sedan,Petrol,2.0,40500.0,4.0,Automatic,AWD,Red
23700,Toyota,Tacoma,2016.0,Pickup,Petrol,3.5,174000.0,6.0,Automatic,AWD,Brown
25100,Toyota,RAV4,2020.0,SUV,Petrol,2.5,51700.0,4.0,Automatic,AWD,Gray
24000,Ford,Edge,2025.0,SUV,Petrol,2.0,12600.0,4.0,Automatic,FWD,Blue
27400,Jeep,Compass,2025.0,SUV,Petrol,2.4,7700.0,4.0,Automatic,FWD,Black
34700,Audi,A4,2024.0,Sedan,Petrol,2.0,24200.0,4.0,Automatic,FWD,White
38800,Audi,A4,2024.0,Sedan,Petrol,2.0,22100.0,4.0,Automatic,AWD,White
19708,Hyundai,Elantra,2025.0,Sedan,Petrol,2.0,6000.0,4.0,Automatic,FWD,Silver
19200,Volkswagen,Jetta,2022.0,Sedan,Petrol,1.5,38600.0,4.0,Automatic,FWD,Blue
16000,Toyota,Prius,2019.0,Hatchback,Hybrid,1.8,94200.0,4.0,Automatic,FWD,White
14500,Kia,K4,2022.0,Sedan,Petrol,2.0,67200.0,4.0,Automatic,FWD,White
47600,Ford,F-150,2022.0,Pickup,Petrol,3.5,30900.0,6.0,Automatic,AWD,Silver
15800,Audi,A4,2017.0,Sedan,Petrol,2.0,131600.0,4.0,Automatic,FWD,Silver
24900,Hyundai,Santa Fe,2023.0,SUV,Petrol,2.5,35200.0,4.0,Automatic,AWD,Gray
9700,Hyundai,Elantra,2019.0,Sedan,Petrol,2.0,102200.0,4.0,Automatic,FWD,Black
31400,Tesla,Model 3,2024.0,Sedan,Electric,0.0,8900.0,0.0,Automatic,RWD,Gray
27900,Toyota,RAV4,2023.0,SUV,Petrol,2.5,45600.0,4.0,Automatic,FWD,Black
27100,Lexus,IS 300,2021.0,Sedan,Petrol,2.0,68300.0,4.0,Automatic,RWD,Black
23700,Toyota,Tundra,2016.0,Pickup,Petrol,5.7,171100.0,8.0,Automatic,AWD,White
12700,Mazda,Mazda3,2018.0,Hatchback,Petrol,2.5,133700.0,4.0,Automatic,FWD,Silver
17800,Kia,Sportage,2021.0,SUV,Petrol,2.4,71800.0,4.0,Automatic,AWD,Blue
22800,Ford,Edge,2025.0,SUV,Petrol,2.0,6500.0,4.0,Automatic,FWD,White
13600,Hyundai,Elantra,2022.0,Sedan,Petrol,2.0,51000.0,4.0,Automatic,FWD,Gray
30100,Subaru,Forester,2025.0,SUV,Petrol,2.5,11600.0,4.0,Automatic,AWD,Silver
19673,Chevrolet,Trax,2024.0,SUV,Petrol,1.2,19000.0,3.0,Automatic,FWD,Red
16900,Kia,Sportage,2021.0,SUV,Petrol,2.4,68900.0,4.0,Automatic,FWD,Gray
15400,Nissan,Frontier,2016.0,Pickup,Petrol,3.8,117300.0,6.0,Automatic,AWD,Black
19500,Ford,Fusion Hybrid,2022.0,Sedan,Hybrid,2.0,64300.0,4.0,Automatic,FWD,Blue
14600,Honda,CR-V,2018.0,SUV,Petrol,1.5,134900.0,4.0,Automatic,AWD,Gray
30200,Toyota,Prius,2023.0,Hatchback,Hybrid,1.8,37000.0,4.0,Automatic,FWD,Black
20969,Kia,K4,2024.0,Sedan,Petrol,2.0,16200.0,4.0,Automatic,FWD,White
32500,Audi,A4,2023.0,Sedan,Petrol,2.0,36800.0,4.0,Automatic,AWD,White
35200,Ford,F-150,2019.0,Pickup,Petrol,3.5,56100.0,6.0,Automatic,AWD,White
11100,Subaru,Forester,2017.0,SUV,Petrol,2.5,178500.0,4.0,Automatic,AWD,Silver
20800,Kia,Sportage,2023.0,SUV,Petrol,2.4,31500.0,4.0,Automatic,FWD,Red
37200,Toyota,Camry,2025.0,Sedan,Petrol,2.5,10700.0,4.0,Automatic,AWD,White
19877,Kia,K4,2024.0,Sedan,Petrol,2.0,13200.0,4.0,Automatic,FWD,White
32600,Honda,CR-V,2023.0,SUV,Petrol,1.5,29200.0,4.0,Automatic,AWD,Black
30700,Tesla,Model Y,2024.0,SUV,Electric,0.0,20600.0,0.0,Automatic,AWD,White
17400,Chevrolet,Trax,2023.0,SUV,Petrol,1.2,25400.0,3.0,Automatic,FWD,Silver
25200,Chevrolet,Colorado,2019.0,Pickup,Petrol,3.6,71400.0,6.0,Automatic,AWD,Blue
28400,Honda,CR-V,2022.0,SUV,Petrol,1.5,42300.0,4.0,Automatic,AWD,Blue
29400,Honda,CR-V,2022.0,SUV,Petrol,1.5,40900.0,4.0,Automatic,FWD,White
32300,Subaru,Outback,2024.0,Wagon,Petrol,2.5,11800.0,4.0,Automatic,AWD,Silver
33400,Audi,A4,2023.0,Sedan,Petrol,2.0,58200.0,4.0,Automatic,AWD,Black
16700,Nissan,Sentra,2023.0,Sedan,Petrol,2.0,40500.0,4.0,Automatic,FWD,Green
31200,Honda,CR-V,2023.0,SUV,Petrol,1.5,52000.0,4.0,Automatic,AWD,Silver
16800,Jeep,Compass,2021.0,SUV,Petrol,2.4,75100.0,4.0,Automatic,AWD,Gray
34500,Honda,CR-V,2023.0,SUV,Petrol,1.5,31200.0,4.0,Automatic,AWD,Black
20200,Ford,Edge,2023.0,SUV,Petrol,2.0,53800.0,4.0,Automatic,AWD,White
22600,Chevrolet,Trax,2025.0,SUV,Petrol,1.2,15100.0,3.0,Automatic,FWD,White
26800,Hyundai,Tucson,2023.0,SUV,Petrol,2.5,31700.0,4.0,Automatic,FWD,Gray
26200,Chevrolet,Colorado,2017.0,Pickup,Petrol,3.6,62600.0,6.0,Automatic,AWD,Silver
29000,Audi,A4,2021.0,Sedan,Petrol,2.0,61700.0,4.0,Automatic,FWD,White
31400,Toyota,Tacoma,2018.0,Pickup,Petrol,3.5,96000.0,6.0,Automatic,RWD,Gray
18600,Kia,K4,2023.0,Sedan,Petrol,2.0,25800.0,4.0,Automatic,FWD,Blue
27800,Toyota,Camry,2021.0,Sedan,Petrol,2.5,28400.0,4.0,Automatic,AWD,Black
24300,Jeep,Compass,2023.0,SUV,Petrol,2.4,8800.0,4.0,Automatic,AWD,Black
25300,Ford,Fusion Hybrid,2024.0,Sedan,Hybrid,2.0,21600.0,4.0,Automatic,FWD,Silver
29700,Toyota,Tacoma,2016.0,Pickup,Petrol,3.5,30200.0,6.0,Automatic,RWD,Blue
21200,Toyota,Camry,2020.0,Sedan,Petrol,2.5,45000.0,4.0,Automatic,FWD,Gray
17800,Toyota,RAV4,2018.0,SUV,Petrol,2.5,112300.0,4.0,Automatic,FWD,Blue
33500,Toyota,RAV4,2024.0,SUV,Petrol,2.5,4700.0,4.0,Automatic,FWD,Black
15200,Hyundai,Tucson,2018.0,SUV,Petrol,2.5,112400.0,4.0,Automatic,FWD,White
19636,Chevrolet,Trax,2025.0,SUV,Petrol,1.2,11400.0,3.0,Automatic,FWD,Gray
38700,Ford,F-150,2022.0,Pickup,Petrol,3.5,25200.0,6.0,Automatic,RWD,Black
20100,Mazda,Mazda3,2022.0,Hatchback,Petrol,2.5,45600.0,4.0,Automatic,FWD,Gray
21600,Toyota,Corolla,2023.0,Sedan,Petrol,2.0,37100.0,4.0,Automatic,FWD,White
22900,Mazda,Mazda3,2022.0,Hatchback,Petrol,2.5,28700.0,4.0,Automatic,FWD,Gray
25700,Toyota,Tacoma,2015.0,Pickup,Petrol,3.5,101900.0,6.0,Automatic,RWD,Gray
32000,Honda,CR-V,2025.0,SUV,Petrol,1.5,11300.0,4.0,Automatic,FWD,Black
31100,Tesla,Model Y,2023.0,SUV,Electric,0.0,35200.0,0.0,Automatic,RWD,Black
17500,Chevrolet,Trax,2023.0,SUV,Petrol,1.2,39200.0,3.0,Automatic,FWD,White
19100,Chevrolet,Trax,2025.0,SUV,Petrol,1.2,4000.0,3.0,Automatic,FWD,Silver
32200,Honda,CR-V,2023.0,SUV,Petrol,1.5,27600.0,4.0,Automatic,FWD,Gray
34200,Lexus,IS 300,2021.0,Sedan,Petrol,2.0,53500.0,4.0,Automatic,AWD,Black
40200,Ford,F-150,2020.0,Pickup,Petrol,3.5,49200.0,6.0,Automatic,AWD,Black
18300,Volkswagen,Jetta,2021.0,Sedan,Petrol,1.5,44800.0,4.0,Automatic,FWD,Black
34300,Toyota,Camry Hybrid,2023.0,Sedan,Hybrid,2.5,23400.0,4.0,Automatic,FWD,Blue
14200,Ford,Edge,2018.0,SUV,Petrol,2.0,54400.0,4.0,Automatic,AWD,Black
35800,Honda,CR-V,2023.0,SUV,Petrol,1.5,31000.0,4.0,Automatic,AWD,White
19114,Nissan,Sentra,2024.0,Sedan,Petrol,2.0,2700.0,4.0,Automatic,FWD,Black
24600,Chevrolet,Equinox EV,2023.0,SUV,Electric,0.0,29200.0,0.0,Automatic,FWD,Red
8900,Ford,Fusion Hybrid,2017.0,Sedan,Hybrid,2.0,141700.0,4.0,Automatic,FWD,Black
20200,Audi,A4,2017.0,Sedan,Petrol,2.0,84400.0,4.0,Automatic,AWD,Gray
19000,Kia,Sportage,2022.0,SUV,Petrol,2.4,43700.0,4.0,Automatic,AWD,Black
14100,Honda,Civic,2019.0,Sedan,Petrol,2.0,145300.0,4.0,Automatic,FWD,Red
17400,Toyota,Corolla,2024.0,Sedan,Petrol,2.0,9200.0,4.0,Automatic,FWD,White
20500,Nissan,Sentra,2025.0,Sedan,Petrol,2.0,9700.0,4.0,Automatic,FWD,Gray
33100,Lexus,IS 300,2024.0,Sedan,Petrol,2.0,14200.0,4.0,Automatic,RWD,Gray
14400,Nissan,Rogue,2019.0,SUV,Petrol,1.5,88100.0,4.0,Automatic,AWD,White
15000,Kia,Sportage,2021.0,SUV,Petrol,2.4,67300.0,4.0,Automatic,FWD,White
30600,Hyundai,Santa Fe,2023.0,SUV,Petrol,2.5,25300.0,4.0,Automatic,AWD,Blue
39900,Honda,CR-V,2025.0,SUV,Petrol,1.5,5200.0,4.0,Automatic,AWD,White
22744,Kia,K4,2025.0,Sedan,Petrol,2.0,12700.0,4.0,Automatic,FWD,Blue
23600,Toyota,Camry,2019.0,Sedan,Petrol,2.5,67000.0,4.0,Automatic,AWD,Red
23600,Toyota,Tacoma,2015.0,Pickup,Petrol,3.5,163900.0,6.0,Automatic,AWD,White
28700,Toyota,Tacoma,2017.0,Pickup,Petrol,3.5,88900.0,6.0,Automatic,RWD,White
22500,Jeep,Compass,2024.0,SUV,Petrol,2.4,31500.0,4.0,Automatic,FWD,Blue
18748,Chevrolet,Trax,2024.0,SUV,Petrol,1.2,11000.0,3.0,Automatic,FWD,Silver
26000,Nissan,Rogue,2023.0,SUV,Petrol,1.5,29500.0,4.0,Automatic,AWD,Black
18700,Volkswagen,Jetta,2021.0,Sedan,Petrol,1.5,34400.0,4.0,Automatic,FWD,Black
16000,Nissan,Rogue,2020.0,SUV,Petrol,1.5,57800.0,4.0,Automatic,AWD,Gray
31200,Subaru,Forester,2025.0,SUV,Petrol,2.5,12200.0,4.0,Automatic,AWD,Black
20500,Toyota,Corolla,2023.0,Sedan,Petrol,2.0,37700.0,4.0,Automatic,FWD,Red
30700,Tesla,Model Y,2025.0,SUV,Electric,0.0,13100.0,0.0,Automatic,AWD,White
39100,Toyota,Camry,2025.0,Sedan,Petrol,2.5,10900.0,4.0,Automatic,AWD,White
31000,Tesla,Model Y,2023.0,SUV,Electric,0.0,28200.0,0.0,Automatic,AWD,White
28500,Subaru,Forester,2023.0,SUV,Petrol,2.5,49900.0,4.0,Automatic,AWD,Silver
29000,Subaru,Outback,2023.0,Wagon,Petrol,2.5,26900.0,4.0,Automatic,AWD,Black
24100,Toyota,Camry Hybrid,2022.0,Sedan,Hybrid,2.5,58600.0,4.0,Automatic,FWD,Black
24900,Mazda,Mazda3,2023.0,Hatchback,Petrol,2.5,40100.0,4.0,Automatic,FWD,White
32200,Tesla,Model 3,2024.0,Sedan,Electric,0.0,15400.0,0.0,Automatic,AWD,Silver
18400,Honda,Civic,2019.0,Sedan,Petrol,2.0,70200.0,4.0,Automatic,FWD,White
32600,Toyota,Camry,2025.0,Sedan,Petrol,2.5,13100.0,4.0,Automatic,AWD,Silver
18400,Nissan,Rogue,2022.0,SUV,Petrol,1.5,47200.0,4.0,Automatic,AWD,Blue
28800,Tesla,Model Y,2024.0,SUV,Electric,0.0,21300.0,0.0,Automatic,RWD,Silver
26100,Toyota,Prius,2023.0,Hatchback,Hybrid,1.8,49600.0,4.0,Automatic,FWD,Gray
13700,Kia,Sportage,2019.0,SUV,Petrol,2.4,60500.0,4.0,Automatic,AWD,White
15100,Chevrolet,Colorado,2015.0,Pickup,Petrol,3.6,149600.0,6.0,Automatic,RWD,Black
26100,Hyundai,Santa Fe,2021.0,SUV,Petrol,2.5,65900.0,4.0,Automatic,AWD,Blue
11700,Ford,Edge,2017.0,SUV,Petrol,2.0,121900.0,4.0,Automatic,AWD,Brown
18200,Nissan,Sentra,2024.0,Sedan,Petrol,2.0,15900.0,4.0,Automatic,FWD,Silver
20945,Chevrolet,Trax,2024.0,SUV,Petrol,1.2,14500.0,3.0,Automatic,FWD,Black
22200,Toyota,Corolla,2025.0,Sedan,Petrol,2.0,12600.0,4.0,Automatic,FWD,Gray
34500,Mercedes-Benz,C-Class,2023.0,Sedan,Petrol,2.0,36800.0,4.0,Automatic,AWD,Black
33000,Lexus,IS 300,2021.0,Sedan,Petrol,2.0,50200.0,4.0,Automatic,AWD,Red
30600,Toyota,Tacoma,2018.0,Pickup,Petrol,3.5,74200.0,6.0,Automatic,AWD,Red
23543,Toyota,Corolla,2025.0,Sedan,Petrol,2.0,8200.0,4.0,Automatic,FWD,White
14900,Ford,Edge,2020.0,SUV,Petrol,2.0,115300.0,4.0,Automatic,FWD,Gray
25100,Honda,CR-V,2021.0,SUV,Petrol,1.5,58400.0,4.0,Automatic,FWD,White
20100,Nissan,Leaf,2025.0,Hatchback,Electric,0.0,14800.0,0.0,Automatic,FWD,Silver
23100,Toyota,Tundra,2017.0,Pickup,Petrol,5.7,185100.0,8.0,Automatic,RWD,Gray
12900,Subaru,Forester,2017.0,SUV,Petrol,2.5,159300.0,4.0,Automatic,AWD,Black
26400,Honda,Civic,2024.0,Sedan,Petrol,2.0,19100.0,4.0,Automatic,FWD,Blue
23400,Honda,Civic,2022.0,Sedan,Petrol,2.0,79200.0,4.0,Automatic,FWD,Silver
22100,Chevrolet,Trax,2024.0,SUV,Petrol,1.2,15600.0,3.0,Automatic,FWD,Black
20082,Nissan,Sentra,2024.0,Sedan,Petrol,2.0,22500.0,4.0,Automatic,FWD,Silver
34300,Toyota,Camry,2024.0,Sedan,Petrol,2.5,10100.0,4.0,Automatic,AWD,White
24200,Toyota,Camry,2021.0,Sedan,Petrol,2.5,50200.0,4.0,Automatic,FWD,White
21600,Toyota,Prius,2021.0,Hatchback,Hybrid,1.8,72700.0,4.0,Automatic,FWD,Black
18800,Chevrolet,Equinox EV,2023.0,SUV,Electric,0.0,38400.0,0.0,Automatic,FWD,Black
22000,Chevrolet,Silverado 1500,2016.0,Pickup,Petrol,5.3,118800.0,8.0,Automatic,RWD,Gray
22999,Toyota,Corolla,2025.0,Sedan,Petrol,2.0,4100.0,4.0,Automatic,FWD,Black
38500,Lexus,RX 350,2023.0,SUV,Petrol,3.5,42300.0,6.0,Automatic,FWD,Gray
21800,Kia,K4,2025.0,Sedan,Petrol,2.0,8100.0,4.0,Automatic,FWD,White
35600,Lexus,RX 350,2020.0,SUV,Petrol,3.5,69100.0,6.0,Automatic,FWD,White
21600,Chevrolet,Colorado,2018.0,Pickup,Petrol,3.6,72000.0,6.0,Automatic,AWD,White
19700,Nissan,Sentra,2024.0,Sedan,Petrol,2.0,15700.0,4.0,Automatic,FWD,Gray
16100,Ford,Edge,2021.0,SUV,Petrol,2.0,71700.0,4.0,Automatic,FWD,White
6300,Hyundai,Elantra,2017.0,Sedan,Petrol,2.0,181500.0,4.0,Automatic,FWD,Green
21300,Toyota,Tacoma,2015.0,Pickup,Petrol,3.5,168400.0,6.0,Automatic,AWD,Black
30300,Lexus,IS 300,2022.0,Sedan,Petrol,2.0,59800.0,4.0,Automatic,RWD,Gray
20324,Chevrolet,Trax,2024.0,SUV,Petrol,1.2,12700.0,3.0,Automatic,FWD,Brown
24300,Mazda,Mazda3,2023.0,Hatchback,Petrol,2.5,39400.0,4.0,Automatic,AWD,Silver
20200,Hyundai,Tucson,2020.0,SUV,Petrol,2.5,50400.0,4.0,Automatic,AWD,Black
11900,Ford,Edge,2018.0,SUV,Petrol,2.0,161100.0,4.0,Automatic,AWD,Silver
18700,Toyota,Corolla,2023.0,Sedan,Petrol,2.0,27400.0,4.0,Automatic,FWD,Black
19300,Toyota,Corolla,2022.0,Sedan,Petrol,2.0,22900.0,4.0,Automatic,FWD,Black
29000,Honda,CR-V,2022.0,SUV,Petrol,1.5,75400.0,4.0,Automatic,AWD,Black
24900,Kia,Sportage,2023.0,SUV,Petrol,2.4,29100.0,4.0,Automatic,AWD,Black
23800,Nissan,Frontier,2016.0,Pickup,Petrol,3.8,48400.0,6.0,Automatic,AWD,White
51800,Lexus,RX 350,2023.0,SUV,Petrol,3.5,29100.0,6.0,Automatic,AWD,Silver
21583,Chevrolet,Trax,2024.0,SUV,Petrol,1.2,7300.0,3.0,Automatic,FWD,White
28900,Toyota,Camry Hybrid,2022.0,Sedan,Hybrid,2.5,48600.0,4.0,Automatic,FWD,Blue
38500,Lexus,RX 350,2022.0,SUV,Petrol,3.5,65500.0,6.0,Automatic,FWD,Black
23900,Toyota,Prius,2021.0,Hatchback,Hybrid,1.8,76800.0,4.0,Automatic,AWD,White
18800,Ford,Edge,2020.0,SUV,Petrol,2.0,68400.0,4.0,Automatic,FWD,Blue
27300,Toyota,Camry Hybrid,2023.0,Sedan,Hybrid,2.5,33800.0,4.0,Automatic,FWD,White
35800,Lexus,RX 350,2021.0,SUV,Petrol,3.5,70200.0,6.0,Automatic,FWD,Red
36300,Toyota,RAV4,2025.0,SUV,Petrol,2.5,9400.0,4.0,Automatic,FWD,Black
20600,Toyota,Tacoma,2016.0,Pickup,Petrol,3.5,150800.0,6.0,Automatic,AWD,Black
18500,Nissan,Sentra,2025.0,Sedan,Petrol,2.0,7700.0,4.0,Automatic,FWD,Red
19400,Toyota,Tundra,2015.0,Pickup,Petrol,5.7,173600.0,8.0,Automatic,RWD,Black
36400,Mercedes-Benz,C-Class,2022.0,Sedan,Petrol,2.0,41000.0,4.0,Automatic,AWD,Black
17100,Kia,Sportage,2020.0,SUV,Petrol,2.4,24200.0,4.0,Automatic,AWD,Black
27600,Mazda,Mazda3,2025.0,Hatchback,Petrol,2.5,4900.0,4.0,Automatic,FWD,Gray
16700,Nissan,Leaf,2023.0,Hatchback,Electric,0.0,37000.0,0.0,Automatic,FWD,Silver
12800,Mazda,Mazda3,2017.0,Hatchback,Petrol,2.5,97500.0,4.0,Automatic,FWD,Black
21200,Honda,Civic,2022.0,Sedan,Petrol,2.0,39500.0,4.0,Automatic,FWD,White
47800,Lexus,RX 350,2023.0,SUV,Petrol,3.5,17400.0,6.0,Automatic,FWD,White
17400,Nissan,Frontier,2016.0,Pickup,Petrol,3.8,118300.0,6.0,Automatic,AWD,White
22100,Volkswagen,Jetta,2024.0,Sedan,Petrol,1.5,20500.0,4.0,Automatic,FWD,Black
18500,Jeep,Compass,2020.0,SUV,Petrol,2.4,49200.0,4.0,Automatic,FWD,Black
24800,Hyundai,Santa Fe,2022.0,SUV,Petrol,2.5,58000.0,4.0,Automatic,FWD,Gray
28900,Subaru,Forester,2023.0,SUV,Petrol,2.5,44500.0,4.0,Automatic,AWD,White
17900,Honda,Civic,2019.0,Sedan,Petrol,2.0,57900.0,4.0,Automatic,FWD,Silver
29100,Toyota,RAV4,2022.0,SUV,Petrol,2.5,57300.0,4.0,Automatic,AWD,Black
38500,BMW,3 Series,2023.0,Sedan,Petrol,2.0,33500.0,4.0,Automatic,RWD,White
13000,Subaru,Forester,2016.0,SUV,Petrol,2.5,125200.0,4.0,Automatic,AWD,Red
31600,Toyota,Tacoma,2017.0,Pickup,Petrol,3.5,52000.0,6.0,Automatic,AWD,Black
23000,Ford,Edge,2023.0,SUV,Petrol,2.0,34400.0,4.0,Automatic,AWD,White
29200,Hyundai,Ioniq 5,2025.0,SUV,Electric,0.0,15500.0,0.0,Automatic,AWD,Red
19500,Ford,Fusion Hybrid,2022.0,Sedan,Hybrid,2.0,65600.0,4.0,Automatic,FWD,Black
20800,Chevrolet,Colorado,2017.0,Pickup,Petrol,3.6,95900.0,6.0,Automatic,RWD,Gray
20600,Honda,CR-V,2020.0,SUV,Petrol,1.5,87200.0,4.0,Automatic,AWD,Gray
25700,Toyota,Tundra,2015.0,Pickup,Petrol,5.7,84900.0,8.0,Automatic,RWD,Red
16200,Toyota,RAV4,2018.0,SUV,Petrol,2.5,112100.0,4.0,Automatic,AWD,Black
22300,Honda,Civic,2021.0,Sedan,Petrol,2.0,54000.0,4.0,Automatic,FWD,Silver
18500,Honda,Civic,2021.0,Sedan,Petrol,2.0,25900.0,4.0,Automatic,FWD,Gray
21900,Toyota,Corolla,2024.0,Sedan,Petrol,2.0,16300.0,4.0,Automatic,FWD,Black
20700,Toyota,Camry,2019.0,Sedan,Petrol,2.5,80600.0,4.0,Automatic,FWD,Black
20400,Ford,Edge,2022.0,SUV,Petrol,2.0,36500.0,4.0,Automatic,FWD,Black
27400,Audi,A4,2021.0,Sedan,Petrol,2.0,37000.0,4.0,Automatic,FWD,Black
33500,Hyundai,Ioniq 5,2025.0,SUV,Electric,0.0,4100.0,0.0,Automatic,AWD,Black
40500,Toyota,Tundra,2020.0,Pickup,Petrol,5.7,67400.0,8.0,Automatic,AWD,Black
17100,Kia,Sportage,2020.0,SUV,Petrol,2.4,49000.0,4.0,Automatic,AWD,Black
23500,Mercedes-Benz,C-Class,2020.0,Sedan,Petrol,2.0,52500.0,4.0,Automatic,RWD,Gray
26500,Chevrolet,Silverado 1500,2016.0,Pickup,Petrol,5.3,93200.0,8.0,Automatic,AWD,Blue
19300,Volkswagen,Jetta,2023.0,Sedan,Petrol,1.5,44600.0,4.0,Automatic,FWD,Gray
19200,Chevrolet,Silverado 1500,2018.0,Pickup,Petrol,5.3,137000.0,8.0,Automatic,RWD,Silver
24600,Nissan,Frontier,2020.0,Pickup,Petrol,3.8,56000.0,6.0,Automatic,AWD,Silver
34300,Lexus,IS 300,2022.0,Sedan,Petrol,2.0,35200.0,4.0,Automatic,RWD,White
24700,Toyota,Camry,2022.0,Sedan,Petrol,2.5,68700.0,4.0,Automatic,AWD,Red
13500,Toyota,RAV4,2018.0,SUV,Petrol,2.5,139500.0,4.0,Automatic,FWD,Silver
18600,Kia,Sportage,2022.0,SUV,Petrol,2.4,45800.0,4.0,Automatic,AWD,Silver
35400,Toyota,Camry,2025.0,Sedan,Petrol,2.5,5300.0,4.0,Automatic,FWD,White
26200,Mercedes-Benz,C-Class,2019.0,Sedan,Petrol,2.0,73800.0,4.0,Automatic,RWD,Silver
31500,Toyota,RAV4,2023.0,SUV,Petrol,2.5,32300.0,4.0,Automatic,FWD,Blue
34800,Toyota,RAV4,2024.0,SUV,Petrol,2.5,9600.0,4.0,Automatic,FWD,Red
17600,Nissan,Leaf,2023.0,Hatchback,Electric,0.0,19800.0,0.0,Automatic,FWD,Red
28400,Toyota,Camry Hybrid,2023.0,Sedan,Hybrid,2.5,46600.0,4.0,Automatic,FWD,Black
19012,Nissan,Sentra,2024.0,Sedan,Petrol,2.0,22900.0,4.0,Automatic,FWD,Gray
20500,Kia,Sportage,2023.0,SUV,Petrol,2.4,26200.0,4.0,Automatic,FWD,Silver
30400,Toyota,Prius,2024.0,Hatchback,Hybrid,1.8,16300.0,4.0,Automatic,AWD,Silver
24400,Subaru,Forester,2022.0,SUV,Petrol,2.5,41300.0,4.0,Automatic,AWD,Red
30300,Toyota,Tundra,2016.0,Pickup,Petrol,5.7,91900.0,8.0,Automatic,RWD,White
18900,Hyundai,Santa Fe,2019.0,SUV,Petrol,2.5,56500.0,4.0,Automatic,AWD,Black
44400,BMW,3 Series,2025.0,Sedan,Petrol,2.0,10300.0,4.0,Automatic,AWD,White
26000,Toyota,Tundra,2016.0,Pickup,Petrol,5.7,151200.0,8.0,Automatic,RWD,Silver
26100,Toyota,Camry Hybrid,2021.0,Sedan,Hybrid,2.5,36400.0,4.0,Automatic,FWD,Gray
30900,Hyundai,Santa Fe,2024.0,SUV,Petrol,2.5,18200.0,4.0,Automatic,FWD,Gray
19427,Toyota,Corolla,2024.0,Sedan,Petrol,2.0,19700.0,4.0,Automatic,FWD,Silver
17000,Kia,Sportage,2020.0,SUV,Petrol,2.4,10000.0,4.0,Automatic,FWD,Gray
28100,Hyundai,Ioniq 5,2023.0,SUV,Electric,0.0,17100.0,0.0,Automatic,RWD,Black
32400,Tesla,Model 3,2023.0,Sedan,Electric,0.0,21200.0,0.0,Automatic,AWD,Blue
32100,Toyota,RAV4,2024.0,SUV,Petrol,2.5,29100.0,4.0,Automatic,AWD,Blue
19700,Jeep,Compass,2023.0,SUV,Petrol,2.4,28900.0,4.0,Automatic,FWD,Blue
17700,Kia,K4,2023.0,Sedan,Petrol,2.0,30500.0,4.0,Automatic,FWD,Black
32500,Tesla,Model 3,2024.0,Sedan,Electric,0.0,32800.0,0.0,Automatic,AWD,Red
30300,Tesla,Model 3,2025.0,Sedan,Electric,0.0,15500.0,0.0,Automatic,RWD,White
22800,Subaru,Forester,2021.0,SUV,Petrol,2.5,71900.0,4.0,Automatic,AWD,Silver
18800,Nissan,Sentra,2024.0,Sedan,Petrol,2.0,20300.0,4.0,Automatic,FWD,Gray
17700,Nissan,Sentra,2024.0,Sedan,Petrol,2.0,11100.0,4.0,Automatic,FWD,Gray
26900,Subaru,Forester,2023.0,SUV,Petrol,2.5,40000.0,4.0,Automatic,AWD,White
35400,Toyota,Prius,2024.0,Hatchback,Hybrid,1.8,13200.0,4.0,Automatic,AWD,Gray
36400,Lexus,IS 300,2023.0,Sedan,Petrol,2.0,50100.0,4.0,Automatic,AWD,White
31600,BMW,3 Series,2019.0,Sedan,Petrol,2.0,10800.0,4.0,Automatic,AWD,White
35300,Toyota,RAV4,2023.0,SUV,Petrol,2.5,49200.0,4.0,Automatic,AWD,White
9500,Hyundai,Elantra,2018.0,Sedan,Petrol,2.0,75300.0,4.0,Automatic,FWD,Black
20500,Chevrolet,Silverado 1500,2016.0,Pickup,Petrol,5.3,89500.0,8.0,Automatic,RWD,White
29500,Honda,CR-V,2022.0,SUV,Petrol,1.5,32900.0,4.0,Automatic,FWD,Gray
31000,Mazda,Mazda3,2025.0,Hatchback,Petrol,2.5,10100.0,4.0,Automatic,FWD,Black
26000,Toyota,RAV4,2021.0,SUV,Petrol,2.5,76900.0,4.0,Automatic,AWD,White
38300,Toyota,RAV4,2025.0,SUV,Petrol,2.5,12500.0,4.0,Automatic,FWD,Silver
28500,Toyota,Camry,2021.0,Sedan,Petrol,2.5,66700.0,4.0,Automatic,AWD,Silver
16000,Nissan,Sentra,2023.0,Sedan,Petrol,2.0,40600.0,4.0,Automatic,FWD,Silver
30400,Hyundai,Tucson,2025.0,SUV,Petrol,2.5,11300.0,4.0,Automatic,AWD,Gray
16800,Ford,Edge,2021.0,SUV,Petrol,2.0,83700.0,4.0,Automatic,FWD,Blue
22500,Nissan,Frontier,2017.0,Pickup,Petrol,3.8,85600.0,6.0,Automatic,AWD,Black
30300,Audi,A4,2022.0,Sedan,Petrol,2.0,58100.0,4.0,Automatic,AWD,Black
18800,Lexus,IS 300,2016.0,Sedan,Petrol,2.0,109800.0,4.0,Automatic,AWD,Red
24800,Hyundai,Tucson,2023.0,SUV,Petrol,2.5,51400.0,4.0,Automatic,AWD,Red
24700,Honda,CR-V,2020.0,SUV,Petrol,1.5,68200.0,4.0,Automatic,FWD,Red
28700,Toyota,Tacoma,2018.0,Pickup,Petrol,3.5,87100.0,6.0,Automatic,AWD,Black
14100,Nissan,Leaf,2022.0,Hatchback,Electric,0.0,54700.0,0.0,Automatic,FWD,Black
18400,Volkswagen,Jetta,2022.0,Sedan,Petrol,1.5,47300.0,4.0,Automatic,FWD,Silver
19206,Chevrolet,Trax,2024.0,SUV,Petrol,1.2,2000.0,3.0,Automatic,FWD,White
20200,BMW,3 Series,2018.0,Sedan,Petrol,2.0,88800.0,4.0,Automatic,RWD,White
15500,Chevrolet,Silverado 1500,2015.0,Pickup,Petrol,5.3,176800.0,8.0,Automatic,AWD,White
36000,Toyota,RAV4,2023.0,SUV,Petrol,2.5,33400.0,4.0,Automatic,FWD,Black
25500,Hyundai,Ioniq 5,2024.0,SUV,Electric,0.0,37000.0,0.0,Automatic,RWD,Silver
20100,Subaru,Forester,2019.0,SUV,Petrol,2.5,83400.0,4.0,Automatic,AWD,Black
16300,Ford,Edge,2020.0,SUV,Petrol,2.0,88500.0,4.0,Automatic,FWD,White
21400,Nissan,Sentra,2024.0,Sedan,Petrol,2.0,27500.0,4.0,Automatic,FWD,Silver
21800,Ford,Edge,2021.0,SUV,Petrol,2.0,52100.0,4.0,Automatic,AWD,Black
29200,Honda,CR-V,2021.0,SUV,Petrol,1.5,22300.0,4.0,Automatic,FWD,White
14000,Nissan,Rogue,2017.0,SUV,Petrol,1.5,55600.0,4.0,Automatic,AWD,Gray
30000,Toyota,Tundra,2015.0,Pickup,Petrol,5.7,96400.0,8.0,Automatic,AWD,Silver
32900,Toyota,Tacoma,2017.0,Pickup,Petrol,3.5,66900.0,6.0,Automatic,AWD,Brown
21500,Ford,Fusion Hybrid,2023.0,Sedan,Hybrid,2.0,18100.0,4.0,Automatic,FWD,White
25000,Hyundai,Santa Fe,2020.0,SUV,Petrol,2.5,49100.0,4.0,Automatic,FWD,Red
21900,Honda,Civic,2023.0,Sedan,Petrol,2.0,45900.0,4.0,Automatic,FWD,White
23100,Tesla,Model 3,2023.0,Sedan,Electric,0.0,59700.0,0.0,Automatic,RWD,Gray
36100,Toyota,RAV4,2024.0,SUV,Petrol,2.5,12900.0,4.0,Automatic,AWD,Silver
20900,Nissan,Rogue,2023.0,SUV,Petrol,1.5,22200.0,4.0,Automatic,AWD,White
33800,Tesla,Model Y,2023.0,SUV,Electric,0.0,27800.0,0.0,Automatic,AWD,Blue
22500,Mazda,Mazda3,2021.0,Hatchback,Petrol,2.5,52200.0,4.0,Automatic,AWD,Black
17900,Ford,Fusion Hybrid,2022.0,Sedan,Hybrid,2.0,52300.0,4.0,Automatic,FWD,White
21900,Toyota,RAV4,2021.0,SUV,Petrol,2.5,64700.0,4.0,Automatic,FWD,Silver
38300,Toyota,RAV4,2024.0,SUV,Petrol,2.5,14300.0,4.0,Automatic,FWD,White
15900,Subaru,Forester,2019.0,SUV,Petrol,2.5,68400.0,4.0,Automatic,AWD,Silver
23700,Chevrolet,Equinox EV,2023.0,SUV,Electric,0.0,35000.0,0.0,Automatic,AWD,Blue
18500,Kia,Sportage,2022.0,SUV,Petrol,2.4,53400.0,4.0,Automatic,FWD,White
33600,Honda,CR-V,2023.0,SUV,Petrol,1.5,37200.0,4.0,Automatic,AWD,Black
20900,Jeep,Compass,2023.0,SUV,Petrol,2.4,28900.0,4.0,Automatic,FWD,White
36000,Honda,CR-V,2024.0,SUV,Petrol,1.5,19300.0,4.0,Automatic,AWD,White
29100,BMW,3 Series,2021.0,Sedan,Petrol,2.0,58000.0,4.0,Automatic,AWD,Silver
20400,Hyundai,Elantra,2024.0,Sedan,Petrol,2.0,16800.0,4.0,Automatic,FWD,White
23600,Jeep,Compass,2023.0,SUV,Petrol,2.4,14300.0,4.0,Automatic,AWD,White
22600,Toyota,Tacoma,2015.0,Pickup,Petrol,3.5,157000.0,6.0,Automatic,RWD,Silver
18300,Volkswagen,Jetta,2023.0,Sedan,Petrol,1.5,54300.0,4.0,Automatic,FWD,Silver
18100,Ford,Fusion Hybrid,2021.0,Sedan,Hybrid,2.0,45900.0,4.0,Automatic,FWD,White
21800,Toyota,Tundra,2016.0,Pickup,Petrol,5.7,168200.0,8.0,Automatic,RWD,Blue
18900,Nissan,Sentra,2024.0,Sedan,Petrol,2.0,15400.0,4.0,Automatic,FWD,White
49700,Ford,F-150,2025.0,Pickup,Petrol,3.5,500.0,6.0,Automatic,AWD,Black
34100,Subaru,Forester,2024.0,SUV,Petrol,2.5,26400.0,4.0,Automatic,AWD,Red
33900,Audi,A4,2022.0,Sedan,Petrol,2.0,51800.0,4.0,Automatic,AWD,Blue
18300,Nissan,Leaf,2023.0,Hatchback,Electric,0.0,6500.0,0.0,Automatic,FWD,White
12300,Nissan,Frontier,2015.0,Pickup,Petrol,3.8,158900.0,6.0,Automatic,RWD,Blue
21800,Volkswagen,Jetta,2024.0,Sedan,Petrol,1.5,21700.0,4.0,Automatic,FWD,Gray
30600,Subaru,Forester,2024.0,SUV,Petrol,2.5,16300.0,4.0,Automatic,AWD,Silver
37000,Tesla,Model Y,2024.0,SUV,Electric,0.0,8800.0,0.0,Automatic,AWD,Gray
35900,Toyota,Camry,2025.0,Sedan,Petrol,2.5,500.0,4.0,Automatic,AWD,White
39100,Toyota,Tundra,2018.0,Pickup,Petrol,5.7,86800.0,8.0,Automatic,RWD,White
20000,Kia,Sportage,2024.0,SUV,Petrol,2.4,19200.0,4.0,Automatic,FWD,Silver
41900,BMW,3 Series,2025.0,Sedan,Petrol,2.0,14700.0,4.0,Automatic,AWD,White
25900,Tesla,Model 3,2023.0,Sedan,Electric,0.0,24700.0,0.0,Automatic,RWD,Blue
9300,Hyundai,Elantra,2016.0,Sedan,Petrol,2.0,70400.0,4.0,Automatic,FWD,Black
22100,Honda,Civic,2021.0,Sedan,Petrol,2.0,65600.0,4.0,Automatic,FWD,Red
24400,Hyundai,Tucson,2022.0,SUV,Petrol,2.5,37200.0,4.0,Automatic,FWD,Blue
38200,Ford,F-150,2020.0,Pickup,Petrol,3.5,45200.0,6.0,Automatic,AWD,White
42700,Toyota,Tundra,2020.0,Pickup,Petrol,5.7,57500.0,8.0,Automatic,RWD,Black
36800,Honda,CR-V,2025.0,SUV,Petrol,1.5,13000.0,4.0,Automatic,AWD,Gray
28800,Hyundai,Ioniq 5,2024.0,SUV,Electric,0.0,13300.0,0.0,Automatic,RWD,White
23700,Chevrolet,Silverado 1500,2018.0,Pickup,Petrol,5.3,113500.0,8.0,Automatic,AWD,Gray
22300,Hyundai,Tucson,2022.0,SUV,Petrol,2.5,54000.0,4.0,Automatic,AWD,White
26700,Toyota,Tacoma,2017.0,Pickup,Petrol,3.5,133500.0,6.0,Automatic,AWD,White
19800,Toyota,Tacoma,2015.0,Pickup,Petrol,3.5,135800.0,6.0,Automatic,RWD,Black
19000,Chevrolet,Trax,2023.0,SUV,Petrol,1.2,43300.0,3.0,Automatic,FWD,White
19738,Nissan,Sentra,2024.0,Sedan,Petrol,2.0,13100.0,4.0,Automatic,FWD,Silver
45900,Ford,F-150,2023.0,Pickup,Petrol,3.5,44300.0,6.0,Automatic,AWD,Green
19800,Kia,K4,2024.0,Sedan,Petrol,2.0,7100.0,4.0,Automatic,FWD,Red
31400,Subaru,Outback,2022.0,Wagon,Petrol,2.5,17700.0,4.0,Automatic,AWD,Black
18800,Kia,Sportage,2022.0,SUV,Petrol,2.4,45000.0,4.0,Automatic,FWD,White
32000,Tesla,Model 3,2025.0,Sedan,Electric,0.0,9800.0,0.0,Automatic,AWD,White
18100,Chevrolet,Colorado,2016.0,Pickup,Petrol,3.6,128700.0,6.0,Automatic,AWD,Black
21300,Ford,Edge,2024.0,SUV,Petrol,2.0,22600.0,4.0,Automatic,AWD,Blue
26900,Honda,Civic,2023.0,Sedan,Petrol,2.0,33100.0,4.0,Automatic,FWD,White
23900,Kia,Sportage,2025.0,SUV,Petrol,2.4,10700.0,4.0,Automatic,FWD,Gray
32500,Subaru,Outback,2024.0,Wagon,Petrol,2.5,14200.0,4.0,Automatic,AWD,Silver
28100,Hyundai,Santa Fe,2022.0,SUV,Petrol,2.5,49500.0,4.0,Automatic,AWD,White
20982,Toyota,Corolla,2025.0,Sedan,Petrol,2.0,17400.0,4.0,Automatic,FWD,Black
30600,Toyota,Tundra,2019.0,Pickup,Petrol,5.7,107400.0,8.0,Automatic,RWD,White
29200,Tesla,Model Y,2023.0,SUV,Electric,0.0,36200.0,0.0,Automatic,AWD,Silver
27300,Toyota,RAV4,2022.0,SUV,Petrol,2.5,60300.0,4.0,Automatic,AWD,Gray
30000,Subaru,Outback,2024.0,Wagon,Petrol,2.5,17600.0,4.0,Automatic,AWD,Gray
16600,Nissan,Frontier,2017.0,Pickup,Petrol,3.8,139300.0,6.0,Automatic,RWD,White
28400,Toyota,Prius,2022.0,Hatchback,Hybrid,1.8,24900.0,4.0,Automatic,AWD,Gray
19300,Nissan,Rogue,2023.0,SUV,Petrol,1.5,55300.0,4.0,Automatic,FWD,Gray
20618,Nissan,Sentra,2025.0,Sedan,Petrol,2.0,3400.0,4.0,Automatic,FWD,White
47200,Ford,F-150,2023.0,Pickup,Petrol,3.5,33700.0,6.0,Automatic,RWD,Blue
16200,Ford,Fusion Hybrid,2020.0,Sedan,Hybrid,2.0,74700.0,4.0,Automatic,FWD,Black
10400,Hyundai,Santa Fe,2016.0,SUV,Petrol,2.5,131300.0,4.0,Automatic,FWD,Silver
19500,Toyota,RAV4,2019.0,SUV,Petrol,2.5,89500.0,4.0,Automatic,AWD,Gray
15800,Chevrolet,Silverado 1500,2016.0,Pickup,Petrol,5.3,174100.0,8.0,Automatic,AWD,Black
21565,Nissan,Sentra,2024.0,Sedan,Petrol,2.0,11700.0,4.0,Automatic,FWD,White
19800,Kia,Sportage,2022.0,SUV,Petrol,2.4,47900.0,4.0,Automatic,AWD,Black
29200,Tesla,Model 3,2024.0,Sedan,Electric,0.0,21500.0,0.0,Automatic,AWD,White
14500,Nissan,Rogue,2020.0,SUV,Petrol,1.5,110800.0,4.0,Automatic,AWD,Gray
21500,Chevrolet,Colorado,2018.0,Pickup,Petrol,3.6,41800.0,6.0,Automatic,AWD,Red
27100,Hyundai,Santa Fe,2023.0,SUV,Petrol,2.5,6500.0,4.0,Automatic,FWD,Black
25600,Chevrolet,Silverado 1500,2018.0,Pickup,Petrol,5.3,75500.0,8.0,Automatic,AWD,Silver
31600,Subaru,Forester,2024.0,SUV,Petrol,2.5,14900.0,4.0,Automatic,AWD,Silver
20000,Kia,Sportage,2024.0,SUV,Petrol,2.4,32200.0,4.0,Automatic,FWD,White
22354,Toyota,Corolla,2025.0,Sedan,Petrol,2.0,13500.0,4.0,Automatic,FWD,Black
29000,Honda,CR-V,2023.0,SUV,Petrol,1.5,55700.0,4.0,Automatic,FWD,Silver
20600,Chevrolet,Colorado,2017.0,Pickup,Petrol,3.6,123000.0,6.0,Automatic,AWD,White
26600,Toyota,Camry Hybrid,2021.0,Sedan,Hybrid,2.5,52500.0,4.0,Automatic,FWD,White
28600,Honda,CR-V,2021.0,SUV,Petrol,1.5,51600.0,4.0,Automatic,FWD,Black
22052,Toyota,Corolla,2025.0,Sedan,Petrol,2.0,6700.0,4.0,Automatic,FWD,White
16300,Jeep,Compass,2021.0,SUV,Petrol,2.4,76800.0,4.0,Automatic,FWD,Silver
30100,Ford,Edge,2025.0,SUV,Petrol,2.0,4300.0,4.0,Automatic,FWD,White
18874,Toyota,Corolla,2025.0,Sedan,Petrol,2.0,8200.0,4.0,Automatic,FWD,White
23600,Toyota,Tacoma,2016.0,Pickup,Petrol,3.5,113500.0,6.0,Automatic,AWD,Black
13700,Chevrolet,Colorado,2015.0,Pickup,Petrol,3.6,176700.0,6.0,Automatic,RWD,White
54400,Lexus,RX 350,2024.0,SUV,Petrol,3.5,18600.0,6.0,Automatic,FWD,White
28200,Toyota,RAV4,2023.0,SUV,Petrol,2.5,37700.0,4.0,Automatic,FWD,Black
20400,Jeep,Compass,2022.0,SUV,Petrol,2.4,29400.0,4.0,Automatic,FWD,Gray
19700,Chevrolet,Colorado,2016.0,Pickup,Petrol,3.6,114300.0,6.0,Automatic,AWD,White
20711,Toyota,Corolla,2024.0,Sedan,Petrol,2.0,25300.0,4.0,Automatic,FWD,Gray
24100,Jeep,Compass,2023.0,SUV,Petrol,2.4,16400.0,4.0,Automatic,FWD,Black
17800,Volkswagen,Jetta,2022.0,Sedan,Petrol,1.5,29200.0,4.0,Automatic,FWD,Black
21300,Hyundai,Santa Fe,2019.0,SUV,Petrol,2.5,32600.0,4.0,Automatic,AWD,Black
21800,Honda,Civic,2023.0,Sedan,Petrol,2.0,52600.0,4.0,Automatic,FWD,White
28800,Toyota,RAV4,2022.0,SUV,Petrol,2.5,46900.0,4.0,Automatic,AWD,Gray
21800,Nissan,Sentra,2025.0,Sedan,Petrol,2.0,10400.0,4.0,Automatic,FWD,Blue
36700,Toyota,Tundra,2018.0,Pickup,Petrol,5.7,74800.0,8.0,Automatic,RWD,Blue
28100,Toyota,Camry,2023.0,Sedan,Petrol,2.5,35100.0,4.0,Automatic,AWD,Black
14000,Subaru,Outback,2018.0,Wagon,Petrol,2.5,110900.0,4.0,Automatic,AWD,White
20500,Toyota,Prius,2021.0,Hatchback,Hybrid,1.8,86200.0,4.0,Automatic,AWD,Blue
33100,Toyota,RAV4,2023.0,SUV,Petrol,2.5,20900.0,4.0,Automatic,FWD,Green
42200,Lexus,RX 350,2022.0,SUV,Petrol,3.5,42600.0,6.0,Automatic,AWD,White
20700,Honda,Civic,2023.0,Sedan,Petrol,2.0,42800.0,4.0,Automatic,FWD,Silver
24600,Hyundai,Ioniq 5,2022.0,SUV,Electric,0.0,45400.0,0.0,Automatic,AWD,White
22500,Ford,Edge,2023.0,SUV,Petrol,2.0,26600.0,4.0,Automatic,FWD,Green
20100,Nissan,Frontier,2018.0,Pickup,Petrol,3.8,73700.0,6.0,Automatic,RWD,Black
19785,Chevrolet,Trax,2024.0,SUV,Petrol,1.2,25800.0,3.0,Automatic,FWD,White
20400,Nissan,Rogue,2022.0,SUV,Petrol,1.5,39600.0,4.0,Automatic,AWD,Black
13700,Hyundai,Elantra,2020.0,Sedan,Petrol,2.0,45500.0,4.0,Automatic,FWD,Black
18645,Nissan,Sentra,2025.0,Sedan,Petrol,2.0,11800.0,4.0,Automatic,FWD,Black
27600,Toyota,RAV4,2021.0,SUV,Petrol,2.5,56500.0,4.0,Automatic,FWD,Blue
21476,Chevrolet,Trax,2025.0,SUV,Petrol,1.2,2900.0,3.0,Automatic,FWD,Red
26500,Mazda,Mazda3,2024.0,Hatchback,Petrol,2.5,12800.0,4.0,Automatic,AWD,Gray
32700,Toyota,RAV4,2023.0,SUV,Petrol,2.5,44700.0,4.0,Automatic,FWD,Black
34300,Toyota,Tacoma,2017.0,Pickup,Petrol,3.5,36700.0,6.0,Automatic,RWD,White
22400,Ford,Edge,2023.0,SUV,Petrol,2.0,41000.0,4.0,Automatic,FWD,Black
21600,Subaru,Forester,2020.0,SUV,Petrol,2.5,82000.0,4.0,Automatic,AWD,Gray
38900,BMW,3 Series,2024.0,Sedan,Petrol,2.0,7800.0,4.0,Automatic,AWD,Silver
18700,Kia,K4,2024.0,Sedan,Petrol,2.0,17900.0,4.0,Automatic,FWD,Silver
22300,Ford,Fusion Hybrid,2024.0,Sedan,Hybrid,2.0,16500.0,4.0,Automatic,FWD,White
20741,Chevrolet,Trax,2024.0,SUV,Petrol,1.2,31000.0,3.0,Automatic,FWD,Green
27200,Hyundai,Santa Fe,2021.0,SUV,Petrol,2.5,45000.0,4.0,Automatic,AWD,Silver
22100,Chevrolet,Silverado 1500,2018.0,Pickup,Petrol,5.3,117500.0,8.0,Automatic,AWD,Blue
20100,Ford,Edge,2022.0,SUV,Petrol,2.0,44400.0,4.0,Automatic,FWD,White
17000,Hyundai,Elantra,2023.0,Sedan,Petrol,2.0,29900.0,4.0,Automatic,FWD,Silver
31600,Toyota,RAV4,2021.0,SUV,Petrol,2.5,45500.0,4.0,Automatic,AWD,Silver
29600,Chevrolet,Equinox EV,2025.0,SUV,Electric,0.0,500.0,0.0,Automatic,AWD,Blue
13300,Nissan,Frontier,2015.0,Pickup,Petrol,3.8,167100.0,6.0,Automatic,RWD,Black
22500,Volkswagen,Jetta,2025.0,Sedan,Petrol,1.5,6700.0,4.0,Automatic,FWD,Gray
29100,Honda,Civic,2024.0,Sedan,Petrol,2.0,29300.0,4.0,Automatic,FWD,Gray
13100,Kia,Sportage,2020.0,SUV,Petrol,2.4,80000.0,4.0,Automatic,AWD,Gray
31500,Honda,CR-V,2021.0,SUV,Petrol,1.5,33300.0,4.0,Automatic,AWD,Red
36000,Honda,CR-V,2023.0,SUV,Petrol,1.5,42100.0,4.0,Automatic,AWD,Blue
42400,Lexus,RX 350,2023.0,SUV,Petrol,3.5,25400.0,6.0,Automatic,FWD,Gray
32100,Tesla,Model Y,2023.0,SUV,Electric,0.0,39400.0,0.0,Automatic,RWD,Red
12600,Ford,Edge,2018.0,SUV,Petrol,2.0,117900.0,4.0,Automatic,AWD,White
17300,Kia,Sportage,2020.0,SUV,Petrol,2.4,56000.0,4.0,Automatic,FWD,White
29800,BMW,3 Series,2022.0,Sedan,Petrol,2.0,50900.0,4.0,Automatic,AWD,Silver
15700,Kia,Sportage,2021.0,SUV,Petrol,2.4,63200.0,4.0,Automatic,FWD,Red
19900,Nissan,Frontier,2018.0,Pickup,Petrol,3.8,114900.0,6.0,Automatic,AWD,White
21200,Toyota,Corolla,2023.0,Sedan,Petrol,2.0,31100.0,4.0,Automatic,FWD,Red
19800,Jeep,Compass,2022.0,SUV,Petrol,2.4,26300.0,4.0,Automatic,FWD,White
12100,Hyundai,Elantra,2020.0,Sedan,Petrol,2.0,42500.0,4.0,Automatic,FWD,Red
34300,Toyota,Tundra,2019.0,Pickup,Petrol,5.7,106800.0,8.0,Automatic,AWD,White
22300,Nissan,Rogue,2023.0,SUV,Petrol,1.5,23500.0,4.0,Automatic,AWD,White
30500,Lexus,IS 300,2020.0,Sedan,Petrol,2.0,21100.0,4.0,Automatic,RWD,Green
18400,Nissan,Frontier,2017.0,Pickup,Petrol,3.8,118800.0,6.0,Automatic,RWD,Blue
24400,Hyundai,Ioniq 5,2022.0,SUV,Electric,0.0,22000.0,0.0,Automatic,AWD,Gray
39400,Mercedes-Benz,C-Class,2023.0,Sedan,Petrol,2.0,42600.0,4.0,Automatic,AWD,White
20600,Honda,CR-V,2019.0,SUV,Petrol,1.5,83900.0,4.0,Automatic,FWD,Red
28900,Hyundai,Santa Fe,2022.0,SUV,Petrol,2.5,37900.0,4.0,Automatic,AWD,Gray
18100,Nissan,Frontier,2017.0,Pickup,Petrol,3.8,69100.0,6.0,Automatic,RWD,Gray
33300,Honda,CR-V,2024.0,SUV,Petrol,1.5,25600.0,4.0,Automatic,AWD,Silver
27400,Hyundai,Tucson,2024.0,SUV,Petrol,2.5,22000.0,4.0,Automatic,FWD,White
25800,Hyundai,Tucson,2023.0,SUV,Petrol,2.5,10400.0,4.0,Automatic,FWD,Black
40900,Lexus,IS 300,2025.0,Sedan,Petrol,2.0,4200.0,4.0,Automatic,RWD,Silver
23300,Honda,Civic,2022.0,Sedan,Petrol,2.0,45600.0,4.0,Automatic,FWD,Black
16600,Hyundai,Elantra,2021.0,Sedan,Petrol,2.0,22200.0,4.0,Automatic,FWD,White
19900,Toyota,Camry Hybrid,2019.0,Sedan,Hybrid,2.5,129700.0,4.0,Automatic,FWD,Blue
20000,Nissan,Sentra,2024.0,Sedan,Petrol,2.0,17300.0,4.0,Automatic,FWD,White
17500,Nissan,Rogue,2021.0,SUV,Petrol,1.5,77700.0,4.0,Automatic,FWD,Black
25500,Honda,CR-V,2020.0,SUV,Petrol,1.5,53300.0,4.0,Automatic,AWD,Gray
21500,Toyota,Camry,2022.0,Sedan,Petrol,2.5,60500.0,4.0,Automatic,FWD,White
18100,Toyota,Corolla,2023.0,Sedan,Petrol,2.0,35300.0,4.0,Automatic,FWD,White
28000,Ford,Edge,2024.0,SUV,Petrol,2.0,19500.0,4.0,Automatic,AWD,Silver
25400,Honda,CR-V,2021.0,SUV,Petrol,1.5,75900.0,4.0,Automatic,FWD,Blue
17900,Jeep,Compass,2023.0,SUV,Petrol,2.4,52100.0,4.0,Automatic,FWD,Blue
19200,Kia,Sportage,2023.0,SUV,Petrol,2.4,21900.0,4.0,Automatic,FWD,Red
27800,Tesla,Model 3,2023.0,Sedan,Electric,0.0,28200.0,0.0,Automatic,RWD,Black
18800,Ford,Edge,2021.0,SUV,Petrol,2.0,89700.0,4.0,Automatic,AWD,Silver
18400,Honda,Civic,2020.0,Sedan,Petrol,2.0,82800.0,4.0,Automatic,FWD,Gray
24800,Kia,Sportage,2024.0,SUV,Petrol,2.4,24900.0,4.0,Automatic,AWD,White
34200,Ford,F-150,2020.0,Pickup,Petrol,3.5,70600.0,6.0,Automatic,RWD,Silver
13700,Volkswagen,Jetta,2021.0,Sedan,Petrol,1.5,91400.0,4.0,Automatic,FWD,Green
17900,Hyundai,Elantra,2023.0,Sedan,Petrol,2.0,16400.0,4.0,Automatic,FWD,Silver
19200,Kia,Sportage,2021.0,SUV,Petrol,2.4,43200.0,4.0,Automatic,FWD,Silver
25900,Hyundai,Tucson,2024.0,SUV,Petrol,2.5,17300.0,4.0,Automatic,AWD,Silver
12400,Nissan,Rogue,2019.0,SUV,Petrol,1.5,87700.0,4.0,Automatic,FWD,Black
18300,Toyota,Camry,2019.0,Sedan,Petrol,2.5,82200.0,4.0,Automatic,FWD,Gray
21400,Chevrolet,Equinox EV,2023.0,SUV,Electric,0.0,37200.0,0.0,Automatic,FWD,Gray
30500,Toyota,RAV4,2022.0,SUV,Petrol,2.5,53600.0,4.0,Automatic,FWD,Silver
18600,Honda,CR-V,2020.0,SUV,Petrol,1.5,78700.0,4.0,Automatic,FWD,Silver
20100,Chevrolet,Trax,2025.0,SUV,Petrol,1.2,7800.0,3.0,Automatic,FWD,White
31600,Tesla,Model 3,2025.0,Sedan,Electric,0.0,16400.0,0.0,Automatic,RWD,Gray
19063,Chevrolet,Trax,2024.0,SUV,Petrol,1.2,17000.0,3.0,Automatic,FWD,Silver
21700,Toyota,Corolla,2024.0,Sedan,Petrol,2.0,21000.0,4.0,Automatic,FWD,Blue
19567,Kia,K4,2025.0,Sedan,Petrol,2.0,1600.0,4.0,Automatic,FWD,Silver
38700,Lexus,RX 350,2022.0,SUV,Petrol,3.5,81000.0,6.0,Automatic,AWD,Silver
14000,Hyundai,Tucson,2017.0,SUV,Petrol,2.5,85700.0,4.0,Automatic,AWD,Gray
20200,Hyundai,Tucson,2022.0,SUV,Petrol,2.5,46700.0,4.0,Automatic,FWD,Black
28300,Toyota,Prius,2023.0,Hatchback,Hybrid,1.8,39700.0,4.0,Automatic,AWD,Black
24100,Honda,Civic,2023.0,Sedan,Petrol,2.0,48800.0,4.0,Automatic,FWD,Black
21969,Toyota,Corolla,2025.0,Sedan,Petrol,2.0,10200.0,4.0,Automatic,FWD,Gray
15500,Kia,Sportage,2022.0,SUV,Petrol,2.4,75500.0,4.0,Automatic,AWD,Gray
16700,Nissan,Rogue,2021.0,SUV,Petrol,1.5,75900.0,4.0,Automatic,AWD,Black
19900,Chevrolet,Silverado 1500,2018.0,Pickup,Petrol,5.3,120100.0,8.0,Automatic,RWD,Gray
22800,Toyota,Camry,2020.0,Sedan,Petrol,2.5,82700.0,4.0,Automatic,AWD,Gray
28900,Honda,CR-V,2021.0,SUV,Petrol,1.5,37100.0,4.0,Automatic,FWD,Blue
18700,Kia,K4,2023.0,Sedan,Petrol,2.0,25400.0,4.0,Automatic,FWD,White
27900,Hyundai,Tucson,2025.0,SUV,Petrol,2.5,4900.0,4.0,Automatic,FWD,Red
26000,Mazda,Mazda3,2023.0,Hatchback,Petrol,2.5,29500.0,4.0,Automatic,AWD,White
17800,Ford,Fusion Hybrid,2022.0,Sedan,Hybrid,2.0,41800.0,4.0,Automatic,FWD,Black
21300,Chevrolet,Trax,2025.0,SUV,Petrol,1.2,10900.0,3.0,Automatic,FWD,Black
24100,Honda,Civic,2023.0,Sedan,Petrol,2.0,44500.0,4.0,Automatic,FWD,Silver
20600,Kia,Sportage,2021.0,SUV,Petrol,2.4,37900.0,4.0,Automatic,AWD,Black
13100,Hyundai,Santa Fe,2016.0,SUV,Petrol,2.5,111100.0,4.0,Automatic,FWD,Black
36100,Toyota,Tacoma,2020.0,Pickup,Petrol,3.5,77000.0,6.0,Automatic,AWD,Blue
29400,Chevrolet,Colorado,2020.0,Pickup,Petrol,3.6,46700.0,6.0,Automatic,AWD,Gray
19300,Nissan,Sentra,2024.0,Sedan,Petrol,2.0,16600.0,4.0,Automatic,FWD,Black
24500,Jeep,Compass,2025.0,SUV,Petrol,2.4,6100.0,4.0,Automatic,AWD,Black
17600,Chevrolet,Silverado 1500,2016.0,Pickup,Petrol,5.3,154600.0,8.0,Automatic,AWD,White
38600,Honda,CR-V,2025.0,SUV,Petrol,1.5,4800.0,4.0,Automatic,AWD,White
51800,Ford,F-150,2025.0,Pickup,Petrol,3.5,15800.0,6.0,Automatic,RWD,Gray
25900,Toyota,Camry Hybrid,2020.0,Sedan,Hybrid,2.5,61800.0,4.0,Automatic,FWD,White
24800,Chevrolet,Equinox EV,2024.0,SUV,Electric,0.0,9000.0,0.0,Automatic,FWD,Blue
17900,Hyundai,Tucson,2021.0,SUV,Petrol,2.5,89000.0,4.0,Automatic,AWD,Silver
32300,Tesla,Model 3,2025.0,Sedan,Electric,0.0,12100.0,0.0,Automatic,RWD,White
20000,Nissan,Leaf,2024.0,Hatchback,Electric,0.0,9600.0,0.0,Automatic,FWD,Silver
28700,Toyota,RAV4,2022.0,SUV,Petrol,2.5,47300.0,4.0,Automatic,FWD,Black
25400,Toyota,RAV4,2021.0,SUV,Petrol,2.5,67300.0,4.0,Automatic,AWD,Black
19000,Nissan,Sentra,2024.0,Sedan,Petrol,2.0,24100.0,4.0,Automatic,FWD,Black
23100,Toyota,Tacoma,2015.0,Pickup,Petrol,3.5,95300.0,6.0,Automatic,RWD,Green
24700,Ford,Edge,2024.0,SUV,Petrol,2.0,5000.0,4.0,Automatic,FWD,White
26100,Tesla,Model Y,2022.0,SUV,Electric,0.0,46200.0,0.0,Automatic,AWD,White
37800,Lexus,IS 300,2023.0,Sedan,Petrol,2.0,27100.0,4.0,Automatic,AWD,Black
21000,Kia,Sportage,2022.0,SUV,Petrol,2.4,30800.0,4.0,Automatic,FWD,White
26300,Toyota,Prius,2024.0,Hatchback,Hybrid,1.8,24600.0,4.0,Automatic,AWD,Black
13100,Toyota,Prius,2016.0,Hatchback,Hybrid,1.8,90000.0,4.0,Automatic,FWD,Black
20700,Kia,Sportage,2023.0,SUV,Petrol,2.4,23100.0,4.0,Automatic,FWD,Green
19900,Nissan,Rogue,2023.0,SUV,Petrol,1.5,45100.0,4.0,Automatic,AWD,Blue
13900,Jeep,Compass,2019.0,SUV,Petrol,2.4,97700.0,4.0,Automatic,FWD,Gray
17400,Jeep,Compass,2021.0,SUV,Petrol,2.4,52100.0,4.0,Automatic,FWD,White
21475,Chevrolet,Trax,2025.0,SUV,Petrol,1.2,5400.0,3.0,Automatic,FWD,Gray
41900,Ford,F-150,2022.0,Pickup,Petrol,3.5,39900.0,6.0,Automatic,RWD,White
22376,Toyota,Corolla,2024.0,Sedan,Petrol,2.0,6400.0,4.0,Automatic,FWD,White
14400,Nissan,Leaf,2021.0,Hatchback,Electric,0.0,57800.0,0.0,Automatic,FWD,Silver
12600,Jeep,Compass,2018.0,SUV,Petrol,2.4,95700.0,4.0,Automatic,AWD,Black
11700,Jeep,Compass,2019.0,SUV,Petrol,2.4,104000.0,4.0,Automatic,FWD,White
19000,Hyundai,Elantra,2022.0,Sedan,Petrol,2.0,24200.0,4.0,Automatic,FWD,Silver
19500,Nissan,Leaf,2024.0,Hatchback,Electric,0.0,6800.0,0.0,Automatic,FWD,Silver
20100,Chevrolet,Trax,2024.0,SUV,Petrol,1.2,25100.0,3.0,Automatic,FWD,Black
22300,Honda,Civic,2022.0,Sedan,Petrol,2.0,56100.0,4.0,Automatic,FWD,Black
43000,BMW,3 Series,2025.0,Sedan,Petrol,2.0,8400.0,4.0,Automatic,AWD,Blue
21692,Kia,K4,2025.0,Sedan,Petrol,2.0,8100.0,4.0,Automatic,FWD,Black
16000,Mazda,Mazda3,2020.0,Hatchback,Petrol,2.5,101400.0,4.0,Automatic,FWD,Black
17500,Volkswagen,Jetta,2023.0,Sedan,Petrol,1.5,53800.0,4.0,Automatic,FWD,Gray
14300,Toyota,Camry Hybrid,2017.0,Sedan,Hybrid,2.5,103000.0,4.0,Automatic,FWD,Black
32300,Toyota,Prius,2023.0,Hatchback,Hybrid,1.8,25000.0,4.0,Automatic,FWD,Black
30700,Honda,Civic,2025.0,Sedan,Petrol,2.0,8500.0,4.0,Automatic,FWD,Gray
20300,Toyota,Corolla,2023.0,Sedan,Petrol,2.0,26400.0,4.0,Automatic,FWD,Gray
17100,Nissan,Rogue,2021.0,SUV,Petrol,1.5,58500.0,4.0,Automatic,FWD,Blue
16200,Audi,A4,2017.0,Sedan,Petrol,2.0,109900.0,4.0,Automatic,FWD,White
19900,Toyota,Prius,2021.0,Hatchback,Hybrid,1.8,107300.0,4.0,Automatic,FWD,Black
29100,Tesla,Model Y,2023.0,SUV,Electric,0.0,39400.0,0.0,Automatic,RWD,Silver
26700,Tesla,Model 3,2023.0,Sedan,Electric,0.0,28600.0,0.0,Automatic,AWD,White
23700,Ford,Edge,2023.0,SUV,Petrol,2.0,30900.0,4.0,Automatic,AWD,Gray
33000,Toyota,Camry Hybrid,2024.0,Sedan,Hybrid,2.5,14300.0,4.0,Automatic,FWD,Black
18500,Volkswagen,Jetta,2022.0,Sedan,Petrol,1.5,49000.0,4.0,Automatic,FWD,Gray
20100,Ford,Fusion Hybrid,2022.0,Sedan,Hybrid,2.0,48200.0,4.0,Automatic,FWD,Black
26000,Toyota,RAV4,2022.0,SUV,Petrol,2.5,52400.0,4.0,Automatic,FWD,White
12800,Volkswagen,Jetta,2019.0,Sedan,Petrol,1.5,54000.0,4.0,Automatic,FWD,Black
35300,Lexus,IS 300,2023.0,Sedan,Petrol,2.0,30600.0,4.0,Automatic,RWD,Gray
30700,Lexus,IS 300,2022.0,Sedan,Petrol,2.0,53900.0,4.0,Automatic,AWD,Silver
19200,Kia,Sportage,2022.0,SUV,Petrol,2.4,43700.0,4.0,Automatic,AWD,Gray
33000,Lexus,RX 350,2022.0,SUV,Petrol,3.5,74100.0,6.0,Automatic,FWD,Silver
17600,Nissan,Leaf,2023.0,Hatchback,Electric,0.0,38500.0,0.0,Automatic,FWD,Gray
25600,Hyundai,Tucson,2023.0,SUV,Petrol,2.5,26200.0,4.0,Automatic,AWD,Gray
26100,Hyundai,Tucson,2022.0,SUV,Petrol,2.5,33400.0,4.0,Automatic,AWD,Gray
25500,Hyundai,Santa Fe,2021.0,SUV,Petrol,2.5,71800.0,4.0,Automatic,FWD,Silver
36500,Toyota,RAV4,2024.0,SUV,Petrol,2.5,20400.0,4.0,Automatic,FWD,White
18607,Chevrolet,Trax,2024.0,SUV,Petrol,1.2,18600.0,3.0,Automatic,FWD,White
24900,BMW,3 Series,2020.0,Sedan,Petrol,2.0,104800.0,4.0,Automatic,AWD,Red
17800,Hyundai,Elantra,2023.0,Sedan,Petrol,2.0,25700.0,4.0,Automatic,FWD,Blue
20500,Jeep,Compass,2022.0,SUV,Petrol,2.4,43300.0,4.0,Automatic,FWD,Blue
13800,Nissan,Frontier,2015.0,Pickup,Petrol,3.8,144600.0,6.0,Automatic,RWD,Silver
23731,Toyota,Corolla,2024.0,Sedan,Petrol,2.0,23000.0,4.0,Automatic,FWD,Gray
18800,Kia,Sportage,2023.0,SUV,Petrol,2.4,32700.0,4.0,Automatic,FWD,White
27500,Toyota,Camry,2021.0,Sedan,Petrol,2.5,54600.0,4.0,Automatic,AWD,Red
39400,Lexus,RX 350,2022.0,SUV,Petrol,3.5,75000.0,6.0,Automatic,AWD,Gray
25100,Hyundai,Ioniq 5,2024.0,SUV,Electric,0.0,12300.0,0.0,Automatic,RWD,Black
17000,Hyundai,Elantra,2022.0,Sedan,Petrol,2.0,40800.0,4.0,Automatic,FWD,White
17000,Honda,Civic,2019.0,Sedan,Petrol,2.0,88300.0,4.0,Automatic,FWD,White
20600,Ford,Fusion Hybrid,2025.0,Sedan,Hybrid,2.0,13400.0,4.0,Automatic,FWD,White
19500,Nissan,Sentra,2023.0,Sedan,Petrol,2.0,33900.0,4.0,Automatic,FWD,Black
14600,Volkswagen,Jetta,2018.0,Sedan,Petrol,1.5,45400.0,4.0,Automatic,FWD,Gray
32400,Toyota,Camry,2024.0,Sedan,Petrol,2.5,9500.0,4.0,Automatic,FWD,Silver
9000,Kia,Sportage,2018.0,SUV,Petrol,2.4,139100.0,4.0,Automatic,FWD,Red
32100,Hyundai,Ioniq 5,2025.0,SUV,Electric,0.0,14600.0,0.0,Automatic,RWD,Gray
11500,Jeep,Compass,2017.0,SUV,Petrol,2.4,80700.0,4.0,Automatic,FWD,Black
17700,Chevrolet,Silverado 1500,2015.0,Pickup,Petrol,5.3,70700.0,8.0,Automatic,AWD,Gray
14100,Kia,Sportage,2018.0,SUV,Petrol,2.4,51200.0,4.0,Automatic,FWD,White
27600,Honda,CR-V,2022.0,SUV,Petrol,1.5,61500.0,4.0,Automatic,FWD,Black
27900,Hyundai,Ioniq 5,2024.0,SUV,Electric,0.0,10000.0,0.0,Automatic,RWD,Silver
21200,Jeep,Compass,2023.0,SUV,Petrol,2.4,30300.0,4.0,Automatic,FWD,Black
16800,Chevrolet,Colorado,2017.0,Pickup,Petrol,3.6,141200.0,6.0,Automatic,RWD,Gray
30700,Toyota,Tundra,2017.0,Pickup,Petrol,5.7,121500.0,8.0,Automatic,RWD,Gray
25300,Mazda,Mazda3,2024.0,Hatchback,Petrol,2.5,12600.0,4.0,Automatic,FWD,White
24000,Hyundai,Tucson,2023.0,SUV,Petrol,2.5,39100.0,4.0,Automatic,FWD,Black
13000,Jeep,Compass,2019.0,SUV,Petrol,2.4,94000.0,4.0,Automatic,AWD,Gray
27700,Toyota,RAV4,2022.0,SUV,Petrol,2.5,57500.0,4.0,Automatic,FWD,White
19200,Nissan,Frontier,2016.0,Pickup,Petrol,3.8,63700.0,6.0,Automatic,RWD,Gray
21800,Chevrolet,Equinox EV,2023.0,SUV,Electric,0.0,43100.0,0.0,Automatic,AWD,White
29400,Toyota,Tacoma,2018.0,Pickup,Petrol,3.5,89200.0,6.0,Automatic,RWD,White
20393,Chevrolet,Trax,2024.0,SUV,Petrol,1.2,14600.0,3.0,Automatic,FWD,White
29400,Tesla,Model Y,2024.0,SUV,Electric,0.0,14200.0,0.0,Automatic,AWD,Blue
18000,Nissan,Frontier,2016.0,Pickup,Petrol,3.8,81300.0,6.0,Automatic,RWD,White
32600,BMW,3 Series,2021.0,Sedan,Petrol,2.0,31200.0,4.0,Automatic,RWD,Black
20400,Hyundai,Elantra,2023.0,Sedan,Petrol,2.0,38500.0,4.0,Automatic,FWD,Blue
25000,Jeep,Compass,2024.0,SUV,Petrol,2.4,9800.0,4.0,Automatic,FWD,Red
12500,Hyundai,Elantra,2021.0,Sedan,Petrol,2.0,56100.0,4.0,Automatic,FWD,White
18200,Jeep,Compass,2023.0,SUV,Petrol,2.4,54000.0,4.0,Automatic,FWD,Black
34700,Toyota,Tundra,2017.0,Pickup,Petrol,5.7,93300.0,8.0,Automatic,AWD,Silver
17000,Nissan,Leaf,2024.0,Hatchback,Electric,0.0,21900.0,0.0,Automatic,FWD,Black
42900,Lexus,RX 350,2023.0,SUV,Petrol,3.5,28500.0,6.0,Automatic,FWD,Black
23700,Kia,Sportage,2025.0,SUV,Petrol,2.4,11700.0,4.0,Automatic,FWD,Gray
28900,Hyundai,Santa Fe,2021.0,SUV,Petrol,2.5,24100.0,4.0,Automatic,AWD,Gray
17100,Ford,Edge,2019.0,SUV,Petrol,2.0,52600.0,4.0,Automatic,FWD,White
13800,Jeep,Compass,2020.0,SUV,Petrol,2.4,104700.0,4.0,Automatic,FWD,Silver
27600,Honda,CR-V,2023.0,SUV,Petrol,1.5,38400.0,4.0,Automatic,FWD,Silver
28000,Hyundai,Tucson,2024.0,SUV,Petrol,2.5,14200.0,4.0,Automatic,FWD,Black
37500,Hyundai,Santa Fe,2025.0,SUV,Petrol,2.5,4000.0,4.0,Automatic,FWD,Gray
33300,Honda,CR-V,2024.0,SUV,Petrol,1.5,32000.0,4.0,Automatic,AWD,Gray
28400,Subaru,Outback,2024.0,Wagon,Petrol,2.5,23300.0,4.0,Automatic,AWD,Gray
14900,Kia,Sportage,2022.0,SUV,Petrol,2.4,68400.0,4.0,Automatic,FWD,Silver
29700,Honda,Civic,2025.0,Sedan,Petrol,2.0,4500.0,4.0,Automatic,FWD,Silver
21300,Nissan,Rogue,2023.0,SUV,Petrol,1.5,44300.0,4.0,Automatic,AWD,Blue
18200,Ford,Fusion Hybrid,2021.0,Sedan,Hybrid,2.0,67300.0,4.0,Automatic,FWD,Gray
41200,Lexus,RX 350,2022.0,SUV,Petrol,3.5,44300.0,6.0,Automatic,FWD,White
23300,Kia,K4,2025.0,Sedan,Petrol,2.0,7700.0,4.0,Automatic,FWD,Silver
39900,Lexus,IS 300,2024.0,Sedan,Petrol,2.0,23200.0,4.0,Automatic,RWD,Gray
20600,Toyota,RAV4,2018.0,SUV,Petrol,2.5,70700.0,4.0,Automatic,AWD,Gray
34800,Tesla,Model Y,2024.0,SUV,Electric,0.0,25500.0,0.0,Automatic,RWD,Gray
18600,Chevrolet,Trax,2023.0,SUV,Petrol,1.2,28900.0,3.0,Automatic,FWD,White
41600,Toyota,Tundra,2018.0,Pickup,Petrol,5.7,67600.0,8.0,Automatic,AWD,Black
19600,Tesla,Model Y,2021.0,SUV,Electric,0.0,87900.0,0.0,Automatic,AWD,White
16900,Volkswagen,Jetta,2022.0,Sedan,Petrol,1.5,48200.0,4.0,Automatic,FWD,Black
15300,Hyundai,Santa Fe,2018.0,SUV,Petrol,2.5,79100.0,4.0,Automatic,FWD,Black
23200,Kia,Sportage,2024.0,SUV,Petrol,2.4,21800.0,4.0,Automatic,AWD,White
26600,Subaru,Forester,2023.0,SUV,Petrol,2.5,40600.0,4.0,Automatic,AWD,White
17500,Hyundai,Santa Fe,2019.0,SUV,Petrol,2.5,68200.0,4.0,Automatic,FWD,Red
35400,Ford,F-150,2021.0,Pickup,Petrol,3.5,89200.0,6.0,Automatic,AWD,Black
15400,Hyundai,Tucson,2017.0,SUV,Petrol,2.5,72200.0,4.0,Automatic,AWD,Silver
32400,Toyota,RAV4,2024.0,SUV,Petrol,2.5,24400.0,4.0,Automatic,FWD,Gray
21300,Ford,Edge,2023.0,SUV,Petrol,2.0,32700.0,4.0,Automatic,FWD,Silver
27400,Tesla,Model 3,2023.0,Sedan,Electric,0.0,9700.0,0.0,Automatic,AWD,Black
32600,BMW,3 Series,2022.0,Sedan,Petrol,2.0,39100.0,4.0,Automatic,AWD,Silver
30200,Toyota,Camry,2022.0,Sedan,Petrol,2.5,36000.0,4.0,Automatic,AWD,Green
12900,Jeep,Compass,2018.0,SUV,Petrol,2.4,96100.0,4.0,Automatic,FWD,Blue
16000,Hyundai,Elantra,2022.0,Sedan,Petrol,2.0,47900.0,4.0,Automatic,FWD,White
16600,Volkswagen,Jetta,2021.0,Sedan,Petrol,1.5,73600.0,4.0,Automatic,FWD,Gray
26200,Hyundai,Santa Fe,2022.0,SUV,Petrol,2.5,56300.0,4.0,Automatic,FWD,Blue
29100,BMW,3 Series,2022.0,Sedan,Petrol,2.0,72900.0,4.0,Automatic,AWD,Blue
24300,Jeep,Compass,2024.0,SUV,Petrol,2.4,11800.0,4.0,Automatic,AWD,Red
28800,Honda,CR-V,2022.0,SUV,Petrol,1.5,28600.0,4.0,Automatic,FWD,White
19600,Chevrolet,Colorado,2018.0,Pickup,Petrol,3.6,115900.0,6.0,Automatic,RWD,Black
33100,Honda,Civic,2025.0,Sedan,Petrol,2.0,2800.0,4.0,Automatic,FWD,White
37300,Toyota,Tundra,2019.0,Pickup,Petrol,5.7,112700.0,8.0,Automatic,RWD,Black
30200,Hyundai,Tucson,2024.0,SUV,Petrol,2.5,15200.0,4.0,Automatic,FWD,White
18300,Volkswagen,Jetta,2023.0,Sedan,Petrol,1.5,45700.0,4.0,Automatic,FWD,Blue
34900,Lexus,RX 350,2019.0,SUV,Petrol,3.5,68900.0,6.0,Automatic,AWD,Gray
36800,Toyota,Camry,2024.0,Sedan,Petrol,2.5,3200.0,4.0,Automatic,FWD,White
16400,Subaru,Outback,2018.0,Wagon,Petrol,2.5,102300.0,4.0,Automatic,AWD,Red
30500,Toyota,RAV4,2022.0,SUV,Petrol,2.5,30600.0,4.0,Automatic,FWD,White
27300,Honda,Civic,2023.0,Sedan,Petrol,2.0,18700.0,4.0,Automatic,FWD,Black
26400,Toyota,Tundra,2016.0,Pickup,Petrol,5.7,146400.0,8.0,Automatic,RWD,Black
35500,Tesla,Model Y,2024.0,SUV,Electric,0.0,25000.0,0.0,Automatic,AWD,Black
40100,Mercedes-Benz,C-Class,2024.0,Sedan,Petrol,2.0,16100.0,4.0,Automatic,AWD,Silver
29100,Toyota,RAV4,2022.0,SUV,Petrol,2.5,60900.0,4.0,Automatic,FWD,White
26500,Toyota,Camry,2022.0,Sedan,Petrol,2.5,52900.0,4.0,Automatic,AWD,Silver
18300,Chevrolet,Silverado 1500,2017.0,Pickup,Petrol,5.3,161700.0,8.0,Automatic,RWD,Green
33300,Toyota,RAV4,2024.0,SUV,Petrol,2.5,24900.0,4.0,Automatic,AWD,Black
20200,Chevrolet,Trax,2025.0,SUV,Petrol,1.2,11000.0,3.0,Automatic,FWD,Blue
38100,Toyota,Camry Hybrid,2024.0,Sedan,Hybrid,2.5,11300.0,4.0,Automatic,FWD,Silver
25500,Honda,Civic,2022.0,Sedan,Petrol,2.0,38700.0,4.0,Automatic,FWD,Black
16400,Hyundai,Elantra,2022.0,Sedan,Petrol,2.0,33700.0,4.0,Automatic,FWD,Black
22451,Chevrolet,Trax,2025.0,SUV,Petrol,1.2,8100.0,3.0,Automatic,FWD,Black
18600,Hyundai,Tucson,2021.0,SUV,Petrol,2.5,70300.0,4.0,Automatic,AWD,Gray
15700,Nissan,Leaf,2023.0,Hatchback,Electric,0.0,39700.0,0.0,Automatic,FWD,Gray
33000,Toyota,RAV4,2022.0,SUV,Petrol,2.5,22100.0,4.0,Automatic,AWD,Silver
16500,Audi,A4,2017.0,Sedan,Petrol,2.0,90400.0,4.0,Automatic,AWD,Gray
21600,Chevrolet,Trax,2023.0,SUV,Petrol,1.2,24900.0,3.0,Automatic,FWD,Blue
10200,Jeep,Compass,2016.0,SUV,Petrol,2.4,70800.0,4.0,Automatic,FWD,Gray
18300,Jeep,Compass,2022.0,SUV,Petrol,2.4,51400.0,4.0,Automatic,FWD,Gray
44200,Lexus,RX 350,2021.0,SUV,Petrol,3.5,80800.0,6.0,Automatic,AWD,Gray
21200,Kia,Sportage,2022.0,SUV,Petrol,2.4,26300.0,4.0,Automatic,AWD,Blue
54500,Lexus,RX 350,2025.0,SUV,Petrol,3.5,14800.0,6.0,Automatic,AWD,White
27400,Toyota,Tacoma,2015.0,Pickup,Petrol,3.5,85200.0,6.0,Automatic,AWD,Gray
24300,Hyundai,Santa Fe,2021.0,SUV,Petrol,2.5,62600.0,4.0,Automatic,FWD,White
28200,Hyundai,Tucson,2024.0,SUV,Petrol,2.5,14600.0,4.0,Automatic,FWD,White
22200,Ford,Edge,2022.0,SUV,Petrol,2.0,49100.0,4.0,Automatic,AWD,Green
19600,Volkswagen,Jetta,2024.0,Sedan,Petrol,1.5,26500.0,4.0,Automatic,FWD,Silver
18300,Nissan,Sentra,2024.0,Sedan,Petrol,2.0,11800.0,4.0,Automatic,FWD,White
18810,Toyota,Corolla,2024.0,Sedan,Petrol,2.0,10500.0,4.0,Automatic,FWD,White
20600,Kia,Sportage,2023.0,SUV,Petrol,2.4,45100.0,4.0,Automatic,FWD,White
24900,Ford,Edge,2025.0,SUV,Petrol,2.0,8200.0,4.0,Automatic,AWD,Silver
20900,Toyota,Corolla,2024.0,Sedan,Petrol,2.0,12600.0,4.0,Automatic,FWD,Silver
19100,Nissan,Frontier,2015.0,Pickup,Petrol,3.8,51700.0,6.0,Automatic,AWD,Black
33400,Tesla,Model Y,2024.0,SUV,Electric,0.0,19800.0,0.0,Automatic,AWD,Gray
16300,Nissan,Sentra,2023.0,Sedan,Petrol,2.0,34500.0,4.0,Automatic,FWD,Gray
22100,Honda,Civic,2022.0,Sedan,Petrol,2.0,70100.0,4.0,Automatic,FWD,Silver
29200,Toyota,RAV4,2021.0,SUV,Petrol,2.5,48700.0,4.0,Automatic,AWD,White
18500,Kia,K4,2023.0,Sedan,Petrol,2.0,40200.0,4.0,Automatic,FWD,Black
19100,Toyota,Corolla,2023.0,Sedan,Petrol,2.0,52400.0,4.0,Automatic,FWD,Black
22500,Mercedes-Benz,C-Class,2019.0,Sedan,Petrol,2.0,90900.0,4.0,Automatic,AWD,Gray
14500,Ford,Edge,2019.0,SUV,Petrol,2.0,96500.0,4.0,Automatic,AWD,White
26800,Honda,CR-V,2022.0,SUV,Petrol,1.5,73800.0,4.0,Automatic,AWD,Black
21800,Nissan,Frontier,2016.0,Pickup,Petrol,3.8,61500.0,6.0,Automatic,AWD,Silver
29700,Honda,Civic,2024.0,Sedan,Petrol,2.0,8000.0,4.0,Automatic,FWD,White
13700,Nissan,Frontier,2016.0,Pickup,Petrol,3.8,146800.0,6.0,Automatic,AWD,Black
15800,Toyota,Prius,2018.0,Hatchback,Hybrid,1.8,80200.0,4.0,Automatic,FWD,Gray
20000,Kia,K4,2023.0,Sedan,Petrol,2.0,27600.0,4.0,Automatic,FWD,Black
10200,Honda,Civic,2016.0,Sedan,Petrol,2.0,152800.0,4.0,Automatic,FWD,Gray
15300,Ford,Edge,2020.0,SUV,Petrol,2.0,100500.0,4.0,Automatic,FWD,Red
22000,Chevrolet,Trax,2025.0,SUV,Petrol,1.2,7000.0,3.0,Automatic,FWD,White
22500,Kia,Sportage,2025.0,SUV,Petrol,2.4,14500.0,4.0,Automatic,AWD,Black
22100,Chevrolet,Trax,2023.0,SUV,Petrol,1.2,3100.0,3.0,Automatic,FWD,Gray
24900,Chevrolet,Equinox EV,2024.0,SUV,Electric,0.0,30200.0,0.0,Automatic,AWD,Gray
40700,Honda,CR-V,2025.0,SUV,Petrol,1.5,8600.0,4.0,Automatic,AWD,Green
24800,Toyota,Camry Hybrid,2021.0,Sedan,Hybrid,2.5,54900.0,4.0,Automatic,FWD,White
18653,Chevrolet,Trax,2025.0,SUV,Petrol,1.2,6900.0,3.0,Automatic,FWD,White
25800,Lexus,IS 300,2019.0,Sedan,Petrol,2.0,42000.0,4.0,Automatic,RWD,Red
40600,Lexus,RX 350,2022.0,SUV,Petrol,3.5,38500.0,6.0,Automatic,AWD,Silver
11700,Volkswagen,Jetta,2018.0,Sedan,Petrol,1.5,121600.0,4.0,Automatic,FWD,White
27200,Kia,Sportage,2025.0,SUV,Petrol,2.4,4700.0,4.0,Automatic,AWD,White
26100,Tesla,Model 3,2024.0,Sedan,Electric,0.0,28300.0,0.0,Automatic,AWD,White
17600,Chevrolet,Trax,2023.0,SUV,Petrol,1.2,40500.0,3.0,Automatic,FWD,Red
17000,Hyundai,Tucson,2018.0,SUV,Petrol,2.5,76000.0,4.0,Automatic,AWD,Silver
15100,Toyota,Camry Hybrid,2017.0,Sedan,Hybrid,2.5,85700.0,4.0,Automatic,FWD,Gray
34600,Honda,CR-V,2022.0,SUV,Petrol,1.5,39100.0,4.0,Automatic,AWD,Silver
25100,Tesla,Model Y,2021.0,SUV,Electric,0.0,47000.0,0.0,Automatic,AWD,White
32000,Toyota,RAV4,2024.0,SUV,Petrol,2.5,14200.0,4.0,Automatic,FWD,Gray
18000,Toyota,Corolla,2023.0,Sedan,Petrol,2.0,34900.0,4.0,Automatic,FWD,Silver
17300,BMW,3 Series,2017.0,Sedan,Petrol,2.0,103000.0,4.0,Automatic,RWD,Gray
14200,Mazda,Mazda3,2018.0,Hatchback,Petrol,2.5,55300.0,4.0,Automatic,FWD,Blue
24100,Nissan,Rogue,2023.0,SUV,Petrol,1.5,39500.0,4.0,Automatic,AWD,Black
24700,Mazda,Mazda3,2023.0,Hatchback,Petrol,2.5,31700.0,4.0,Automatic,FWD,Black
29600,Tesla,Model Y,2023.0,SUV,Electric,0.0,38600.0,0.0,Automatic,RWD,White
24300,Toyota,Camry,2021.0,Sedan,Petrol,2.5,52600.0,4.0,Automatic,AWD,Black
11900,Kia,Sportage,2019.0,SUV,Petrol,2.4,92800.0,4.0,Automatic,AWD,Gray
22500,Honda,Civic,2022.0,Sedan,Petrol,2.0,56800.0,4.0,Automatic,FWD,Gray
22000,Kia,K4,2024.0,Sedan,Petrol,2.0,6400.0,4.0,Automatic,FWD,Gray
16600,Nissan,Sentra,2023.0,Sedan,Petrol,2.0,50400.0,4.0,Automatic,FWD,Silver
23300,Nissan,Rogue,2025.0,SUV,Petrol,1.5,3500.0,4.0,Automatic,AWD,Black
12200,Kia,Sportage,2020.0,SUV,Petrol,2.4,129400.0,4.0,Automatic,AWD,Blue
30700,Tesla,Model 3,2024.0,Sedan,Electric,0.0,20200.0,0.0,Automatic,RWD,Black
25600,Chevrolet,Colorado,2020.0,Pickup,Petrol,3.6,107200.0,6.0,Automatic,AWD,Silver
21200,Honda,CR-V,2021.0,SUV,Petrol,1.5,93400.0,4.0,Automatic,FWD,Black
19300,Ford,F-150,2017.0,Pickup,Petrol,3.5,157200.0,6.0,Automatic,RWD,Red
9400,Nissan,Rogue,2018.0,SUV,Petrol,1.5,139900.0,4.0,Automatic,FWD,Gray
31700,Toyota,Camry Hybrid,2023.0,Sedan,Hybrid,2.5,30900.0,4.0,Automatic,FWD,Black
22468,Toyota,Corolla,2024.0,Sedan,Petrol,2.0,22600.0,4.0,Automatic,FWD,Silver
27900,Honda,CR-V,2021.0,SUV,Petrol,1.5,65100.0,4.0,Automatic,FWD,Black
28000,Toyota,RAV4,2023.0,SUV,Petrol,2.5,16700.0,4.0,Automatic,FWD,Black
24100,Honda,Civic,2022.0,Sedan,Petrol,2.0,46700.0,4.0,Automatic,FWD,Silver
21800,Toyota,Camry,2021.0,Sedan,Petrol,2.5,78000.0,4.0,Automatic,FWD,Silver
18100,Nissan,Leaf,2023.0,Hatchback,Electric,0.0,21600.0,0.0,Automatic,FWD,Silver
15700,Mazda,Mazda3,2020.0,Hatchback,Petrol,2.5,67700.0,4.0,Automatic,FWD,Black
22630,Toyota,Corolla,2025.0,Sedan,Petrol,2.0,5700.0,4.0,Automatic,FWD,Black
22000,Honda,Civic,2022.0,Sedan,Petrol,2.0,59800.0,4.0,Automatic,FWD,Blue
11800,Nissan,Rogue,2018.0,SUV,Petrol,1.5,84000.0,4.0,Automatic,FWD,Gray
12000,Hyundai,Elantra,2020.0,Sedan,Petrol,2.0,80200.0,4.0,Automatic,FWD,White
21400,Kia,Sportage,2022.0,SUV,Petrol,2.4,40700.0,4.0,Automatic,AWD,Silver
31000,Toyota,Camry Hybrid,2024.0,Sedan,Hybrid,2.5,10400.0,4.0,Automatic,FWD,Blue
34100,Honda,CR-V,2024.0,SUV,Petrol,1.5,19600.0,4.0,Automatic,AWD,Gray
14900,Kia,Sportage,2020.0,SUV,Petrol,2.4,44600.0,4.0,Automatic,FWD,Silver
24300,Nissan,Rogue,2024.0,SUV,Petrol,1.5,16500.0,4.0,Automatic,AWD,Black
18400,Jeep,Compass,2021.0,SUV,Petrol,2.4,70100.0,4.0,Automatic,FWD,Silver
15600,Ford,Fusion Hybrid,2019.0,Sedan,Hybrid,2.0,68500.0,4.0,Automatic,FWD,Gray
53600,Ford,F-150,2024.0,Pickup,Petrol,3.5,6800.0,6.0,Automatic,RWD,Black
22000,Hyundai,Ioniq 5,2022.0,SUV,Electric,0.0,33300.0,0.0,Automatic,AWD,Black
29700,Toyota,RAV4,2023.0,SUV,Petrol,2.5,37100.0,4.0,Automatic,AWD,Silver
24100,Chevrolet,Colorado,2020.0,Pickup,Petrol,3.6,95100.0,6.0,Automatic,RWD,White
16300,Hyundai,Tucson,2019.0,SUV,Petrol,2.5,77000.0,4.0,Automatic,FWD,White
24200,Nissan,Rogue,2024.0,SUV,Petrol,1.5,8200.0,4.0,Automatic,AWD,Black
27900,Chevrolet,Colorado,2020.0,Pickup,Petrol,3.6,50400.0,6.0,Automatic,RWD,Black
31400,Honda,CR-V,2024.0,SUV,Petrol,1.5,34900.0,4.0,Automatic,AWD,Black
12600,Hyundai,Elantra,2022.0,Sedan,Petrol,2.0,64800.0,4.0,Automatic,FWD,Silver
41500,Toyota,Tundra,2018.0,Pickup,Petrol,5.7,71500.0,8.0,Automatic,RWD,Silver
26600,Honda,CR-V,2021.0,SUV,Petrol,1.5,54500.0,4.0,Automatic,AWD,Red
16000,Nissan,Frontier,2016.0,Pickup,Petrol,3.8,105900.0,6.0,Automatic,RWD,Blue
22400,Toyota,Camry,2020.0,Sedan,Petrol,2.5,42900.0,4.0,Automatic,FWD,Brown
20700,Toyota,Corolla,2025.0,Sedan,Petrol,2.0,2700.0,4.0,Automatic,FWD,Black
39900,Tesla,Model Y,2024.0,SUV,Electric,0.0,19100.0,0.0,Automatic,AWD,Gray
36000,Toyota,Camry,2025.0,Sedan,Petrol,2.5,3900.0,4.0,Automatic,AWD,Silver
30300,Toyota,Tacoma,2020.0,Pickup,Petrol,3.5,99200.0,6.0,Automatic,RWD,Blue
27300,Ford,Edge,2024.0,SUV,Petrol,2.0,20900.0,4.0,Automatic,AWD,Red
25600,Toyota,Tundra,2016.0,Pickup,Petrol,5.7,154000.0,8.0,Automatic,RWD,Black
19184,Chevrolet,Trax,2024.0,SUV,Petrol,1.2,20900.0,3.0,Automatic,FWD,White
16300,Nissan,Leaf,2023.0,Hatchback,Electric,0.0,30300.0,0.0,Automatic,FWD,White
23800,Toyota,Tundra,2017.0,Pickup,Petrol,5.7,172600.0,8.0,Automatic,AWD,Black
21900,Chevrolet,Silverado 1500,2016.0,Pickup,Petrol,5.3,115900.0,8.0,Automatic,AWD,Black
34000,Tesla,Model Y,2025.0,SUV,Electric,0.0,12800.0,0.0,Automatic,AWD,Gray
26600,Toyota,Camry,2023.0,Sedan,Petrol,2.5,41700.0,4.0,Automatic,AWD,Gray
19600,Kia,K4,2023.0,Sedan,Petrol,2.0,46200.0,4.0,Automatic,FWD,Silver
36400,Honda,CR-V,2025.0,SUV,Petrol,1.5,9100.0,4.0,Automatic,AWD,Gray
20500,Toyota,Prius,2019.0,Hatchback,Hybrid,1.8,53200.0,4.0,Automatic,FWD,White
23500,Mazda,Mazda3,2021.0,Hatchback,Petrol,2.5,27500.0,4.0,Automatic,AWD,Blue
27700,Toyota,Tacoma,2017.0,Pickup,Petrol,3.5,100800.0,6.0,Automatic,RWD,White
28300,Toyota,Tacoma,2017.0,Pickup,Petrol,3.5,97400.0,6.0,Automatic,AWD,Black
22300,Nissan,Rogue,2023.0,SUV,Petrol,1.5,36200.0,4.0,Automatic,AWD,Silver
31700,Tesla,Model Y,2024.0,SUV,Electric,0.0,24100.0,0.0,Automatic,AWD,Blue
18400,Chevrolet,Colorado,2015.0,Pickup,Petrol,3.6,100500.0,6.0,Automatic,RWD,Blue
38100,Toyota,Tundra,2019.0,Pickup,Petrol,5.7,91300.0,8.0,Automatic,RWD,Black
24700,Jeep,Compass,2025.0,SUV,Petrol,2.4,12600.0,4.0,Automatic,FWD,Silver
28000,Ford,F-150,2019.0,Pickup,Petrol,3.5,117900.0,6.0,Automatic,AWD,Blue
28100,Mazda,Mazda3,2023.0,Hatchback,Petrol,2.5,31000.0,4.0,Automatic,AWD,White
19800,Kia,Sportage,2024.0,SUV,Petrol,2.4,18700.0,4.0,Automatic,AWD,Gray
20600,Toyota,Camry,2020.0,Sedan,Petrol,2.5,96800.0,4.0,Automatic,FWD,Blue
34200,Audi,A4,2024.0,Sedan,Petrol,2.0,15500.0,4.0,Automatic,AWD,Black
27100,Lexus,RX 350,2018.0,SUV,Petrol,3.5,99600.0,6.0,Automatic,AWD,Black
18400,Hyundai,Elantra,2024.0,Sedan,Petrol,2.0,12000.0,4.0,Automatic,FWD,White
19143,Toyota,Corolla,2025.0,Sedan,Petrol,2.0,11000.0,4.0,Automatic,FWD,White
30100,Hyundai,Ioniq 5,2024.0,SUV,Electric,0.0,18900.0,0.0,Automatic,AWD,Gray
18400,Volkswagen,Jetta,2022.0,Sedan,Petrol,1.5,49800.0,4.0,Automatic,FWD,Silver
23100,Toyota,Tacoma,2015.0,Pickup,Petrol,3.5,125800.0,6.0,Automatic,RWD,Gray
34200,Lexus,RX 350,2019.0,SUV,Petrol,3.5,76000.0,6.0,Automatic,AWD,White
22000,Toyota,Prius,2022.0,Hatchback,Hybrid,1.8,66400.0,4.0,Automatic,AWD,White
23400,Toyota,Corolla,2024.0,Sedan,Petrol,2.0,25500.0,4.0,Automatic,FWD,Silver
22300,Toyota,Camry Hybrid,2021.0,Sedan,Hybrid,2.5,77700.0,4.0,Automatic,FWD,Red
40100,BMW,3 Series,2024.0,Sedan,Petrol,2.0,19700.0,4.0,Automatic,RWD,Black
12900,Hyundai,Elantra,2021.0,Sedan,Petrol,2.0,57100.0,4.0,Automatic,FWD,Silver
24300,Toyota,Tundra,2016.0,Pickup,Petrol,5.7,152500.0,8.0,Automatic,RWD,Silver
12400,Ford,Edge,2018.0,SUV,Petrol,2.0,113700.0,4.0,Automatic,AWD,White
30400,Toyota,Tundra,2020.0,Pickup,Petrol,5.7,99800.0,8.0,Automatic,AWD,Black
28200,Hyundai,Ioniq 5,2025.0,SUV,Electric,0.0,15400.0,0.0,Automatic,AWD,White
26500,Tesla,Model 3,2024.0,Sedan,Electric,0.0,22600.0,0.0,Automatic,RWD,White
33100,Tesla,Model Y,2024.0,SUV,Electric,0.0,21300.0,0.0,Automatic,AWD,Green
15200,Hyundai,Elantra,2022.0,Sedan,Petrol,2.0,55200.0,4.0,Automatic,FWD,Gray
29000,Toyota,Prius,2023.0,Hatchback,Hybrid,1.8,28700.0,4.0,Automatic,AWD,Black
29700,Chevrolet,Equinox EV,2025.0,SUV,Electric,0.0,8600.0,0.0,Automatic,FWD,Gray
20000,Nissan,Rogue,2023.0,SUV,Petrol,1.5,41000.0,4.0,Automatic,FWD,White
11000,Nissan,Rogue,2016.0,SUV,Petrol,1.5,54300.0,4.0,Automatic,FWD,Black
11500,Jeep,Compass,2018.0,SUV,Petrol,2.4,81400.0,4.0,Automatic,FWD,Gray
20000,Nissan,Sentra,2024.0,Sedan,Petrol,2.0,9700.0,4.0,Automatic,FWD,Blue
18700,Nissan,Leaf,2025.0,Hatchback,Electric,0.0,9900.0,0.0,Automatic,FWD,Black
14600,Nissan,Sentra,2022.0,Sedan,Petrol,2.0,60500.0,4.0,Automatic,FWD,Blue
22900,Toyota,Tundra,2016.0,Pickup,Petrol,5.7,151900.0,8.0,Automatic,RWD,Silver
15500,Nissan,Leaf,2023.0,Hatchback,Electric,0.0,33200.0,0.0,Automatic,FWD,Silver
41800,Tesla,Model Y,2024.0,SUV,Electric,0.0,6400.0,0.0,Automatic,AWD,White
20400,Kia,K4,2023.0,Sedan,Petrol,2.0,23200.0,4.0,Automatic,FWD,Gray
23700,Jeep,Compass,2021.0,SUV,Petrol,2.4,11100.0,4.0,Automatic,AWD,Black
17500,Chevrolet,Trax,2023.0,SUV,Petrol,1.2,27600.0,3.0,Automatic,FWD,Blue
21400,Toyota,RAV4,2019.0,SUV,Petrol,2.5,77400.0,4.0,Automatic,AWD,Silver
32800,Lexus,RX 350,2020.0,SUV,Petrol,3.5,62700.0,6.0,Automatic,AWD,Black
22100,Hyundai,Tucson,2022.0,SUV,Petrol,2.5,50300.0,4.0,Automatic,FWD,Black
24100,Nissan,Rogue,2023.0,SUV,Petrol,1.5,28300.0,4.0,Automatic,AWD,Green
29300,Toyota,Camry Hybrid,2023.0,Sedan,Hybrid,2.5,40100.0,4.0,Automatic,FWD,Black
32600,Honda,CR-V,2025.0,SUV,Petrol,1.5,10900.0,4.0,Automatic,FWD,Gray
27100,Toyota,Prius,2022.0,Hatchback,Hybrid,1.8,39200.0,4.0,Automatic,AWD,Black
21500,Mazda,Mazda3,2022.0,Hatchback,Petrol,2.5,52600.0,4.0,Automatic,AWD,Black
25100,Hyundai,Santa Fe,2023.0,SUV,Petrol,2.5,34300.0,4.0,Automatic,AWD,Gray
20700,Jeep,Compass,2022.0,SUV,Petrol,2.4,39500.0,4.0,Automatic,FWD,Silver
19000,Ford,Edge,2022.0,SUV,Petrol,2.0,82900.0,4.0,Automatic,AWD,Red
27300,Toyota,Camry Hybrid,2022.0,Sedan,Hybrid,2.5,43100.0,4.0,Automatic,FWD,White
26900,Hyundai,Ioniq 5,2023.0,SUV,Electric,0.0,24200.0,0.0,Automatic,RWD,Gray
24400,Toyota,Tacoma,2015.0,Pickup,Petrol,3.5,107000.0,6.0,Automatic,RWD,Black
18803,Toyota,Corolla,2025.0,Sedan,Petrol,2.0,3400.0,4.0,Automatic,FWD,Black
19700,Toyota,Camry Hybrid,2020.0,Sedan,Hybrid,2.5,108500.0,4.0,Automatic,FWD,Gray
34600,Toyota,Camry,2024.0,Sedan,Petrol,2.5,16200.0,4.0,Automatic,FWD,White
22400,Toyota,Tacoma,2015.0,Pickup,Petrol,3.5,111800.0,6.0,Automatic,AWD,Blue
29100,Hyundai,Santa Fe,2024.0,SUV,Petrol,2.5,20800.0,4.0,Automatic,FWD,Silver
30800,Mazda,Mazda3,2025.0,Hatchback,Petrol,2.5,7600.0,4.0,Automatic,FWD,Black
